Gene_ID,Other_IDs
M9H77_00692,"Cro001G.11980.1.p6, Cro001G.20477.1.p1"
M9H77_00699,"Cro001G.733.1.p2, Cro001G.733.2.p1, Cro001G.736.1.p2"
M9H77_00682,"Cro001G.733.1.p2, Cro001G.733.2.p1, Cro001G.736.1.p2"
M9H77_00641,"Cro001G.16586.1.p5, Cro001G.16586.2.p5, CrChr1.2951"
M9H77_00648,"Cro001G.13140.3.p2, Cro001G.13140.5.p3, Cro001G.13140.5.p4, Cro001G.13140.6.p2, Cro001G.13141.1.p3, Cro001G.13141.1.p4, Cro001G.13141.2.p2, Cro001G.13141.3.p4, Cro001G.13141.4.p4, Cro001G.13141.9.p4, Cro001G.9158.1.p1"
M9H77_00652,Cro001G.7920.1.p1
M9H77_00653,"Cro001G.7041.1.p2, CrChr5.3303"
M9H77_00655,"Cro001G.7033.1.p1, Cro001G.7033.2.p1, Cro001G.7033.3.p1, Cro001G.7033.4.p1, Cro001G.7039.2.p1"
M9H77_00656,CrChr5.3306
M9H77_00666,"Cro001G.1862.1.p3, Cro001G.1862.5.p1, Cro001G.1866.1.p2, Cro001G.1866.2.p1, CrChr6.505"
M9H77_00674,"Cro001G.739.1.p2, Cro001G.739.2.p2, Cro001G.739.3.p2, Cro001G.739.4.p2, Cro001G.740.1.p2"
M9H77_00013,Cro001G.15750.1.p1
M9H77_00014,Cro001G.15750.1.p3
M9H77_00024,Cro001G.9348.1.p2
M9H77_00132,Cro001G.15585.1.p1
M9H77_00330,CrChr8.27
M9H77_00331,CrChr8.28
M9H77_00593,"Cro001G.9971.3.p2, Cro001G.9971.5.p2, Cro001G.9971.6.p3"
M9H77_00595,"Cro001G.9970.1.p1, CrChr3.3792"
M9H77_00596,"Cro001G.9969.2.p1, CrChr3.3793"
M9H77_00597,"CRO_T022585, Cro001G.9936.1.p1, CRO_T126709"
M9H77_00598,"CRO_T022586, Cro001G.9938.1.p1, CrChr3.3795"
M9H77_00600,"Cro001G.9933.1.p1, CrChr3.3797"
M9H77_00601,"Cro001G.9931.1.p1, CrChr3.3798"
M9H77_00602,Cro001G.9930.1.p1
M9H77_00603,"CRO_T022593, Cro001G.9929.1.p1, CRO_T126703"
M9H77_00604,"CRO_T022588, Cro001G.9928.1.p1, CrChr3.3801, CRO_T126702"
M9H77_00605,"Cro001G.9932.1.p1, Cro001G.9932.2.p1, Cro001G.9932.4.p1, Cro001G.9932.5.p1, Cro001G.9932.8.p1, Cro001G.9932.9.p1"
M9H77_00493,Cro001G.2988.1.p1
M9H77_00063,CRO_T025885
M9H77_00287,CRO_T033139
M9H77_00397,CrChr7.124
M9H77_00398,CRO_T007673
M9H77_00401,CRO_T028536
M9H77_00111,CRO_T008513
M9H77_00084,CRO_T013725
M9H77_00191,Cro001G.19611.32.p2
M9H77_00121,CRO_T012856
M9H77_00036,CRO_T116143
M9H77_00318,"CRO_T025615, CRO_T128428"
M9H77_00319,"CRO_T025617, Cro001G.14467.1.p1, CRO_T128427"
M9H77_00320,CRO_T025616
M9H77_00321,Cro001G.14466.1.p2
M9H77_00322,"Cro001G.14466.1.p1, Cro001G.14466.2.p1, Cro001G.14466.3.p1"
M9H77_00323,"Cro001G.14465.1.p1, CRO_T128425"
M9H77_00324,Cro001G.14469.1.p1
M9H77_00325,Cro001G.14470.1.p1
M9H77_00326,"CRO_T000997, Cro001G.14468.1.p1, CRO_T128422"
M9H77_00327,"CRO_T000999, CRO_T128421"
M9H77_00524,CRO_T007659
M9H77_00449,"CRO_T009310, CrChr7.976, CrChr7.978"
M9H77_00450,Cro001G.2111.19.p1
M9H77_00183,CRO_T023074
M9H77_00184,Cro001G.18670.1.p1
M9H77_00185,Cro001G.18672.1.p1
M9H77_00186,"CRO_T023077, Cro001G.18671.1.p1, CrChr7.3840, CRO_T123387"
M9H77_00188,CRO_T023079
M9H77_00467,"CRO_T024851, Cro001G.20928.1.p1, Cro001G.20928.2.p1, Cro001G.20928.3.p1, Cro001G.20928.4.p1, Cro001G.20928.5.p1, CrChr3.3669, CRO_T111410"
M9H77_00468,"Cro001G.20923.1.p1, CrChr3.3668"
M9H77_00469,"CRO_T024853, Cro001G.20924.1.p1, CrChr3.3667, CRO_T111414"
M9H77_00548,CRO_T014838
M9H77_00452,CrChr3.3314
M9H77_00454,"CRO_T003248, CrChr3.3313, CRO_T138990"
M9H77_00455,CrChr3.3312
M9H77_00470,"CRO_T018350, Cro001G.20912.1.p1, CrChr3.3681, CRO_T111397"
M9H77_00216,CRO_T019488
M9H77_00218,CRO_T019488
M9H77_00427,"Cro001G.17364.2.p1, Cro001G.17364.5.p1"
M9H77_00226,"Cro001G.13667.1.p1, CrChr3.1848"
M9H77_00211,"Cro001G.13655.1.p1, CrChr3.1822"
M9H77_00212,"CRO_T000542, CRO_T137111"
M9H77_00457,"Cro001G.20918.1.p1, CrChr3.3677"
M9H77_00458,CrChr3.3676
M9H77_00459,"CRO_T030280, Cro001G.20915.1.p1, CRO_T111403"
M9H77_00460,"Cro001G.20920.1.p1, CrChr3.3674, CRO_T111404"
M9H77_00461,"CRO_T030277, Cro001G.20913.1.p1, CrChr3.3673, CRO_T111405"
M9H77_00462,"CRO_T030281, Cro001G.20914.1.p2, CrChr3.3672"
M9H77_00463,Cro001G.20921.1.p1
M9H77_00464,"CRO_T030283, Cro001G.20922.1.p1, Cro001G.20922.2.p1, CRO_T111407"
M9H77_00498,CRO_T005407
M9H77_00499,CRO_T023209
M9H77_00500,CRO_T023208
M9H77_00230,"CRO_T005408, CRO_T125911"
M9H77_00231,"CRO_T005409, Cro001G.12.1.p1, Cro001G.12.2.p1, Cro001G.12.3.p1, Cro001G.12.4.p1, CRO_T125912"
M9H77_00233,"CRO_T005411, CRO_T125914"
M9H77_00234,CRO_T005413
M9H77_00235,CRO_T016297
M9H77_00159,CRO_T024852
M9H77_00162,"CRO_T030283, Cro001G.20922.1.p1, Cro001G.20922.2.p1, CRO_T111407"
M9H77_00164,"CRO_T030281, Cro001G.20914.1.p2, CrChr3.3672"
M9H77_00390,CRO_T002832
M9H77_00137,Cro001G.15585.1.p1
M9H77_00316,CRO_T007090
M9H77_00317,CRO_T007091
M9H77_00115,CrChr4.3559
M9H77_00423,CRO_T032449
M9H77_00087,"CRO_T003527, CRO_T127336"
M9H77_00088,"Cro001G.3000.2.p1, Cro001G.3000.3.p1"
M9H77_00089,Cro001G.3001.1.p1
M9H77_00090,CRO_T003528
M9H77_00091,Cro001G.3002.1.p1
M9H77_00093,Cro001G.3003.1.p1
M9H77_00094,Cro001G.3000.1.p1
M9H77_00095,Cro001G.3003.2.p1
M9H77_00096,CRO_T019520
M9H77_00097,CRO_T019520
M9H77_00098,CRO_T019519
M9H77_00099,"Cro001G.2992.1.p1, CRO_T130649"
M9H77_00352,CrChr8.17
M9H77_00359,CrChr8.8
M9H77_00361,"CRO_T017201, Cro001G.12935.1.p1, CrChr8.6, CRO_T124962"
M9H77_00372,"CRO_T008469, Cro001G.5545.1.p2, CRO_T127073"
M9H77_00373,"CRO_T008468, Cro001G.5544.1.p1, Cro001G.5545.1.p1, CRO_T127074"
M9H77_00374,Cro001G.5544.1.p2
M9H77_00375,"CRO_T019642, Cro001G.5548.1.p1"
M9H77_00376,"Cro001G.5547.7.p1, CRO_T127077"
M9H77_00377,"CRO_T003187, Cro001G.5547.1.p1, CRO_T127078"
M9H77_00378,"Cro001G.5547.1.p4, Cro001G.5547.2.p2, Cro001G.5547.3.p2, CRO_T127079"
M9H77_00379,"Cro001G.5542.1.p1, CRO_T127080"
M9H77_00380,"CRO_T009914, Cro001G.5539.1.p1, CRO_T127081"
M9H77_00382,"CRO_T009919, CRO_T127082"
M9H77_00383,Cro001G.5541.1.p1
M9H77_00384,Cro001G.5540.1.p1
M9H77_00385,"Cro001G.5537.1.p1, Cro001G.5537.2.p1, Cro001G.5537.3.p1, Cro001G.5537.4.p1, Cro001G.5537.5.p1, CRO_T127085"
M9H77_00386,"CRO_T011843, Cro001G.5535.1.p1, CRO_T127086"
M9H77_00387,"CRO_T011842, Cro001G.5536.1.p1, CRO_T127087"
M9H77_00388,Cro001G.5534.1.p1
M9H77_00389,Cro001G.5533.1.p1
M9H77_00066,Cro001G.14471.1.p1
M9H77_00067,Cro001G.14473.1.p1
M9H77_00069,Cro001G.14474.1.p1
M9H77_00070,Cro001G.14472.1.p1
M9H77_00071,Cro001G.14475.1.p1
M9H77_00072,"Cro001G.14476.1.p1, CRO_T125574"
M9H77_00073,"Cro001G.14477.1.p1, CRO_T125573"
M9H77_00074,Cro001G.14480.2.p2
M9H77_00075,"Cro001G.14480.1.p1, Cro001G.14480.2.p1, Cro001G.14480.3.p1, Cro001G.14480.4.p1, Cro001G.14480.5.p1"
M9H77_00076,"CRO_T015886, Cro001G.14481.1.p1, Cro001G.14481.2.p1, Cro001G.14481.3.p1, CRO_T125571"
M9H77_00079,Cro001G.14478.1.p1
M9H77_00080,"Cro001G.14479.1.p1, CRO_T125568"
M9H77_00081,"CRO_T015890, CRO_T125567"
M9H77_00082,CRO_T010979
M9H77_00083,CRO_T013651
M9H77_00337,"Cro001G.12936.1.p1, CrChr8.5"
M9H77_00338,"CRO_T017201, Cro001G.12935.1.p1, CrChr8.6, CRO_T124962"
M9H77_00341,CrChr8.9
M9H77_00343,CrChr8.11
M9H77_00346,CrChr8.16
M9H77_00347,CrChr8.17
M9H77_00350,CrChr8.21
M9H77_00244,Cro001G.5543.1.p1
M9H77_00245,Cro001G.5549.1.p1
M9H77_00246,"CRO_T025540, CRO_T126676"
M9H77_00247,"Cro001G.5555.1.p1, Cro001G.5555.2.p1, Cro001G.5555.3.p1"
M9H77_00248,CRO_T025536
M9H77_00249,CRO_T011023
M9H77_00250,"CRO_T011027, CRO_T126681"
M9H77_00252,Cro001G.5553.1.p1
M9H77_00254,"CRO_T011022, CRO_T126683"
M9H77_00255,CRO_T011025
M9H77_00256,"CRO_T011028, CRO_T126686"
M9H77_00258,Cro001G.5560.1.p1
M9H77_00102,Cro001G.3914.2.p1
M9H77_00103,Cro001G.3916.1.p1
M9H77_00364,"CRO_T003633, Cro001G.12966.1.p1, CRO_T128151"
M9H77_00052,CrChr8.46
M9H77_00053,CrChr8.47
M9H77_00054,CrChr8.48
M9H77_00055,CrChr8.49
M9H77_00056,"Cro001G.12916.2.p2, Cro001G.12916.3.p2, CRO_T119405"
M9H77_00059,CrChr8.54
M9H77_00274,"CRO_T022288, Cro001G.10775.1.p1, CRO_T125943"
M9H77_00275,"CRO_T022283, CRO_T125944"
M9H77_00276,"CRO_T022284, CRO_T125945"
M9H77_00278,"CRO_T022289, Cro001G.10780.1.p1, CRO_T125947"
M9H77_00279,"CRO_T022286, Cro001G.10778.1.p1, CRO_T125948"
M9H77_00280,Cro001G.10783.1.p1
M9H77_00281,"CRO_T022612, Cro001G.10781.1.p1, CRO_T125951"
M9H77_00282,Cro001G.10786.1.p1
M9H77_00283,"CRO_T003300, Cro001G.10785.1.p1, CRO_T125954"
M9H77_00284,CRO_T003301
M9H77_00411,CrChr8.1
M9H77_00289,"CRO_T016830, Cro001G.10788.1.p1, CRO_T124658"
M9H77_00290,Cro001G.10800.1.p1
M9H77_00291,Cro001G.10801.1.p1
M9H77_00292,"CRO_T023411, CRO_T124661"
M9H77_00293,CrChr4.3913
M9H77_00294,"CRO_T023410, Cro001G.10803.1.p2, CRO_T124664"
M9H77_00296,"CRO_T023406, CRO_T124665"
M9H77_00298,"CRO_T031085, CRO_T124667"
M9H77_00300,"CRO_T031091, CRO_T124668"
M9H77_00301,CRO_T031084
M9H77_00302,"CRO_T031083, CRO_T124669"
M9H77_00303,"CRO_T031090, Cro001G.10790.1.p1, CrChr4.3925, CRO_T124670"
M9H77_00304,CRO_T031089
M9H77_00305,"CRO_T031088, Cro001G.10792.1.p1, CRO_T124672"
M9H77_00306,"Cro001G.10793.1.p1, Cro001G.10793.2.p1"
M9H77_00307,"Cro001G.10795.1.p1, CRO_T124674"
M9H77_00308,"CRO_T031082, CRO_T124675"
M9H77_00181,CRO_T004836
M9H77_33101,Cro001G.5591.7.p1
M9H77_33123,"CRO_T002653, Cro001G.5616.1.p1, CRO_T125603"
M9H77_33126,"CRO_T002650, Cro001G.5615.3.p2, Cro001G.5615.4.p1, CrChr6.3646, CRO_T125606"
M9H77_33150,"Cro001G.5619.1.p1, CrChr6.3617"
M9H77_33151,CrChr6.3616
M9H77_33159,"CRO_T000835, Cro001G.5642.1.p1, CRO_T124913"
M9H77_33164,"CRO_T003613, Cro001G.5645.1.p1, CrChr6.3604"
M9H77_33182,"CRO_T018462, Cro001G.5656.2.p1, CrChr6.3586"
M9H77_33211,"Cro001G.5683.1.p1, CrChr6.3552"
M9H77_33213,"Cro001G.5687.1.p1, CrChr6.3550"
M9H77_33249,"CRO_T016939, Cro001G.5752.1.p2, CrChr6.3514"
M9H77_33277,"CRO_T013442, Cro001G.5774.1.p2, CrChr6.3485, CRO_T112623"
M9H77_33305,Cro001G.5736.1.p1
M9H77_33312,Cro001G.5737.1.p1
M9H77_33376,"CRO_T010349, CrChr6.3372, CRO_T110030"
M9H77_33391,"Cro001G.5833.1.p1, Cro001G.5833.2.p1, CrChr6.3359"
M9H77_33392,"CRO_T011621, Cro001G.5830.1.p1, CrChr6.3358, CRO_T110047"
M9H77_33427,Cro001G.5856.2.p1
M9H77_33450,"CRO_T017603, Cro001G.5904.1.p1, CrChr6.3295, CRO_T110106"
M9H77_33453,"CRO_T017124, Cro001G.5876.1.p1, CrChr6.3292, CRO_T110109"
M9H77_33472,Cro001G.5880.1.p1
M9H77_33481,"CRO_T005453, Cro001G.5912.1.p1, CrChr6.3263, CRO_T110340"
M9H77_33516,"Cro001G.5933.1.p1, CrChr6.3226"
M9H77_33529,"CRO_T032513, Cro001G.5941.1.p1, Cro001G.5941.2.p1, CRO_T110391"
M9H77_33544,"CRO_T001197, Cro001G.5967.1.p1, CrChr6.3198"
M9H77_33546,"CrChr6.3196, CrChr8.90"
M9H77_33563,"CRO_T020046, Cro001G.5975.1.p1, Cro001G.5975.2.p1, CrChr6.3180, CRO_T110427"
M9H77_33570,"Cro001G.5977.1.p1, CrChr6.3176"
M9H77_33577,CrChr6.3169
M9H77_33582,"Cro001G.5987.1.p1, Cro001G.5987.2.p1, CrChr6.3166"
M9H77_33590,"Cro001G.6007.2.p1, Cro001G.6007.5.p1, CrChr6.3158"
M9H77_33593,"Cro001G.5992.1.p1, CrChr6.3155"
M9H77_33606,CrChr6.3142
M9H77_33614,"CRO_T006545, CrChr6.3137, CRO_T113777"
M9H77_33630,CRO_T113790
M9H77_33634,Cro001G.6027.1.p1
M9H77_33635,"Cro001G.6028.1.p1, CrChr6.3118, CRO_T113795"
M9H77_33636,"Cro001G.6026.1.p1, CrChr6.3116"
M9H77_33643,"CRO_T002736, Cro001G.6045.1.p1, CrChr6.3112, CRO_T113803"
M9H77_33646,"CRO_T012145, CRO_T113808"
M9H77_33649,"CrChr6.3106, CRO_T113811"
M9H77_33650,"CRO_T009949, Cro001G.6038.1.p1, CrChr6.3105, CRO_T113812"
M9H77_33651,"Cro001G.6047.1.p1, CrChr6.3104"
M9H77_33652,"CRO_T028979, Cro001G.6048.1.p1, CrChr6.3103, CRO_T113814"
M9H77_33653,"CRO_T021162, Cro001G.6040.1.p1, CRO_T113816"
M9H77_33654,Cro001G.6046.1.p1
M9H77_33655,"Cro001G.6087.1.p1, CrChr6.3101"
M9H77_33664,"CRO_T022200, CRO_T113825"
M9H77_33669,Cro001G.6055.1.p1
M9H77_33676,"Cro001G.6065.1.p1, CrChr6.3085"
M9H77_33677,CRO_T013477
M9H77_33678,Cro001G.6068.1.p1
M9H77_33679,"CRO_T010697, CrChr6.3081"
M9H77_33680,Cro001G.6069.1.p1
M9H77_33682,"CRO_T026996, CRO_T113848"
M9H77_33683,"Cro001G.6066.1.p1, CrChr6.3078"
M9H77_33684,"CRO_T026999, CRO_T113850"
M9H77_33685,"Cro001G.6061.1.p1, CrChr6.3076"
M9H77_33687,"CRO_T009125, Cro001G.6064.1.p1, CrChr6.3074, CRO_T113853"
M9H77_33689,"CRO_T009127, Cro001G.6072.1.p1, CRO_T113855"
M9H77_33690,"CRO_T016468, Cro001G.6073.1.p1, CrChr6.3072, CRO_T113856"
M9H77_33691,"CRO_T016469, Cro001G.6075.1.p1, Cro001G.6075.2.p1, Cro001G.6075.3.p1, CrChr6.3071, CRO_T113857"
M9H77_33694,"Cro001G.6081.1.p1, CrChr6.3068"
M9H77_33696,"Cro001G.6082.1.p1, CrChr6.3067, CRO_T104927"
M9H77_33697,"CRO_T008493, Cro001G.6083.3.p1, Cro001G.6083.4.p1, Cro001G.6083.5.p1"
M9H77_33698,"CRO_T008495, Cro001G.6084.1.p1, CrChr6.3065, CRO_T104930"
M9H77_33700,"Cro001G.6086.2.p1, CrChr6.3063"
M9H77_33701,"Cro001G.6100.1.p1, Cro001G.6100.2.p1, Cro001G.6100.3.p1, Cro001G.6100.4.p1, CrChr6.3062"
M9H77_33702,"CRO_T002109, Cro001G.6091.1.p1, CrChr6.3061, CRO_T104935"
M9H77_33703,"CRO_T015320, CrChr6.3060, CRO_T104936"
M9H77_33714,CRO_T007780
M9H77_33721,"Cro001G.6110.4.p1, CrChr6.3039"
M9H77_33726,CRO_T018450
M9H77_33727,"CRO_T018449, Cro001G.6113.2.p1, CrChr6.3036, CRO_T104964"
M9H77_33745,"CrChr6.3019, CRO_T104982"
M9H77_33750,"CRO_T014024, Cro001G.6124.1.p1, CrChr6.3013, CRO_T104988"
M9H77_33758,"Cro001G.6132.1.p1, CrChr6.3003"
M9H77_33764,"Cro001G.6140.1.p1, Cro001G.6140.2.p1, CrChr6.2995, CRO_T105003"
M9H77_33765,"Cro001G.6139.1.p1, CrChr6.2993"
M9H77_33767,"CRO_T004136, CrChr6.2991, CRO_T105006"
M9H77_33771,"CRO_T024436, CrChr6.2988, CRO_T105011"
M9H77_33781,"CrChr6.2980, CRO_T105023"
M9H77_33790,"Cro001G.6148.1.p1, Cro001G.6148.10.p1, Cro001G.6148.11.p1, Cro001G.6148.12.p1, Cro001G.6148.13.p1, Cro001G.6148.2.p1, Cro001G.6148.3.p1, Cro001G.6148.4.p1, Cro001G.6148.5.p1, Cro001G.6148.6.p1, Cro001G.6148.7.p1, Cro001G.6148.8.p1, Cro001G.6148.9.p1"
M9H77_33791,"CRO_T024616, Cro001G.6146.1.p1, CRO_T105034"
M9H77_33793,"CRO_T014119, Cro001G.6162.1.p1, CrChr6.2966, CRO_T105036"
M9H77_33795,"CRO_T006454, CRO_T105038"
M9H77_33796,"CRO_T006453, Cro001G.6165.1.p1, Cro001G.6165.2.p1, CrChr6.2963, CRO_T105039"
M9H77_33799,Cro001G.6177.2.p1
M9H77_33802,CRO_T033420
M9H77_33803,CRO_T105048
M9H77_33806,Cro001G.6169.1.p1
M9H77_33807,Cro001G.6170.1.p1
M9H77_33808,Cro001G.6174.5.p1
M9H77_33809,"CRO_T032174, CRO_T105054"
M9H77_33811,CRO_T105056
M9H77_33813,Cro001G.6182.1.p1
M9H77_33814,CRO_T032173
M9H77_33815,"CRO_T008045, CrChr6.2949, CRO_T105058"
M9H77_33816,Cro001G.6184.1.p1
M9H77_33820,"CRO_T008049, CRO_T105061"
M9H77_33821,"CRO_T008047, Cro001G.6183.1.p1, Cro001G.6183.2.p1, Cro001G.6183.3.p1, Cro001G.6183.4.p2, Cro001G.6183.5.p1, CrChr6.2946, CRO_T105062"
M9H77_33822,"Cro001G.6180.1.p1, CrChr6.2945"
M9H77_33824,"Cro001G.6181.1.p1, CrChr6.2944"
M9H77_33825,"Cro001G.6186.1.p1, CrChr6.2943"
M9H77_33826,CRO_T021361
M9H77_33829,"Cro001G.6188.1.p1, CrChr6.2942"
M9H77_33830,"CRO_T024268, Cro001G.6190.1.p1, CrChr6.2940, CRO_T105071"
M9H77_33831,"Cro001G.6191.1.p1, CrChr6.2939"
M9H77_33832,"CRO_T023254, Cro001G.6192.1.p1, CrChr6.2938, CRO_T105074"
M9H77_33833,"Cro001G.6193.1.p1, Cro001G.6193.2.p1"
M9H77_33835,"Cro001G.6197.1.p1, Cro001G.6197.2.p1"
M9H77_33838,"CRO_T025189, CrChr6.2932"
M9H77_33841,"Cro001G.6200.1.p1, CrChr6.2930, CRO_T105084"
M9H77_33844,"Cro001G.6201.1.p1, Cro001G.6201.2.p1"
M9H77_33846,"Cro001G.6206.1.p1, Cro001G.6206.2.p1, CrChr6.2927, CRO_T105089"
M9H77_33847,"CRO_T007782, Cro001G.6208.1.p1, CrChr6.2925, CRO_T105093"
M9H77_33849,"CRO_T007781, Cro001G.6204.1.p1, CrChr6.2926, CRO_T105091"
M9H77_33850,"Cro001G.6206.1.p1, Cro001G.6206.2.p1, CrChr6.2927, CRO_T105089"
M9H77_33852,"CRO_T024720, CrChr6.2922, CRO_T112954"
M9H77_33853,"CRO_T018638, Cro001G.6213.1.p1, CrChr6.2921, CRO_T112955"
M9H77_33857,"CRO_T018437, CRO_T112961"
M9H77_33859,CRO_T018438
M9H77_33860,"Cro001G.6216.1.p1, CrChr6.2914, CRO_T112964"
M9H77_33864,"CRO_T017149, Cro001G.6237.1.p1, CrChr6.2912, CRO_T112966"
M9H77_33881,"CRO_T013960, Cro001G.6230.1.p1, CrChr6.2896, CRO_T112985"
M9H77_33883,"CRO_T005167, Cro001G.6231.1.p1, CrChr6.2894, CRO_T112987"
M9H77_33884,"Cro001G.6234.1.p1, CrChr6.2893"
M9H77_33892,"CRO_T010473, Cro001G.6256.1.p1, CrChr6.2887, CRO_T112995"
M9H77_33893,"CRO_T010471, Cro001G.6257.1.p1"
M9H77_33894,CRO_T010474
M9H77_33895,"Cro001G.6255.5.p1, CrChr6.2885"
M9H77_33896,"CRO_T020061, CrChr6.2884, CRO_T112999"
M9H77_33897,"CRO_T020062, CrChr6.2883, CRO_T113000"
M9H77_33898,"Cro001G.6258.1.p1, CrChr6.2882"
M9H77_33899,"Cro001G.6241.1.p1, Cro001G.6241.2.p1, CrChr6.2881, CRO_T113002"
M9H77_33900,"CRO_T022115, CRO_T113003"
M9H77_33901,"CRO_T022114, Cro001G.6242.1.p1, CrChr6.2880, CRO_T113004"
M9H77_33902,"CRO_T022113, CRO_T113005"
M9H77_33904,CRO_T022111
M9H77_33905,CRO_T031521
M9H77_33906,CRO_T002845
M9H77_33907,CrChr6.2875
M9H77_33908,CrChr6.2874
M9H77_33910,"CRO_T009208, Cro001G.6250.1.p1, CrChr6.2872, CRO_T113014"
M9H77_33911,CRO_T003671
M9H77_33913,"CRO_T012629, Cro001G.6251.1.p1, CrChr6.2871, CRO_T113017"
M9H77_33914,CRO_T012630
M9H77_33916,"CRO_T013649, Cro001G.6270.1.p1, CRO_T113020"
M9H77_33917,CRO_T013650
M9H77_33918,CRO_T015809
M9H77_33919,CRO_T015807
M9H77_33920,"CRO_T031535, Cro001G.6272.1.p1, CrChr6.2864, CRO_T113024"
M9H77_33921,CRO_T007905
M9H77_33922,CRO_T007904
M9H77_33923,"CRO_T007898, CRO_T113027"
M9H77_33925,CRO_T007901
M9H77_33926,"CRO_T007907, CRO_T113030"
M9H77_33928,CRO_T007906
M9H77_33929,Cro001G.6271.10.p1
M9H77_33930,"Cro001G.6259.1.p1, CrChr6.2860, CRO_T113033"
M9H77_33931,CRO_T025787
M9H77_33932,"Cro001G.6260.1.p1, CrChr6.2859"
M9H77_33933,"CRO_T000971, CRO_T113035"
M9H77_33934,"CRO_T005457, Cro001G.6266.1.p2, CrChr6.2857, CRO_T113036, CRO_T113038"
M9H77_33935,"CRO_T005460, CRO_T113039"
M9H77_33936,CRO_T005459
M9H77_33937,"Cro001G.6268.1.p1, CrChr6.2853, CRO_T113042"
M9H77_33938,CRO_T000772
M9H77_33940,CRO_T000773
M9H77_33941,"CRO_T000767, CRO_T113048"
M9H77_33949,"CRO_T025484, Cro001G.6277.1.p2"
M9H77_33950,"Cro001G.6275.1.p1, CrChr6.2845"
M9H77_33952,"CRO_T020910, Cro001G.6274.1.p1, CRO_T113063"
M9H77_33953,CrChr6.2842
M9H77_33954,"Cro001G.6280.1.p1, Cro001G.6280.3.p1, Cro001G.6280.5.p1"
M9H77_33955,Cro001G.6279.1.p1
M9H77_33957,CRO_T021849
M9H77_33958,"CRO_T008408, CrChr6.2838, CRO_T113068"
M9H77_33961,CRO_T113071
M9H77_33962,CRO_T020733
M9H77_33964,"CRO_T017824, CRO_T113073"
M9H77_33965,"CRO_T017514, Cro001G.6278.1.p1, CrChr6.2834, CRO_T113075"
M9H77_33968,"CRO_T028962, CRO_T113077"
M9H77_33969,CRO_T028963
M9H77_33972,"Cro001G.6282.1.p1, Cro001G.6282.2.p1"
M9H77_33973,"CRO_T018566, CrChr6.2829, CRO_T113082"
M9H77_33975,CRO_T113083
M9H77_33976,CrChr6.2825
M9H77_33978,CRO_T027505
M9H77_33979,"Cro001G.6287.1.p1, CrChr6.2822, CRO_T113091"
M9H77_33980,"Cro001G.6284.1.p1, CrChr6.2821, CRO_T113092"
M9H77_33986,Cro001G.6291.1.p1
M9H77_33988,"Cro001G.6292.1.p1, CrChr6.2814, CRO_T113097"
M9H77_33989,CRO_T002020
M9H77_33991,"CRO_T002016, Cro001G.6293.1.p1, CrChr6.2811, CRO_T113100"
M9H77_33992,"CRO_T002019, Cro001G.6296.1.p1, Cro001G.6296.2.p1, CrChr6.2810, CRO_T113101"
M9H77_33994,CRO_T029154
M9H77_33995,"CRO_T029153, Cro001G.6300.1.p1, Cro001G.6300.2.p1, Cro001G.6300.3.p2, Cro001G.6300.4.p1, Cro001G.6300.5.p1, CrChr6.2807, CRO_T113105"
M9H77_34002,"Cro001G.6307.2.p1, CrChr6.2803"
M9H77_34004,"Cro001G.6306.1.p1, CrChr6.2801, CRO_T113116"
M9H77_34007,CRO_T015464
M9H77_34012,"CRO_T025217, Cro001G.6310.1.p1, CrChr6.2795, CRO_T113122"
M9H77_34024,"Cro001G.6316.1.p1, CrChr6.2787"
M9H77_34025,"CRO_T022788, CRO_T113139"
M9H77_34028,Cro001G.6320.1.p1
M9H77_34038,"CRO_T027234, Cro001G.6322.3.p1, CrChr6.2776, CRO_T113154"
M9H77_34043,"CRO_T031512, Cro001G.6326.1.p1, CrChr6.2774, CRO_T113160"
M9H77_34044,"CRO_T009779, CRO_T113161"
M9H77_34050,"Cro001G.6331.1.p1, CrChr6.2770, CRO_T113168"
M9H77_34052,"CRO_T019494, CrChr6.2768, CRO_T113170"
M9H77_34053,Cro001G.6328.1.p1
M9H77_34063,"CRO_T011146, Cro001G.6334.1.p1, CRO_T113182"
M9H77_34068,"CRO_T002784, Cro001G.6336.1.p1, CrChr6.2756, CRO_T113186"
M9H77_34069,CrChr6.2755
M9H77_34076,"Cro001G.6340.1.p1, Cro001G.6340.2.p1, CrChr6.2754"
M9H77_34077,"CRO_T001331, Cro001G.6338.1.p1, CrChr6.2753, CRO_T113191"
M9H77_34078,CRO_T001332
M9H77_34083,"Cro001G.6344.1.p1, CrChr6.2748"
M9H77_34085,Cro001G.6348.2.p1
M9H77_34089,"CRO_T026425, Cro001G.6353.1.p2, CrChr6.2744, CRO_T113207"
M9H77_34091,"Cro001G.6355.1.p1, CrChr6.2742, CRO_T113210"
M9H77_34092,"CRO_T021197, CRO_T113213"
M9H77_34093,"CRO_T030883, Cro001G.6356.1.p1, CRO_T113216"
M9H77_34094,"CRO_T030884, CrChr6.2737, CRO_T113217"
M9H77_34098,"Cro001G.6354.1.p1, CrChr6.2732"
M9H77_34100,"Cro001G.6351.1.p1, CrChr6.2731, CRO_T113224"
M9H77_34106,"CRO_T027520, CrChr6.2724, CRO_T113232"
M9H77_34109,"CRO_T006185, CrChr6.2719, CRO_T113234"
M9H77_34110,CRO_T006186
M9H77_34111,"Cro001G.6366.1.p1, Cro001G.6366.2.p1, Cro001G.6366.3.p1, Cro001G.6366.4.p1, CrChr6.2717"
M9H77_34112,"CRO_T006182, Cro001G.6365.1.p1, CrChr6.2716, CRO_T113237"
M9H77_34119,CRO_T015140
M9H77_34121,CRO_T016229
M9H77_34122,CRO_T016228
M9H77_34131,CRO_T025336
M9H77_34133,"CRO_T009589, CrChr6.2701"
M9H77_34135,"CRO_T009595, CRO_T113253"
M9H77_34149,"CRO_T021666, CRO_T113268"
M9H77_34152,"CRO_T032805, Cro001G.6375.1.p1, Cro001G.6375.2.p1, CrChr6.2688, CRO_T113270"
M9H77_34153,"Cro001G.6381.1.p1, Cro001G.6381.2.p1, CrChr6.2687, CRO_T113271"
M9H77_34154,CRO_T030735
M9H77_34155,Cro001G.6382.1.p1
M9H77_34156,"CRO_T030732, Cro001G.6380.1.p1, Cro001G.6380.2.p1, CrChr6.2685, CRO_T113273"
M9H77_34158,"CRO_T030733, CRO_T113274"
M9H77_34159,CrChr6.2684
M9H77_34163,"Cro001G.6384.1.p1, CrChr6.2680"
M9H77_34168,"CRO_T012772, CRO_T113283"
M9H77_34169,"Cro001G.6385.1.p1, CrChr6.2676, CRO_T113284"
M9H77_34171,Cro001G.6386.1.p1
M9H77_34172,CRO_T019020
M9H77_34178,CRO_T019112
M9H77_34179,"CRO_T019111, CrChr6.2670, CRO_T106122"
M9H77_34181,"CRO_T029722, CrChr6.2667, CRO_T106126"
M9H77_34183,"Cro001G.6393.1.p1, CrChr6.2666, CRO_T106129"
M9H77_34186,Cro001G.6395.2.p1
M9H77_34188,"CRO_T013528, CrChr6.2660, CRO_T106134"
M9H77_34189,Cro001G.6400.1.p1
M9H77_34190,"Cro001G.6401.1.p1, CrChr6.2658"
M9H77_34193,"CRO_T013525, CrChr6.2656, CRO_T106139"
M9H77_34194,Cro001G.6398.1.p1
M9H77_34195,Cro001G.6402.1.p1
M9H77_34200,CRO_T010779
M9H77_34207,CRO_T001536
M9H77_34209,"CRO_T026792, Cro001G.6405.1.p1, CrChr6.2636"
M9H77_34211,"CRO_T026790, Cro001G.6406.1.p1, CRO_T107296"
M9H77_34212,"CRO_T026789, Cro001G.6408.1.p1, CRO_T107295"
M9H77_34214,"CRO_T026788, Cro001G.6411.1.p1, CRO_T107294"
M9H77_34215,"CRO_T026787, Cro001G.6412.1.p1, CRO_T107293"
M9H77_34217,"CRO_T006199, Cro001G.6410.1.p1, CRO_T107291"
M9H77_34221,Cro001G.6415.1.p1
M9H77_34225,Cro001G.6418.1.p1
M9H77_34229,CRO_T017840
M9H77_34230,"CRO_T007818, Cro001G.6423.1.p1"
M9H77_34232,"CRO_T013565, Cro001G.6426.1.p1"
M9H77_34238,CRO_T015375
M9H77_34239,CRO_T015376
M9H77_34240,"CRO_T015372, Cro001G.6427.1.p1, CRO_T107262"
M9H77_34251,CrChr6.2600
M9H77_34257,"CRO_T017820, Cro001G.6450.1.p1, CRO_T107244"
M9H77_34295,"CRO_T016916, Cro001G.6479.1.p1, CrChr6.2571, CRO_T107205"
M9H77_34330,"CRO_T004548, Cro001G.6497.1.p1, CRO_T102665"
M9H77_34362,"CRO_T033804, Cro001G.6500.1.p1, CrChr6.2540, CRO_T102712"
M9H77_34368,CrChr6.2536
M9H77_34369,CrChr6.2535
M9H77_34370,CrChr6.2534
M9H77_34373,"CRO_T003188, Cro001G.6513.1.p1, Cro001G.6513.2.p1, Cro001G.6513.3.p1, Cro001G.6513.4.p1, CRO_T102729"
M9H77_34377,"Cro001G.6515.1.p1, Cro001G.6515.2.p1, CrChr6.2527"
M9H77_34380,"CRO_T032202, Cro001G.6517.1.p1, CRO_T102738"
M9H77_34390,"CRO_T003279, Cro001G.6521.1.p1"
M9H77_34393,"CRO_T027008, Cro001G.6522.1.p1, CRO_T102753"
M9H77_34421,"CRO_T012179, Cro001G.14334.2.p1"
M9H77_34440,CrChr6.2485
M9H77_34441,CrChr6.2484
M9H77_34454,"CRO_T032481, Cro001G.14344.1.p1, CrChr6.2472, CRO_T108502"
M9H77_34459,"CRO_T019317, Cro001G.14348.1.p1, CrChr6.2463, CRO_T108507"
M9H77_34469,"CRO_T002209, Cro001G.14384.1.p1, Cro001G.14384.2.p1, CrChr6.2452"
M9H77_34475,"CRO_T012612, CRO_T108534"
M9H77_34479,Cro001G.14392.2.p1
M9H77_34495,CrChr6.2423
M9H77_34500,CrChr6.2420
M9H77_34517,"CRO_T009544, Cro001G.14418.1.p1"
M9H77_34549,CrChr6.2373
M9H77_34590,CRO_T009417
M9H77_34603,"CRO_T009893, Cro001G.8645.1.p1, CrChr6.2334, CRO_T126816"
M9H77_34604,"Cro001G.8636.1.p1, CrChr6.2333"
M9H77_34618,"Cro001G.8649.1.p1, Cro001G.8649.2.p1, Cro001G.8649.3.p1"
M9H77_34631,"Cro001G.8656.1.p1, Cro001G.8656.2.p1, CrChr6.2320"
M9H77_34639,CrChr6.2315
M9H77_34673,Cro001G.8683.1.p1
M9H77_34678,"CRO_T000521, Cro001G.8692.1.p1, CRO_T126893"
M9H77_34687,CrChr6.2271
M9H77_34699,CrChr6.2257
M9H77_34715,CrChr6.2247
M9H77_34717,"CRO_T015048, Cro001G.11421.1.p1, CrChr6.2246"
M9H77_34731,CrChr6.2232
M9H77_34732,"CRO_T010277, Cro001G.11402.1.p1, CrChr6.2231, CRO_T126949"
M9H77_34734,CRO_T013295
M9H77_34736,CrChr6.2228
M9H77_34743,"Cro001G.11393.2.p1, CRO_T126963"
M9H77_34763,Cro001G.737.1.p1
M9H77_34773,CRO_T009351
M9H77_34782,CrChr6.2189
M9H77_34784,CRO_T013636
M9H77_34853,"CRO_T003919, Cro001G.681.1.p1, Cro001G.681.2.p1, Cro001G.681.3.p1, Cro001G.681.7.p1, Cro001G.681.8.p1, CRO_T136483"
M9H77_34874,CrChr6.2126
M9H77_34897,CrChr6.2110
M9H77_34911,CrChr6.2093
M9H77_34923,"CRO_T002567, Cro001G.646.1.p1, CRO_T108099"
M9H77_34924,"Cro001G.645.1.p1, CrChr6.2077"
M9H77_34937,"Cro001G.636.1.p1, CrChr6.2069"
M9H77_34940,CrChr6.2066
M9H77_34944,Cro001G.627.2.p1
M9H77_34949,Cro001G.624.2.p1
M9H77_34953,Cro001G.622.1.p1
M9H77_34978,CrChr6.2014
M9H77_34989,"Cro001G.596.1.p1, Cro001G.596.4.p1, CRO_T108185"
M9H77_34994,"Cro001G.587.1.p1, CrChr6.2003"
M9H77_34995,"Cro001G.584.1.p1, CrChr6.2001, CRO_T108194"
M9H77_35008,"Cro001G.579.1.p1, CrChr6.1994, CRO_T108204"
M9H77_35067,"CRO_T032877, CrChr6.1938, CRO_T108277"
M9H77_35120,"CrChr6.1890, CRO_T139724"
M9H77_35141,"CRO_T027451, Cro001G.516.1.p2, CrChr6.1870, CRO_T139701"
M9H77_35143,"Cro001G.514.1.p1, Cro001G.514.2.p1, CrChr6.1868, CRO_T139698"
M9H77_35156,"Cro001G.503.1.p1, CrChr6.1851, CRO_T139679"
M9H77_35194,"CRO_T020772, Cro001G.474.1.p1, CrChr6.1813, CRO_T139623"
M9H77_35201,"Cro001G.467.1.p1, CrChr6.1805, CRO_T139616"
M9H77_35220,"CRO_T007576, Cro001G.451.1.p1, CrChr6.1785, CRO_T139593"
M9H77_35285,"CRO_T004661, Cro001G.418.1.p1, CrChr6.1732, CRO_T139524"
M9H77_35310,"CRO_T010007, Cro001G.405.1.p1, CrChr6.1711, CRO_T139488"
M9H77_35355,CRO_T000936
M9H77_35375,CrChr6.1666
M9H77_35402,"CRO_T011317, Cro001G.352.1.p1, CRO_T139386"
M9H77_35477,CrChr6.1577
M9H77_35500,"CRO_T000193, Cro001G.294.1.p1, CRO_T127181"
M9H77_35510,"CrChr6.1541, CRO_T127197"
M9H77_35541,"CRO_T001919, Cro001G.269.1.p1, CrChr6.1517, CRO_T127240"
M9H77_35587,CrChr6.1481
M9H77_35665,"Cro001G.2909.1.p1, CrChr6.1413, CRO_T104463"
M9H77_35686,"CRO_T026337, Cro001G.2898.1.p1, CrChr6.1397, CRO_T104434"
M9H77_35695,CRO_T010720
M9H77_35709,"Cro001G.2893.2.p1, Cro001G.2893.3.p1"
M9H77_35793,CrChr6.1312
M9H77_35819,"CRO_T015866, Cro001G.19425.2.p1, CrChr6.1279, CRO_T119784"
M9H77_35841,"Cro001G.19414.1.p2, CrChr6.1294"
M9H77_36109,"Cro001G.739.1.p2, Cro001G.739.2.p2, Cro001G.739.3.p2, Cro001G.739.4.p2, Cro001G.740.1.p2"
M9H77_36194,CRO_T018470
M9H77_36271,"Cro001G.1524.1.p1, Cro001G.1524.2.p1, Cro001G.1524.5.p1"
M9H77_36428,"CRO_T017388, Cro001G.1598.1.p1, CrChr6.799, CRO_T117887"
M9H77_36455,"CRO_T002522, Cro001G.1607.1.p1, Cro001G.1607.2.p1, Cro001G.1607.3.p1, Cro001G.1607.4.p1, CrChr6.782"
M9H77_36488,CRO_T117937
M9H77_36534,"CRO_T001797, Cro001G.1647.1.p1, CRO_T118013"
M9H77_36550,Cro001G.1651.1.p1
M9H77_36578,"CRO_T018878, Cro001G.1679.1.p1, CrChr6.684, CRO_T118054"
M9H77_36582,"CRO_T019056, Cro001G.1684.1.p1, CrChr6.680, CRO_T118060"
M9H77_36586,Cro001G.1686.2.p1
M9H77_36602,"Cro001G.1698.1.p1, CrChr6.660"
M9H77_36604,"Cro001G.1701.1.p1, CrChr6.658"
M9H77_36632,"CRO_T020821, Cro001G.1718.1.p1, CRO_T118119"
M9H77_36634,CRO_T020817
M9H77_36635,CrChr6.633
M9H77_36636,CRO_T017853
M9H77_36637,"CRO_T017852, CrChr6.631"
M9H77_36638,CRO_T004049
M9H77_36643,"CRO_T018538, CRO_T125580"
M9H77_36645,CrChr6.625
M9H77_36646,"CRO_T013774, CrChr6.624"
M9H77_36647,"CRO_T013773, Cro001G.1729.1.p1, CrChr6.623, CRO_T125584"
M9H77_36648,CrChr6.621
M9H77_36649,"CRO_T001017, Cro001G.1731.1.p1, CrChr6.620"
M9H77_36650,"Cro001G.1732.1.p1, Cro001G.1732.2.p1, CrChr6.619"
M9H77_36651,CrChr6.618
M9H77_36652,CrChr6.616
M9H77_36655,CRO_T120063
M9H77_36657,CrChr6.611
M9H77_36658,CrChr6.610
M9H77_36659,CrChr6.609
M9H77_36661,CrChr6.608
M9H77_36666,CRO_T000485
M9H77_36667,"CrChr6.600, CRO_T112428"
M9H77_36670,CrChr6.597
M9H77_36673,CrChr6.594
M9H77_36674,CrChr6.592
M9H77_36678,CRO_T000359
M9H77_36681,CrChr6.584
M9H77_36684,"CRO_T017494, CrChr6.581"
M9H77_36689,"CRO_T033778, CrChr6.575"
M9H77_36692,CrChr6.572
M9H77_36694,CRO_T008169
M9H77_36695,"CRO_T021213, CrChr6.570, CRO_T128401"
M9H77_36696,"CRO_T010048, CrChr6.569, CRO_T138970"
M9H77_36697,"CRO_T014511, Cro001G.1771.1.p2, CrChr6.568, CRO_T128400"
M9H77_36702,"Cro001G.1776.1.p1, CrChr6.562"
M9H77_36708,"Cro001G.1781.1.p1, Cro001G.1781.2.p1"
M9H77_36709,"Cro001G.1779.1.p1, Cro001G.1779.2.p1, CrChr6.556"
M9H77_36710,"Cro001G.1782.2.p1, CrChr6.555"
M9H77_36712,CrChr6.553
M9H77_36716,"Cro001G.1790.1.p1, Cro001G.1790.2.p1, CrChr6.549"
M9H77_36723,CRO_T023354
M9H77_36724,CRO_T023353
M9H77_36727,"CRO_T024018, CrChr6.539"
M9H77_36729,"Cro001G.1800.5.p1, CrChr6.537"
M9H77_36730,"Cro001G.1789.1.p1, Cro001G.1789.2.p1, Cro001G.1789.4.p1"
M9H77_36731,"CRO_T024015, Cro001G.1795.1.p1, CrChr6.532"
M9H77_36733,"Cro001G.1794.1.p1, CrChr6.531"
M9H77_36734,CRO_T031238
M9H77_36735,CRO_T013193
M9H77_36739,CRO_T012981
M9H77_36741,CRO_T005507
M9H77_36742,"CRO_T005508, Cro001G.1799.1.p1, CrChr6.525"
M9H77_36743,"CRO_T027762, Cro001G.1806.1.p1, Cro001G.1806.2.p1, Cro001G.1806.3.p1, CrChr6.524"
M9H77_36744,CRO_T027761
M9H77_36745,CrChr6.522
M9H77_36747,CrChr6.520
M9H77_36748,"CRO_T018307, CrChr6.519"
M9H77_36749,CRO_T018306
M9H77_36752,"Cro001G.1808.1.p1, CrChr6.514, CRO_T118703"
M9H77_36753,"Cro001G.1816.1.p1, CrChr6.513, CRO_T118704"
M9H77_36754,"Cro001G.1817.1.p1, CrChr6.512"
M9H77_36755,CRO_T022828
M9H77_36758,"CRO_T019744, CRO_T118707"
M9H77_36761,"CRO_T024497, CRO_T109140"
M9H77_36762,"Cro001G.1861.1.p1, Cro001G.1861.2.p1"
M9H77_36763,"CRO_T019932, Cro001G.1862.1.p2, Cro001G.1862.2.p1, CRO_T109139"
M9H77_36764,"CRO_T019931, Cro001G.1862.1.p1, Cro001G.1862.3.p1, CrChr6.508, CRO_T109138"
M9H77_36770,CRO_T012397
M9H77_36780,CRO_T109132
M9H77_36784,CRO_T027975
M9H77_36785,CRO_T022084
M9H77_36787,"CRO_T013253, CrChr6.501, CRO_T109118"
M9H77_36788,"CrChr6.500, CRO_T109117"
M9H77_36789,"Cro001G.1871.1.p1, CrChr6.499"
M9H77_36790,"Cro001G.1874.1.p1, CrChr6.497, CRO_T109115"
M9H77_36791,"CRO_T021783, CrChr6.496"
M9H77_36792,"Cro001G.1870.1.p1, CrChr6.495"
M9H77_36793,CRO_T021781
M9H77_36796,"Cro001G.1875.1.p1, CRO_T109111"
M9H77_36797,"Cro001G.1876.1.p1, Cro001G.1876.2.p1, Cro001G.1876.3.p1, CrChr6.492"
M9H77_36799,CRO_T011560
M9H77_36800,CrChr6.490
M9H77_36804,"CRO_T012608, Cro001G.1819.1.p1, CrChr6.488, CRO_T109107"
M9H77_36809,"CRO_T027280, Cro001G.1823.1.p1, CrChr6.483, CRO_T109102"
M9H77_36810,"CRO_T027281, CRO_T109101"
M9H77_36812,"CRO_T011288, CRO_T109099"
M9H77_36814,"CRO_T016237, CRO_T109098"
M9H77_36815,"CRO_T016239, CRO_T109096"
M9H77_36817,"CRO_T016235, CRO_T109094"
M9H77_36820,"CRO_T021834, Cro001G.1833.1.p1, CrChr6.475"
M9H77_36821,"CRO_T021835, Cro001G.1829.1.p1, CrChr6.474, CRO_T109090"
M9H77_36822,"CRO_T021836, Cro001G.1832.1.p1, CrChr6.473, CRO_T109089"
M9H77_36823,"Cro001G.1828.1.p1, CrChr6.472"
M9H77_36824,CrChr6.471
M9H77_36826,"CRO_T009724, Cro001G.1835.1.p1, CrChr6.469, CRO_T109084"
M9H77_36827,"CRO_T009722, Cro001G.1836.1.p1, CRO_T109083"
M9H77_36829,"CRO_T009721, Cro001G.1839.1.p1, CrChr6.467, CRO_T109081"
M9H77_36830,CrChr6.466
M9H77_36831,"Cro001G.1841.1.p1, CrChr6.465"
M9H77_36833,"CRO_T013792, Cro001G.1844.1.p1, CrChr6.463, CRO_T109076"
M9H77_36834,"Cro001G.1845.2.p1, Cro001G.1845.4.p1, CrChr6.461"
M9H77_36835,"Cro001G.1847.1.p1, CrChr6.458, CRO_T109074"
M9H77_36836,"Cro001G.1848.1.p1, CrChr6.457"
M9H77_36837,"CRO_T029984, Cro001G.1849.1.p1, CrChr6.456, CRO_T109072"
M9H77_36838,"CRO_T029981, Cro001G.1850.1.p1, CRO_T109070"
M9H77_36839,"CRO_T029983, Cro001G.1851.1.p1, CrChr6.454, CRO_T109069"
M9H77_36840,CRO_T029982
M9H77_36841,"Cro001G.1852.1.p1, CrChr6.453, CRO_T109068"
M9H77_36843,Cro001G.1853.1.p1
M9H77_36844,"Cro001G.1854.1.p1, CrChr6.451"
M9H77_36845,"CRO_T002919, CrChr6.450, CRO_T109065"
M9H77_36846,Cro001G.1857.2.p1
M9H77_36847,"CRO_T002920, Cro001G.1856.1.p1, CrChr6.448, CRO_T109063"
M9H77_36848,"CRO_T016464, Cro001G.1858.1.p1, CrChr6.446"
M9H77_36850,"CRO_T017371, CrChr6.444, CRO_T109061"
M9H77_36851,"CRO_T017374, CrChr6.443, CRO_T109060"
M9H77_36852,"CRO_T017372, CrChr6.442, CRO_T109059"
M9H77_36853,Cro001G.1877.1.p1
M9H77_36854,"CRO_T023313, Cro001G.1878.1.p1, CrChr6.440, CRO_T109057"
M9H77_36857,CRO_T013497
M9H77_36858,CRO_T005738
M9H77_36860,CRO_T005739
M9H77_36861,"CRO_T010894, Cro001G.1879.1.p1, CrChr6.438, CRO_T109055"
M9H77_36862,"Cro001G.1890.1.p1, Cro001G.1890.2.p1, CrChr6.437"
M9H77_36863,"Cro001G.1891.1.p1, CrChr6.436"
M9H77_36864,"Cro001G.1893.1.p1, CrChr6.435"
M9H77_36865,"CRO_T028399, Cro001G.1894.1.p1, Cro001G.1894.2.p1, Cro001G.1894.3.p1, CRO_T109049"
M9H77_36866,"CRO_T028400, Cro001G.1895.1.p1, Cro001G.1895.2.p1, Cro001G.1895.3.p1"
M9H77_36867,Cro001G.1892.2.p1
M9H77_36868,"Cro001G.1889.1.p1, CrChr6.431"
M9H77_36869,"Cro001G.1880.1.p1, CrChr6.430"
M9H77_36870,"Cro001G.1882.1.p1, CrChr6.429"
M9H77_36871,Cro001G.1883.1.p1
M9H77_36872,CRO_T008934
M9H77_36873,"Cro001G.1885.1.p2, Cro001G.1885.2.p2, Cro001G.1885.3.p2, CrChr6.423"
M9H77_36874,Cro001G.1881.1.p1
M9H77_36875,CRO_T021887
M9H77_36876,Cro001G.1887.1.p1
M9H77_36878,Cro001G.1886.4.p1
M9H77_36879,CRO_T021937
M9H77_36880,CRO_T021938
M9H77_36881,"CRO_T021940, Cro001G.1888.1.p1, CRO_T109034"
M9H77_36882,Cro001G.1897.1.p1
M9H77_36883,Cro001G.1899.1.p1
M9H77_36884,"CRO_T001149, Cro001G.1900.1.p1"
M9H77_36885,"CRO_T001150, Cro001G.1901.1.p1, CrChr6.416, CRO_T109030"
M9H77_36886,"CRO_T001151, CRO_T109029"
M9H77_36887,"Cro001G.1898.1.p1, CrChr6.415, CRO_T109027"
M9H77_36888,CrChr6.414
M9H77_36890,CrChr6.412
M9H77_36891,CrChr6.411
M9H77_36893,CrChr6.409
M9H77_36894,CrChr6.408
M9H77_36897,CrChr6.404
M9H77_36899,CrChr6.402
M9H77_36900,CrChr6.401
M9H77_36902,CrChr6.399
M9H77_36904,CrChr6.396
M9H77_36905,CrChr6.395
M9H77_36906,CrChr6.394
M9H77_36907,CrChr6.393
M9H77_36908,"Cro001G.1936.2.p2, Cro001G.1936.3.p2, CrChr6.392"
M9H77_36911,CrChr6.390
M9H77_36914,CrChr6.387
M9H77_36917,CrChr6.384
M9H77_36918,CrChr6.383
M9H77_36920,CrChr6.381
M9H77_36924,CrChr6.378
M9H77_36925,CrChr6.377
M9H77_36928,CrChr6.372
M9H77_36930,CrChr6.370
M9H77_36931,"CRO_T005426, Cro001G.1927.1.p1, Cro001G.1927.2.p2, Cro001G.1927.3.p1, Cro001G.1927.4.p1, Cro001G.1927.5.p1, Cro001G.1927.6.p1, Cro001G.1927.7.p1, CrChr6.369, CRO_T134296"
M9H77_36932,CrChr6.368
M9H77_36934,CrChr6.366
M9H77_36936,CrChr6.364
M9H77_36937,CrChr6.363
M9H77_36939,"CRO_T003566, CrChr6.361, CRO_T134289"
M9H77_36940,CrChr6.360
M9H77_36942,CRO_T134286
M9H77_36943,"CRO_T015556, Cro001G.1933.10.p2, Cro001G.1933.11.p2, Cro001G.1933.13.p2, Cro001G.1933.14.p1, Cro001G.1933.3.p1, Cro001G.1933.5.p2, Cro001G.1933.6.p2, Cro001G.1933.7.p2, Cro001G.1933.8.p2, Cro001G.1933.9.p2, CRO_T134285"
M9H77_36944,CrChr6.356
M9H77_36946,CrChr6.354
M9H77_36947,CrChr6.353
M9H77_36948,CrChr6.352
M9H77_36950,CrChr6.351
M9H77_36952,CrChr6.348
M9H77_36953,CrChr6.347
M9H77_36954,CrChr6.346
M9H77_36956,CrChr6.344
M9H77_36958,CrChr6.342
M9H77_36964,CrChr6.338
M9H77_36965,CrChr6.336
M9H77_36966,CrChr6.335
M9H77_36970,CrChr6.332
M9H77_36975,CrChr6.327
M9H77_36977,CrChr6.325
M9H77_36978,CrChr6.324
M9H77_36979,CrChr6.322
M9H77_36982,CrChr6.321
M9H77_36984,CrChr6.319
M9H77_36986,CrChr6.317
M9H77_36987,CrChr6.316
M9H77_36989,CrChr6.315
M9H77_36990,CrChr6.314
M9H77_36993,CrChr6.312
M9H77_36997,CrChr6.308
M9H77_36998,CrChr6.307
M9H77_36999,CrChr6.306
M9H77_37000,CrChr6.305
M9H77_37001,CrChr6.304
M9H77_37002,CrChr6.303
M9H77_37004,CrChr6.301
M9H77_37008,CrChr6.298
M9H77_37012,CrChr6.296
M9H77_37013,CrChr6.295
M9H77_37017,CrChr6.291
M9H77_37018,CrChr6.290
M9H77_37022,CrChr6.284
M9H77_37025,CrChr6.277
M9H77_37029,CrChr6.272
M9H77_37038,Cro001G.2032.3.p1
M9H77_37043,CrChr6.260
M9H77_37057,"Cro001G.2035.1.p1, CrChr6.248, CRO_T134174"
M9H77_37058,"Cro001G.2037.1.p1, CrChr6.247"
M9H77_37060,"CRO_T011549, Cro001G.2038.1.p1, Cro001G.966.1.p1, CrChr6.245, CRO_T134169"
M9H77_37062,"Cro001G.2036.1.p1, CrChr6.243"
M9H77_37063,CrChr6.242
M9H77_37064,CrChr6.241
M9H77_37065,CrChr6.240
M9H77_37068,CrChr6.235
M9H77_37069,CrChr6.234
M9H77_37079,"CRO_T020413, CrChr6.224, CRO_T134146"
M9H77_37080,"CRO_T020415, Cro001G.949.1.p1, CrChr6.223"
M9H77_37083,CrChr6.220
M9H77_37084,"Cro001G.944.1.p1, CrChr6.218"
M9H77_37085,CrChr6.217
M9H77_37086,CrChr6.216
M9H77_37088,CrChr6.214
M9H77_37089,CrChr6.213
M9H77_37090,CrChr6.212
M9H77_37095,"CRO_T033372, CrChr6.207"
M9H77_37096,"CRO_T033370, Cro001G.943.1.p1, CRO_T134128"
M9H77_37097,"Cro001G.937.10.p1, CrChr6.205, CRO_T134127"
M9H77_37098,"Cro001G.942.1.p1, CrChr6.204"
M9H77_37099,"Cro001G.937.8.p1, CrChr6.203"
M9H77_37100,"Cro001G.937.8.p2, CrChr6.202"
M9H77_37101,CrChr6.201
M9H77_37102,"Cro001G.934.1.p2, Cro001G.934.2.p1, Cro001G.934.3.p1, CrChr6.200"
M9H77_37104,CRO_T008896
M9H77_37105,"CRO_T008897, CRO_T134120"
M9H77_37106,"Cro001G.941.1.p1, CrChr6.196, CRO_T134119"
M9H77_37107,CrChr6.195
M9H77_37108,CrChr6.194
M9H77_37109,CrChr6.193
M9H77_37110,CrChr6.192
M9H77_37111,CrChr6.191
M9H77_37112,CrChr6.190
M9H77_37114,"Cro001G.935.1.p1, Cro001G.935.2.p1, Cro001G.935.3.p1, CrChr6.189"
M9H77_37115,Cro001G.934.1.p1
M9H77_37116,"CRO_T021526, CrChr6.187"
M9H77_37117,"Cro001G.933.1.p1, CrChr6.186"
M9H77_37118,"Cro001G.932.1.p1, Cro001G.932.2.p1, CrChr6.185"
M9H77_37119,"CRO_T015365, Cro001G.930.1.p1, CrChr6.183"
M9H77_37120,Cro001G.888.1.p1
M9H77_37121,"CRO_T015539, Cro001G.887.1.p1, CrChr6.181, CRO_T134103"
M9H77_37122,"CRO_T015533, Cro001G.886.1.p2, CrChr6.180, CRO_T134102"
M9H77_37123,"Cro001G.885.2.p1, CrChr6.179"
M9H77_37124,"CRO_T015537, Cro001G.927.1.p1, CrChr6.178, CRO_T134100"
M9H77_37125,"Cro001G.926.1.p1, CrChr6.177"
M9H77_37126,"Cro001G.925.1.p1, Cro001G.925.3.p1, Cro001G.925.4.p1, CrChr6.176"
M9H77_37136,"CRO_T024366, Cro001G.918.1.p1, Cro001G.918.2.p1, CrChr6.166, CRO_T134088"
M9H77_37137,Cro001G.917.1.p1
M9H77_37139,"CRO_T024371, Cro001G.914.1.p1, CrChr6.162, CRO_T134084"
M9H77_37142,"Cro001G.911.1.p1, Cro001G.911.2.p1"
M9H77_37143,Cro001G.910.1.p2
M9H77_37152,"CRO_T020399, Cro001G.901.1.p1, CrChr6.147, CRO_T134071"
M9H77_37153,"CRO_T020383, CrChr6.146, CRO_T134070"
M9H77_37157,"Cro001G.898.1.p1, Cro001G.898.2.p1, CrChr6.141"
M9H77_37158,"CRO_T020401, CrChr6.140, CRO_T134066"
M9H77_37159,CRO_T020387
M9H77_37160,"CRO_T020402, Cro001G.882.1.p1, CRO_T134064"
M9H77_37161,"CRO_T020403, CrChr6.137"
M9H77_37162,"Cro001G.884.1.p1, Cro001G.884.3.p1, Cro001G.884.4.p1, Cro001G.884.5.p1, Cro001G.884.7.p1"
M9H77_37163,"CRO_T020404, CrChr6.135, CRO_T134061"
M9H77_37164,"Cro001G.884.1.p2, Cro001G.884.4.p2, CrChr6.134"
M9H77_37165,"Cro001G.879.1.p1, CrChr6.133"
M9H77_37166,Cro001G.877.1.p1
M9H77_37167,"CRO_T020392, Cro001G.876.1.p1, CRO_T134056"
M9H77_37168,"Cro001G.873.1.p1, CrChr6.130, CRO_T134055"
M9H77_37169,"Cro001G.872.1.p1, CrChr6.129, CRO_T134054"
M9H77_37170,"CRO_T020394, Cro001G.875.1.p1, CrChr6.128, CRO_T134053"
M9H77_37171,"Cro001G.874.1.p1, CRO_T134052"
M9H77_37172,"CRO_T020395, CRO_T134051"
M9H77_37173,"CRO_T020407, CRO_T134050"
M9H77_37174,CRO_T020408
M9H77_37175,"CRO_T020396, Cro001G.862.1.p1, CrChr6.122, CRO_T134048"
M9H77_37176,CRO_T020409
M9H77_37177,Cro001G.860.1.p1
M9H77_37179,"Cro001G.870.1.p1, Cro001G.870.2.p1"
M9H77_37185,"CRO_T033152, Cro001G.865.1.p1, Cro001G.865.2.p1, CRO_T134037"
M9H77_37186,"CRO_T033160, CRO_T134036"
M9H77_37189,"CrChr6.109, CRO_T134033"
M9H77_37190,CrChr6.108
M9H77_37191,CrChr6.107
M9H77_37192,"CRO_T006615, Cro001G.855.1.p1, Cro001G.855.2.p1, Cro001G.855.3.p1, CrChr6.106, CRO_T134030"
M9H77_37196,"CRO_T006616, CRO_T134028"
M9H77_37197,"CRO_T006626, CRO_T134027"
M9H77_37198,"CRO_T006627, Cro001G.851.1.p1, CrChr6.101, CRO_T134026"
M9H77_37199,"CRO_T006617, CrChr6.100, CRO_T134025"
M9H77_37200,CRO_T006618
M9H77_37203,"CRO_T006620, Cro001G.847.1.p1, Cro001G.847.2.p1, Cro001G.847.3.p1, CRO_T134022"
M9H77_37204,"CRO_T006628, CRO_T134021"
M9H77_37205,"Cro001G.845.1.p1, CrChr6.95"
M9H77_37206,"CRO_T006629, Cro001G.844.1.p1, Cro001G.844.2.p1, CrChr6.94, CRO_T134020"
M9H77_37207,"CRO_T006630, Cro001G.843.1.p1, CrChr6.93, CRO_T134018"
M9H77_37208,"CRO_T006622, Cro001G.840.1.p1, CrChr6.92, CRO_T134017"
M9H77_37209,"CRO_T006631, Cro001G.839.1.p1, CrChr6.91, CRO_T134016"
M9H77_37210,CrChr6.90
M9H77_37211,Cro001G.842.1.p1
M9H77_37212,"Cro001G.841.1.p1, Cro001G.841.2.p1, CRO_T134013"
M9H77_37214,"CRO_T021878, CRO_T134010"
M9H77_37216,"CRO_T021877, CrChr6.84, CRO_T134008"
M9H77_37217,Cro001G.836.1.p1
M9H77_37220,CRO_T000760
M9H77_37221,CRO_T000759
M9H77_37222,"CRO_T015964, Cro001G.811.1.p1, CRO_T117683"
M9H77_37223,"CRO_T015965, CRO_T117684"
M9H77_37224,"CRO_T015966, CRO_T117685"
M9H77_37225,"Cro001G.822.1.p1, CrChr6.75"
M9H77_37226,"Cro001G.821.1.p1, CrChr6.74"
M9H77_37228,CRO_T013998
M9H77_37229,"CRO_T013999, CRO_T117689"
M9H77_37230,"CRO_T014000, Cro001G.818.1.p2, CrChr6.72, CRO_T117690"
M9H77_37231,"CRO_T014001, Cro001G.819.1.p1, CrChr6.71, CRO_T117691"
M9H77_37232,Cro001G.817.1.p1
M9H77_37234,"Cro001G.809.1.p1, CrChr6.68, CRO_T117694"
M9H77_37235,"CRO_T030670, Cro001G.808.1.p1, CrChr6.67, CRO_T117695"
M9H77_37236,Cro001G.833.1.p1
M9H77_37237,"CRO_T020621, Cro001G.832.1.p1, CrChr6.65, CRO_T117697"
M9H77_37238,"Cro001G.831.1.p1, CrChr6.64"
M9H77_37239,"Cro001G.830.1.p1, Cro001G.830.2.p1, Cro001G.830.4.p1, Cro001G.830.5.p1"
M9H77_37240,"Cro001G.829.1.p1, Cro001G.829.2.p1, CrChr6.62"
M9H77_37241,"CrChr6.61, CRO_T117700"
M9H77_37242,Cro001G.827.2.p1
M9H77_37243,"Cro001G.826.1.p1, CrChr6.59"
M9H77_37254,"CRO_T017476, Cro001G.801.1.p1, CRO_T117710"
M9H77_37260,Cro001G.794.1.p1
M9H77_37261,"CRO_T009313, Cro001G.785.1.p1, CrChr6.46, CRO_T117719"
M9H77_37266,"CRO_T015579, Cro001G.786.1.p1, CrChr6.40, CRO_T117724"
M9H77_37272,"Cro001G.789.1.p1, CrChr6.31"
M9H77_37274,"CRO_T019033, Cro001G.787.1.p1, CRO_T117731"
M9H77_37275,"Cro001G.765.1.p1, Cro001G.765.2.p1, CRO_T117732"
M9H77_37276,Cro001G.764.1.p1
M9H77_37277,"CRO_T031805, CRO_T122610"
M9H77_37278,"Cro001G.782.1.p1, CrChr6.23"
M9H77_37279,CRO_T021336
M9H77_37280,Cro001G.780.1.p1
M9H77_37281,"CRO_T021327, CRO_T122615"
M9H77_37282,"CRO_T021334, CrChr6.18, CRO_T122616"
M9H77_37283,"CRO_T021326, CrChr6.17"
M9H77_37284,"CRO_T021333, Cro001G.776.1.p1, CrChr6.16, CRO_T122618"
M9H77_37286,"CRO_T021331, CrChr6.14, CRO_T122620"
M9H77_37287,CrChr6.13
M9H77_37291,"Cro001G.769.1.p1, CrChr6.8"
M9H77_37294,Cro001G.767.1.p1
M9H77_37295,"CRO_T002748, Cro001G.766.1.p1, Cro001G.766.2.p1, CRO_T122629"
M9H77_37297,"CRO_T002749, Cro001G.759.1.p1, Cro001G.759.2.p1, CrChr6.3, CRO_T122631"
M9H77_29395,CRO_T020291
M9H77_29396,CRO_T020289
M9H77_29397,CRO_T020290
M9H77_29399,CrChr8.2516
M9H77_29404,CRO_T030882
M9H77_29406,CRO_T031669
M9H77_29407,"CRO_T031668, CRO_T121631"
M9H77_29413,CRO_T026062
M9H77_29414,CRO_T023967
M9H77_29415,CrChr8.2510
M9H77_29418,CRO_T030625
M9H77_29419,CRO_T030624
M9H77_29420,CRO_T006214
M9H77_29421,"CRO_T006213, CRO_T120607"
M9H77_29422,CRO_T006215
M9H77_29425,"CRO_T024296, CRO_T120610"
M9H77_29428,CRO_T031970
M9H77_29430,CRO_T028904
M9H77_29431,CRO_T028903
M9H77_29433,"CRO_T013854, Cro001G.9138.13.p1, Cro001G.9138.14.p1, Cro001G.9138.15.p1, Cro001G.9138.4.p1, Cro001G.9138.7.p1, Cro001G.9138.8.p1, CrChr8.2929, CRO_T136917"
M9H77_29434,"Cro001G.9138.1.p1, Cro001G.9138.10.p1, Cro001G.9138.11.p1, Cro001G.9138.12.p1, Cro001G.9138.2.p1, Cro001G.9138.5.p1"
M9H77_29437,CRO_T014151
M9H77_29438,"CRO_T001478, CRO_T136914"
M9H77_29439,CRO_T024199
M9H77_29440,"CRO_T010370, CRO_T136910"
M9H77_29441,"CRO_T010368, CRO_T136908"
M9H77_29442,CRO_T010371
M9H77_29443,Cro001G.9121.1.p1
M9H77_29444,CRO_T005420
M9H77_29446,CRO_T016378
M9H77_29447,CRO_T000253
M9H77_29448,CRO_T000254
M9H77_29449,CRO_T012071
M9H77_29450,CRO_T030050
M9H77_29452,CRO_T022856
M9H77_29453,CRO_T022855
M9H77_29456,CRO_T015044
M9H77_29457,Cro001G.9113.1.p1
M9H77_29459,CRO_T029491
M9H77_29462,CRO_T032394
M9H77_29463,CRO_T032393
M9H77_29465,"CRO_T026298, CRO_T136872"
M9H77_29466,CRO_T016427
M9H77_29467,CRO_T008640
M9H77_29469,"Cro001G.9112.1.p1, CrChr8.2902"
M9H77_29470,"CRO_T008639, Cro001G.9111.1.p1"
M9H77_29471,CRO_T001259
M9H77_29473,CRO_T032090
M9H77_29474,"CRO_T030750, CRO_T136859"
M9H77_29475,CRO_T010508
M9H77_29476,"CRO_T010507, CRO_T136856"
M9H77_29477,"CRO_T031893, CRO_T136854"
M9H77_29478,"CRO_T031894, CRO_T136853"
M9H77_29481,"Cro001G.9105.1.p1, CrChr8.2894"
M9H77_29482,"CRO_T008433, CRO_T136843"
M9H77_29483,CRO_T016230
M9H77_29484,CRO_T016231
M9H77_29485,"CRO_T000929, CRO_T136841"
M9H77_29486,"CRO_T000930, CRO_T136840"
M9H77_29489,CRO_T005521
M9H77_29492,CRO_T012016
M9H77_29493,CRO_T029383
M9H77_29494,CRO_T032391
M9H77_29495,"CRO_T032392, CRO_T136830"
M9H77_29500,CRO_T022754
M9H77_29501,CRO_T025352
M9H77_29502,CRO_T025354
M9H77_29503,CRO_T025353
M9H77_29504,CRO_T025355
M9H77_29506,"CRO_T031981, CRO_T136814"
M9H77_29507,"CRO_T031979, CRO_T136813"
M9H77_29508,CRO_T031980
M9H77_29509,CRO_T032085
M9H77_29510,CRO_T032083
M9H77_29511,"CRO_T032084, CRO_T136811"
M9H77_29512,Cro001G.9098.10.p1
M9H77_29513,"CRO_T032082, CRO_T136808"
M9H77_29514,CRO_T019688
M9H77_29515,"CRO_T019687, Cro001G.9097.1.p1, Cro001G.9097.2.p1, CrChr8.2875"
M9H77_29517,"CRO_T021259, CRO_T136804"
M9H77_29519,CRO_T021258
M9H77_29523,CRO_T001657
M9H77_29524,"CRO_T001658, CRO_T136796"
M9H77_29525,Cro001G.9095.1.p1
M9H77_29526,CRO_T029938
M9H77_29527,CRO_T029939
M9H77_29529,CRO_T025494
M9H77_29530,CRO_T014477
M9H77_29531,CRO_T014476
M9H77_29534,CRO_T007622
M9H77_29535,CRO_T031307
M9H77_29537,CRO_T033452
M9H77_29538,CRO_T136786
M9H77_29539,CRO_T022464
M9H77_29541,CRO_T012562
M9H77_29545,CRO_T007125
M9H77_29546,CRO_T007331
M9H77_29547,CRO_T027787
M9H77_29548,"CRO_T027786, Cro001G.9087.1.p1, CrChr8.2859, CRO_T136781"
M9H77_29549,CRO_T015895
M9H77_29550,CRO_T015894
M9H77_29552,"CRO_T017739, CRO_T136778"
M9H77_29554,"CRO_T013036, CRO_T136775"
M9H77_29555,CRO_T013037
M9H77_29556,CRO_T013038
M9H77_29558,"Cro001G.9093.1.p1, Cro001G.9093.10.p1, Cro001G.9093.4.p1"
M9H77_29560,CRO_T017836
M9H77_29562,"Cro001G.9079.1.p1, CrChr8.2849"
M9H77_29563,CRO_T018633
M9H77_29565,CRO_T018630
M9H77_29566,"Cro001G.9077.1.p1, CrChr8.2848"
M9H77_29567,CRO_T018632
M9H77_29568,CRO_T018498
M9H77_29570,CRO_T013138
M9H77_29571,"CRO_T022009, CRO_T117614"
M9H77_29572,"CRO_T022010, CRO_T117613"
M9H77_29573,"Cro001G.9078.2.p1, CrChr8.2843"
M9H77_29575,"CRO_T027746, CRO_T117609"
M9H77_29576,CRO_T027749
M9H77_29578,"Cro001G.9072.4.p1, Cro001G.9072.5.p1, CrChr8.2838"
M9H77_29579,"CRO_T017532, CRO_T117602"
M9H77_29583,"CRO_T001226, CrChr8.2835, CRO_T117599"
M9H77_29587,CRO_T030299
M9H77_29589,"Cro001G.9070.1.p1, CrChr8.2831"
M9H77_29590,CRO_T030727
M9H77_29593,Cro001G.9066.1.p1
M9H77_29594,"CRO_T001540, CRO_T119583"
M9H77_29595,CRO_T001539
M9H77_29597,CRO_T029892
M9H77_29598,"CRO_T030169, CRO_T119576"
M9H77_29599,"CRO_T018596, CrChr8.2824"
M9H77_29600,CRO_T026184
M9H77_29602,"CRO_T020267, CRO_T119572"
M9H77_29605,CRO_T031143
M9H77_29609,"CRO_T017442, CRO_T119566"
M9H77_29612,"CRO_T011289, CRO_T109905"
M9H77_29613,"CRO_T011290, CRO_T109903"
M9H77_29615,"Cro001G.9059.1.p1, CrChr8.2812"
M9H77_29616,CRO_T023496
M9H77_29619,CRO_T023494
M9H77_29620,CRO_T023493
M9H77_29621,"CRO_T014589, CRO_T109897"
M9H77_29622,CRO_T031246
M9H77_29624,"CRO_T017520, CrChr8.2804, CRO_T109886"
M9H77_29626,CRO_T017521
M9H77_29627,"CRO_T027219, CRO_T109882"
M9H77_29628,CRO_T027218
M9H77_29629,"CRO_T032370, CRO_T109881"
M9H77_29631,"CRO_T030374, Cro001G.9048.4.p1, CrChr8.2802, CRO_T109878"
M9H77_29632,"CRO_T030370, CRO_T109877"
M9H77_29633,CRO_T030369
M9H77_29634,CRO_T028447
M9H77_29636,"CRO_T006491, CRO_T109870"
M9H77_29638,CRO_T023071
M9H77_29639,CRO_T023069
M9H77_29640,"CRO_T016173, CRO_T109864"
M9H77_29642,CRO_T003572
M9H77_29643,CRO_T003573
M9H77_29644,CRO_T023822
M9H77_29645,"CRO_T023821, CrChr8.2796, CRO_T109860"
M9H77_29646,CRO_T000016
M9H77_29647,CRO_T000017
M9H77_29648,"CRO_T033080, CRO_T109854"
M9H77_29650,"CRO_T024732, CRO_T109849"
M9H77_29651,CRO_T024731
M9H77_29652,CRO_T020947
M9H77_29653,"CRO_T003196, CrChr8.2788"
M9H77_29654,CRO_T003195
M9H77_29655,"CRO_T013658, Cro001G.9041.1.p1, CrChr8.2787, CRO_T109845"
M9H77_29656,"CRO_T013660, CRO_T109844"
M9H77_29657,"CRO_T013659, CRO_T109843"
M9H77_29658,"CRO_T013661, CRO_T109842"
M9H77_29659,CRO_T005606
M9H77_29661,"Cro001G.9044.1.p1, CrChr8.2780"
M9H77_29662,CRO_T004623
M9H77_29663,CRO_T004620
M9H77_29666,CRO_T026691
M9H77_29672,"CRO_T016334, CRO_T135412"
M9H77_29675,CRO_T000375
M9H77_29676,CRO_T020962
M9H77_29677,CRO_T018136
M9H77_29678,CRO_T018135
M9H77_29680,"CRO_T014543, Cro001G.9031.1.p1, Cro001G.9031.2.p1, Cro001G.9031.3.p1, Cro001G.9031.4.p1, CrChr8.2767, CRO_T135403"
M9H77_29681,"CRO_T014544, CRO_T135401"
M9H77_29683,"CRO_T002902, CRO_T135397"
M9H77_29684,"Cro001G.9035.1.p1, Cro001G.9035.2.p1, Cro001G.9035.3.p1, Cro001G.9035.4.p1"
M9H77_29685,"CRO_T027039, CRO_T135396"
M9H77_29687,"Cro001G.9033.2.p1, CrChr8.2762"
M9H77_29690,CRO_T027274
M9H77_29691,CRO_T013711
M9H77_29692,"Cro001G.9029.1.p1, Cro001G.9029.2.p1"
M9H77_29693,"CRO_T006957, CrChr8.2760, CRO_T135387"
M9H77_29695,"CRO_T026191, CRO_T135384"
M9H77_29697,"Cro001G.9027.1.p1, CrChr8.2755"
M9H77_29700,"CRO_T030539, CRO_T135375"
M9H77_29701,"Cro001G.9028.1.p1, Cro001G.9028.2.p1"
M9H77_29702,CRO_T030541
M9H77_29703,CRO_T030540
M9H77_29705,CRO_T031406
M9H77_29706,"CRO_T031407, CRO_T135367"
M9H77_29709,CRO_T015988
M9H77_29715,CRO_T017913
M9H77_29717,CRO_T021530
M9H77_29721,"CRO_T020450, Cro001G.9025.1.p1"
M9H77_29723,CRO_T007814
M9H77_29724,"Cro001G.9024.1.p1, CrChr8.2739"
M9H77_29725,CRO_T026957
M9H77_29728,CRO_T015178
M9H77_29729,CRO_T023899
M9H77_29730,CRO_T030201
M9H77_29731,CRO_T030202
M9H77_29733,CRO_T029647
M9H77_29735,CRO_T031458
M9H77_29736,CRO_T031456
M9H77_29737,"CRO_T031457, CRO_T135336"
M9H77_29738,"CRO_T031973, Cro001G.9022.1.p1, CrChr8.2728, CRO_T135334"
M9H77_29740,"CRO_T002468, Cro001G.9021.1.p1, CrChr8.2727"
M9H77_29741,"CRO_T021523, CRO_T135329"
M9H77_29742,CRO_T016607
M9H77_29743,CRO_T016608
M9H77_29745,CRO_T010901
M9H77_29746,CRO_T015623
M9H77_29748,CRO_T015624
M9H77_29749,CRO_T015625
M9H77_29750,"CRO_T015622, CRO_T135319"
M9H77_29751,CRO_T011206
M9H77_29753,CRO_T023504
M9H77_29754,"CRO_T023503, CRO_T135314"
M9H77_29755,CRO_T022380
M9H77_29758,CRO_T012847
M9H77_29759,CRO_T033612
M9H77_29762,CRO_T018452
M9H77_29763,"CRO_T013013, CRO_T135301"
M9H77_29764,"CRO_T013014, CRO_T135300"
M9H77_29765,CRO_T013015
M9H77_29766,CRO_T013016
M9H77_29767,CRO_T002887
M9H77_29768,"CRO_T009607, CRO_T135294"
M9H77_29769,CRO_T009605
M9H77_29770,CRO_T009601
M9H77_29771,CRO_T009602
M9H77_29772,CRO_T009603
M9H77_29773,CRO_T009604
M9H77_29774,CRO_T020626
M9H77_29778,CRO_T027209
M9H77_29779,CRO_T024413
M9H77_29780,CRO_T024412
M9H77_29781,CRO_T010282
M9H77_29783,"CRO_T010281, CRO_T135278"
M9H77_29784,CRO_T026228
M9H77_29786,CRO_T026229
M9H77_29789,"CRO_T005937, Cro001G.9014.1.p1, CrChr8.2702, CRO_T135273"
M9H77_29791,"CRO_T023265, CRO_T135271"
M9H77_29793,CRO_T020254
M9H77_29794,"CRO_T017887, CRO_T135266"
M9H77_29795,"CRO_T017886, Cro001G.9020.1.p1, Cro001G.9020.2.p1, CrChr8.2696, CRO_T135265"
M9H77_29796,"CRO_T017888, CrChr8.2694, CRO_T135264"
M9H77_29797,"Cro001G.9019.1.p1, CrChr8.2693, CRO_T135263"
M9H77_29800,"CRO_T011093, CRO_T135258"
M9H77_29801,"Cro001G.9012.1.p1, CrChr8.2692"
M9H77_29802,CRO_T020668
M9H77_29803,"CRO_T010378, CRO_T135253"
M9H77_29804,"CRO_T010379, CRO_T135252"
M9H77_29805,"CRO_T010377, CrChr8.2689, CRO_T135251"
M9H77_29808,CRO_T015674
M9H77_29809,"CRO_T020288, CRO_T135248"
M9H77_29810,CRO_T029775
M9H77_29811,CRO_T030227
M9H77_29813,CRO_T016605
M9H77_29814,"CRO_T011731, CRO_T135239"
M9H77_29815,"CRO_T011730, Cro001G.9008.1.p1, CrChr8.2683, CRO_T135238"
M9H77_29819,"CRO_T023536, CRO_T135234"
M9H77_29820,CRO_T008760
M9H77_29821,"CRO_T009116, CrChr8.2679, CRO_T135233"
M9H77_29822,CRO_T009117
M9H77_29824,CRO_T014011
M9H77_29825,CRO_T006256
M9H77_29826,"Cro001G.9009.1.p1, CrChr8.2678"
M9H77_29827,CRO_T008901
M9H77_29829,Cro001G.9010.1.p1
M9H77_29830,"CRO_T011761, Cro001G.9004.1.p1, CrChr8.2674, CRO_T135224"
M9H77_29831,CRO_T010180
M9H77_29832,CRO_T024034
M9H77_29833,CRO_T024037
M9H77_29834,"CRO_T024035, CRO_T135220"
M9H77_29835,"Cro001G.9003.1.p1, CRO_T135219"
M9H77_29836,"CRO_T008795, CRO_T135218"
M9H77_29839,"CRO_T010583, CRO_T135213"
M9H77_29842,CRO_T005263
M9H77_29843,CRO_T005262
M9H77_29845,"CRO_T024520, CrChr8.2668, CRO_T135201"
M9H77_29846,"CRO_T024522, CRO_T135200"
M9H77_29848,CRO_T024521
M9H77_29850,CRO_T032120
M9H77_29852,CRO_T024882
M9H77_29853,CRO_T024881
M9H77_29854,"CRO_T024878, Cro001G.8990.1.p1, CRO_T135191"
M9H77_29856,CRO_T024879
M9H77_29857,CRO_T022609
M9H77_29858,CrChr8.2661
M9H77_29859,CrChr8.2660
M9H77_29861,"Cro001G.8997.1.p2, CrChr8.2658"
M9H77_29862,"CRO_T007433, CRO_T135182"
M9H77_29863,"CRO_T002183, CRO_T135181"
M9H77_29869,"CRO_T032480, Cro001G.8989.1.p1, Cro001G.8989.2.p1, CRO_T135174"
M9H77_29870,CRO_T012199
M9H77_29873,CRO_T007801
M9H77_29874,"Cro001G.8988.1.p1, CrChr8.2649"
M9H77_29875,"CRO_T007802, CRO_T135170"
M9H77_29877,CRO_T009621
M9H77_29879,"Cro001G.8986.2.p1, Cro001G.8986.3.p1"
M9H77_29880,CRO_T009620
M9H77_29882,"CRO_T031050, CRO_T135166"
M9H77_29883,CRO_T004649
M9H77_29884,"CRO_T029320, CRO_T135163"
M9H77_29886,"CRO_T010807, Cro001G.8984.1.p1, CrChr8.2639"
M9H77_29888,CrChr8.2637
M9H77_29890,"CRO_T025117, CrChr8.2636, CRO_T135156"
M9H77_29893,"Cro001G.8981.1.p1, CrChr8.2634"
M9H77_29894,CRO_T007870
M9H77_29895,"CRO_T032105, Cro001G.8979.1.p1, CrChr8.2633, CRO_T135151"
M9H77_29898,CRO_T030065
M9H77_29899,Cro001G.8977.1.p1
M9H77_29900,CrChr8.2631
M9H77_29901,CRO_T031810
M9H77_29902,CRO_T014720
M9H77_29903,"CRO_T014719, CRO_T135144"
M9H77_29904,CRO_T014718
M9H77_29905,"Cro001G.8975.1.p1, CrChr8.2630"
M9H77_29906,"CrChr8.2629, CRO_T135142"
M9H77_29907,"CRO_T029915, CRO_T135141"
M9H77_29908,Cro001G.8976.2.p1
M9H77_29909,CRO_T007808
M9H77_29912,"CRO_T019011, CRO_T135136"
M9H77_29913,CRO_T001163
M9H77_29915,CRO_T001162
M9H77_29916,"CRO_T001160, CRO_T135128"
M9H77_29917,Cro001G.8967.1.p1
M9H77_29918,"CRO_T001158, Cro001G.8966.1.p2, CrChr8.2619, CRO_T135125"
M9H77_29919,"CRO_T001156, Cro001G.8966.1.p1, CRO_T135124"
M9H77_29923,CRO_T001161
M9H77_29925,"CRO_T001157, Cro001G.8961.1.p1, CrChr8.2616, CRO_T135121"
M9H77_29926,"CRO_T001155, CrChr8.2615, CRO_T135120"
M9H77_29929,CRO_T022742
M9H77_29930,"CRO_T024584, Cro001G.8964.1.p1, CRO_T135118"
M9H77_29931,"CRO_T024586, Cro001G.8963.1.p1, CrChr8.2613, CRO_T135117"
M9H77_29932,"Cro001G.8956.1.p1, CrChr8.2612"
M9H77_29934,CRO_T024588
M9H77_29935,CRO_T024591
M9H77_29936,CRO_T024589
M9H77_29937,"CRO_T024585, Cro001G.8960.1.p1, CrChr8.2611, CRO_T135115"
M9H77_29940,"CRO_T000740, Cro001G.8954.1.p1, CrChr8.2609, CRO_T135112"
M9H77_29942,CRO_T000744
M9H77_29944,"CRO_T000743, CRO_T135109"
M9H77_29945,CRO_T011661
M9H77_29946,"CRO_T003203, Cro001G.8953.1.p1, CRO_T135101"
M9H77_29948,"CRO_T031832, CRO_T135098"
M9H77_29950,CRO_T024212
M9H77_29951,"CRO_T024210, CRO_T135094"
M9H77_29953,"CRO_T005199, Cro001G.8948.1.p1, CrChr8.2603, CRO_T135092"
M9H77_29954,"Cro001G.8947.1.p2, CrChr8.2602"
M9H77_29955,"Cro001G.8947.1.p1, CrChr8.2601"
M9H77_29957,"Cro001G.8943.1.p1, CrChr8.2599"
M9H77_29958,"CRO_T005197, CRO_T135088"
M9H77_29959,"CRO_T005196, Cro001G.8942.1.p1, CrChr8.2598, CRO_T135087"
M9H77_29961,"CRO_T005195, Cro001G.8941.1.p1, CrChr8.2597, CRO_T135084"
M9H77_29967,CRO_T014939
M9H77_29968,CRO_T014938
M9H77_29969,CRO_T014937
M9H77_29972,CRO_T009844
M9H77_29974,"CRO_T017272, CRO_T135068"
M9H77_29976,CRO_T016042
M9H77_29977,CRO_T021886
M9H77_29978,CRO_T021884
M9H77_29979,CRO_T021885
M9H77_29980,"CRO_T021348, CRO_T135063"
M9H77_29981,Cro001G.8945.1.p1
M9H77_29982,CRO_T029720
M9H77_29983,CRO_T019139
M9H77_29984,CRO_T019140
M9H77_29985,CRO_T019141
M9H77_29987,"Cro001G.8937.2.p1, CrChr8.2584, CRO_T135057"
M9H77_29989,CrChr8.2583
M9H77_29990,"Cro001G.8934.1.p1, CrChr8.2581"
M9H77_29991,CRO_T004146
M9H77_29992,"Cro001G.8930.1.p1, CrChr8.2580, CRO_T135052"
M9H77_29993,"CRO_T004144, Cro001G.8929.1.p1, Cro001G.8929.2.p1, CrChr8.2579, CRO_T135051"
M9H77_29994,"Cro001G.8928.1.p1, CrChr8.2578"
M9H77_29995,"Cro001G.8932.1.p1, CRO_T135048"
M9H77_29996,"CRO_T004145, CrChr8.2576, CRO_T135047"
M9H77_29997,CrChr8.2575
M9H77_29998,"CRO_T004147, CRO_T135046"
M9H77_29999,"Cro001G.8920.1.p1, CrChr8.2574"
M9H77_30000,"Cro001G.8921.1.p1, CrChr8.2573"
M9H77_30001,CRO_T000739
M9H77_30005,"Cro001G.8919.1.p1, Cro001G.8919.7.p1"
M9H77_30006,"CRO_T021642, Cro001G.8916.1.p1"
M9H77_30007,Cro001G.8926.2.p1
M9H77_30009,"CRO_T011548, Cro001G.8925.1.p1, Cro001G.8925.2.p1"
M9H77_30010,"CRO_T008487, CRO_T135031"
M9H77_30011,"Cro001G.8923.1.p1, CrChr8.2564"
M9H77_30012,"Cro001G.8922.1.p1, Cro001G.8922.2.p1, CrChr8.2563"
M9H77_30013,CRO_T022056
M9H77_30015,"CRO_T012361, CRO_T135026"
M9H77_30016,CRO_T012362
M9H77_30019,"Cro001G.8910.1.p1, Cro001G.8910.2.p1, Cro001G.8910.3.p1, CrChr8.2559"
M9H77_30020,"CRO_T012359, Cro001G.8909.1.p1, CrChr8.2558, CRO_T135021"
M9H77_30021,CRO_T011719
M9H77_30022,CRO_T011717
M9H77_30023,CRO_T011718
M9H77_30024,CRO_T011716
M9H77_30026,"Cro001G.8908.1.p1, CrChr8.2556"
M9H77_30027,CRO_T011046
M9H77_30028,CRO_T011047
M9H77_30029,"CRO_T033025, CrChr8.2554, CRO_T135013"
M9H77_30030,"Cro001G.8907.1.p1, CrChr8.2552, CRO_T135012"
M9H77_30031,CrChr8.2551
M9H77_30032,CRO_T016404
M9H77_30033,"CRO_T016401, Cro001G.8902.1.p1, CrChr8.2549, CRO_T135006"
M9H77_30036,CRO_T032999
M9H77_30037,CRO_T033000
M9H77_30039,CRO_T009685
M9H77_30042,CRO_T017391
M9H77_30044,"Cro001G.8900.1.p1, CrChr8.2546"
M9H77_30045,CRO_T025233
M9H77_30046,"Cro001G.8899.1.p1, CrChr8.2544"
M9H77_30047,"Cro001G.8898.1.p1, CrChr8.2543"
M9H77_30048,"CRO_T033081, CrChr8.2542, CRO_T134994"
M9H77_30052,CRO_T023723
M9H77_30054,"CRO_T031579, CRO_T134984"
M9H77_30055,CRO_T010515
M9H77_30056,CRO_T010516
M9H77_30059,"CRO_T033720, CRO_T134976"
M9H77_30060,CRO_T012596
M9H77_30061,CRO_T031004
M9H77_30063,CRO_T022500
M9H77_30064,"Cro001G.8893.1.p1, CrChr8.2530, CRO_T134969"
M9H77_30067,CRO_T023735
M9H77_30070,CRO_T019136
M9H77_30071,"CRO_T014401, CRO_T134961"
M9H77_30072,CRO_T005209
M9H77_30074,CRO_T011471
M9H77_30075,"CRO_T011472, CRO_T134951"
M9H77_30076,CRO_T031822
M9H77_30078,CRO_T006613
M9H77_30079,CRO_T006612
M9H77_30080,CRO_T028718
M9H77_30081,CRO_T027434
M9H77_30082,CRO_T024023
M9H77_30083,CRO_T024722
M9H77_30084,CRO_T024723
M9H77_30085,"CRO_T024724, CRO_T134940"
M9H77_30086,CRO_T024721
M9H77_30087,"CRO_T000316, CRO_T134937"
M9H77_30088,"CRO_T007777, CRO_T134935"
M9H77_30089,CRO_T007775
M9H77_30090,"CRO_T007774, Cro001G.8892.1.p1, Cro001G.8892.2.p1, CrChr8.2518, CRO_T134933"
M9H77_30091,CRO_T007776
M9H77_30094,CRO_T018646
M9H77_30095,CRO_T018647
M9H77_30098,CRO_T007670
M9H77_30100,CRO_T004275
M9H77_30101,"CRO_T005117, Cro001G.5438.1.p1, CRO_T116671"
M9H77_30102,CRO_T031242
M9H77_30103,CRO_T031243
M9H77_30104,"CRO_T006552, Cro001G.5439.1.p1, CrChr8.2495, CRO_T116667"
M9H77_30105,"CRO_T006551, CRO_T116666"
M9H77_30106,"CRO_T006554, CRO_T116665"
M9H77_30107,CRO_T006553
M9H77_30108,CRO_T023181
M9H77_30110,"CRO_T007032, CRO_T116662"
M9H77_30111,"CRO_T007031, Cro001G.5441.1.p3"
M9H77_30112,CRO_T007033
M9H77_30114,"Cro001G.5444.1.p1, Cro001G.5444.4.p1"
M9H77_30117,"Cro001G.5443.1.p1, CrChr8.2490"
M9H77_30118,CRO_T016922
M9H77_30120,CRO_T016923
M9H77_30121,CRO_T006151
M9H77_30122,CrChr8.2485
M9H77_30124,"CrChr8.2484, CRO_T116647"
M9H77_30125,"CRO_T009475, CRO_T116644"
M9H77_30128,"CRO_T031582, CRO_T116642"
M9H77_30132,CRO_T021759
M9H77_30133,"CRO_T029547, CrChr8.2474, CRO_T112809"
M9H77_30137,CrChr8.2473
M9H77_30138,CRO_T001132
M9H77_30139,CRO_T004248
M9H77_30140,CRO_T004249
M9H77_30141,CRO_T004250
M9H77_30142,"CRO_T032835, CRO_T112792"
M9H77_30147,"CRO_T033270, CRO_T112781"
M9H77_30148,CRO_T033268
M9H77_30150,CRO_T023657
M9H77_30153,CRO_T030360
M9H77_30154,CRO_T030954
M9H77_30157,"CRO_T009828, CRO_T112774"
M9H77_30159,"CRO_T009829, CRO_T112772"
M9H77_30160,CRO_T010229
M9H77_30163,"CRO_T007084, CRO_T112770"
M9H77_30164,CRO_T020292
M9H77_30165,CRO_T019639
M9H77_30167,"CRO_T011654, CRO_T112767"
M9H77_30168,"CRO_T011655, CRO_T112766"
M9H77_30169,CRO_T011653
M9H77_30173,CRO_T008658
M9H77_30174,CRO_T008657
M9H77_30175,Cro001G.5459.1.p1
M9H77_30177,"CRO_T018410, CRO_T112759"
M9H77_30178,CRO_T018414
M9H77_30179,CRO_T018413
M9H77_30180,CRO_T018412
M9H77_30181,"CRO_T018411, CRO_T112756"
M9H77_30182,"CRO_T033650, CRO_T112752"
M9H77_30183,CRO_T033651
M9H77_30188,CRO_T026089
M9H77_30189,CRO_T003423
M9H77_30190,"CRO_T003424, CRO_T112746"
M9H77_30191,CRO_T003425
M9H77_30192,CRO_T003426
M9H77_30194,"CRO_T033528, CrChr8.2447, CRO_T112744"
M9H77_30197,"CRO_T004841, CRO_T102528"
M9H77_30198,CRO_T003631
M9H77_30199,CRO_T021910
M9H77_30202,"Cro001G.5452.1.p1, CrChr8.2439"
M9H77_30203,"CRO_T018929, CRO_T102539"
M9H77_30205,"CRO_T018930, Cro001G.5460.1.p1, CRO_T102541"
M9H77_30206,"CRO_T018927, Cro001G.5461.1.p3, CRO_T102542"
M9H77_30208,CRO_T010982
M9H77_30211,CRO_T015325
M9H77_30212,CRO_T015326
M9H77_30213,CRO_T015324
M9H77_30215,CRO_T032116
M9H77_30217,CRO_T011073
M9H77_30221,"CRO_T010339, CRO_T102560"
M9H77_30222,Cro001G.5463.1.p1
M9H77_30223,"Cro001G.5465.1.p1, Cro001G.5465.2.p1"
M9H77_30224,"Cro001G.5467.1.p1, CRO_T102565"
M9H77_30226,"Cro001G.5471.1.p1, Cro001G.5471.2.p1, Cro001G.5471.3.p1, Cro001G.5471.4.p1, Cro001G.5471.5.p1"
M9H77_30229,Cro001G.5472.3.p1
M9H77_30231,CRO_T001782
M9H77_30232,"CRO_T024980, CRO_T102574"
M9H77_30233,CRO_T024979
M9H77_30234,CRO_T006801
M9H77_30235,CRO_T005865
M9H77_30236,CRO_T005866
M9H77_30237,CRO_T005867
M9H77_30239,CRO_T004499
M9H77_30241,CRO_T030401
M9H77_30242,CRO_T018362
M9H77_30244,"CRO_T005124, CRO_T102586"
M9H77_30245,CRO_T005125
M9H77_30247,CRO_T030464
M9H77_30248,CRO_T011347
M9H77_30250,CRO_T018212
M9H77_30251,CRO_T018211
M9H77_30252,"Cro001G.5473.1.p1, CrChr8.2403"
M9H77_30253,"CRO_T015215, CRO_T102596"
M9H77_30255,"CRO_T025123, CrChr8.2400, CRO_T102598"
M9H77_30257,"CRO_T025124, Cro001G.5476.1.p1, CrChr8.2397, CRO_T102605"
M9H77_30258,"CRO_T025891, CRO_T102608"
M9H77_30259,CRO_T014594
M9H77_30260,"Cro001G.5479.2.p1, CrChr8.2392"
M9H77_30262,"CRO_T020585, CRO_T102613"
M9H77_30263,CRO_T020586
M9H77_30264,CRO_T020587
M9H77_30265,"CRO_T020588, CRO_T102614"
M9H77_30267,CRO_T030240
M9H77_30269,CRO_T030238
M9H77_30270,CRO_T011913
M9H77_30271,CRO_T011911
M9H77_30273,CRO_T022216
M9H77_30274,CRO_T022217
M9H77_30275,CRO_T022218
M9H77_30276,"CRO_T015077, CrChr8.2383, CRO_T134927"
M9H77_30277,CRO_T015078
M9H77_30280,CRO_T004229
M9H77_30281,CRO_T004228
M9H77_30286,CRO_T002603
M9H77_30287,CRO_T021373
M9H77_30291,CRO_T031964
M9H77_30292,CRO_T031963
M9H77_30293,CRO_T004449
M9H77_30295,Cro001G.5480.1.p1
M9H77_30296,"CRO_T000850, CRO_T120121"
M9H77_30297,"Cro001G.5482.1.p1, CrChr8.2378, CRO_T120120"
M9H77_30298,"CRO_T014744, CrChr8.2377, CRO_T120119"
M9H77_30309,CRO_T009920
M9H77_30311,CRO_T013150
M9H77_30312,"CRO_T013151, CRO_T117518"
M9H77_30313,CRO_T007566
M9H77_30314,CRO_T007567
M9H77_30316,"CRO_T006645, CRO_T117513"
M9H77_30317,CRO_T030653
M9H77_30318,"CRO_T030652, CRO_T109679"
M9H77_30319,CRO_T010257
M9H77_30321,"CRO_T018459, CRO_T109683"
M9H77_30324,CRO_T004505
M9H77_30325,"CRO_T004507, CRO_T109688"
M9H77_30329,CRO_T000171
M9H77_30331,CRO_T028384
M9H77_30338,"CRO_T021591, CRO_T109697"
M9H77_30339,"CRO_T019249, Cro001G.5492.1.p1, CrChr8.2349, CRO_T109700"
M9H77_30340,CRO_T021031
M9H77_30341,Cro001G.5494.1.p1
M9H77_30343,CRO_T006380
M9H77_30344,"CRO_T006381, CRO_T109708"
M9H77_30346,"CRO_T005311, CRO_T109712"
M9H77_30348,CRO_T011724
M9H77_30351,"CRO_T005725, CRO_T109720"
M9H77_30352,"CRO_T020139, CRO_T109722"
M9H77_30353,"CRO_T020138, CRO_T109723"
M9H77_30354,"CRO_T020140, CRO_T109724"
M9H77_30355,"CRO_T012797, CRO_T109725"
M9H77_30356,CRO_T012798
M9H77_30357,"CRO_T014607, CRO_T109727"
M9H77_30362,CRO_T001691
M9H77_30363,CRO_T006530
M9H77_30364,CRO_T006529
M9H77_30367,"CRO_T017427, CRO_T109734"
M9H77_30368,"CRO_T025157, CRO_T109737"
M9H77_30369,Cro001G.5499.1.p1
M9H77_30370,"CRO_T019901, CRO_T109740"
M9H77_30375,"CRO_T004376, CRO_T120520"
M9H77_30376,CRO_T028845
M9H77_30377,CRO_T029002
M9H77_30379,Cro001G.5505.1.p1
M9H77_30381,CRO_T030208
M9H77_30382,CRO_T030207
M9H77_30385,CRO_T000438
M9H77_30386,CRO_T005055
M9H77_30388,CRO_T030763
M9H77_30389,"Cro001G.5507.1.p1, CrChr8.2298"
M9H77_30390,CRO_T005462
M9H77_30392,CRO_T025023
M9H77_30393,CRO_T025022
M9H77_30397,CRO_T033338
M9H77_30399,Cro001G.5509.1.p1
M9H77_30400,CRO_T003210
M9H77_30401,"CRO_T003212, CRO_T114239"
M9H77_30402,CRO_T003211
M9H77_30404,CRO_T031310
M9H77_30405,CRO_T031311
M9H77_30408,CRO_T008519
M9H77_30409,CRO_T012014
M9H77_30411,"Cro001G.5511.1.p1, CrChr8.2282"
M9H77_30415,"CRO_T011766, Cro001G.5510.1.p1, CrChr8.2280, CRO_T114227"
M9H77_30417,CRO_T013415
M9H77_30418,CRO_T013414
M9H77_30419,CRO_T002649
M9H77_30421,CRO_T001598
M9H77_30422,CRO_T027193
M9H77_30423,"CRO_T004232, CRO_T114220"
M9H77_30425,CRO_T000758
M9H77_30426,CRO_T002197
M9H77_30427,CRO_T000480
M9H77_30429,"Cro001G.5515.1.p1, CrChr8.2274"
M9H77_30430,"CRO_T027154, CRO_T114207"
M9H77_30432,"CRO_T010643, Cro001G.5516.1.p1, Cro001G.5516.2.p1, CrChr8.2273, CRO_T114205"
M9H77_30433,"CRO_T010645, CRO_T114201"
M9H77_30434,CRO_T010642
M9H77_30438,CRO_T028842
M9H77_30440,CRO_T012788
M9H77_30444,"CRO_T005544, CRO_T114198"
M9H77_30446,"CRO_T005545, CRO_T114196"
M9H77_30448,"CRO_T025055, CRO_T114193"
M9H77_30450,"Cro001G.5523.2.p1, CrChr8.2262"
M9H77_30452,CRO_T002626
M9H77_30453,"Cro001G.5524.1.p1, CrChr8.2261"
M9H77_30455,CRO_T001954
M9H77_30457,"CRO_T001955, CRO_T114189"
M9H77_30458,"Cro001G.5527.2.p1, Cro001G.5527.4.p1, CrChr8.2256"
M9H77_30459,"Cro001G.5528.1.p1, CrChr8.2255"
M9H77_30460,CRO_T010442
M9H77_30461,"CRO_T010441, CRO_T114185"
M9H77_30462,CRO_T008030
M9H77_30463,CRO_T008032
M9H77_30464,CRO_T018670
M9H77_30465,"Cro001G.5529.1.p1, CrChr8.2251"
M9H77_30466,"CRO_T018672, CRO_T114179"
M9H77_30468,"CRO_T027440, CrChr8.2247, CRO_T114175"
M9H77_30470,CRO_T023976
M9H77_30474,"CRO_T023339, CRO_T114169"
M9H77_30475,CRO_T028136
M9H77_30476,CRO_T030262
M9H77_30477,CRO_T030261
M9H77_30478,Cro001G.15684.2.p1
M9H77_30479,CRO_T016327
M9H77_30480,CRO_T025812
M9H77_30481,"CRO_T025811, CRO_T114164"
M9H77_30482,CRO_T019809
M9H77_30486,CRO_T000414
M9H77_30487,CRO_T000413
M9H77_30488,CRO_T000416
M9H77_30491,"CRO_T000412, CRO_T114155"
M9H77_30492,"CRO_T000411, CRO_T114153"
M9H77_30494,"CRO_T028975, CRO_T114151"
M9H77_30496,"Cro001G.15683.1.p1, Cro001G.15683.2.p1, CrChr8.2228"
M9H77_30497,CRO_T012099
M9H77_30499,CRO_T022636
M9H77_30501,CRO_T022634
M9H77_30502,CRO_T009832
M9H77_30503,CRO_T009831
M9H77_30504,CRO_T009830
M9H77_30505,CRO_T023450
M9H77_30507,CRO_T019965
M9H77_30508,CRO_T019966
M9H77_30510,"CRO_T019964, CRO_T114132"
M9H77_30513,"CRO_T016081, CRO_T114128"
M9H77_30514,CRO_T021200
M9H77_30515,"CRO_T026993, CrChr8.2216, CRO_T114126"
M9H77_30517,CRO_T013311
M9H77_30521,CRO_T004441
M9H77_30522,"CRO_T004440, CRO_T138253"
M9H77_30524,"CRO_T004440, CRO_T138253"
M9H77_30525,"Cro001G.15687.1.p1, CrChr8.2205"
M9H77_30526,"CRO_T007985, CRO_T114112"
M9H77_30529,CRO_T005868
M9H77_30531,CRO_T005869
M9H77_30532,CRO_T005870
M9H77_30533,CRO_T031160
M9H77_30536,CRO_T010412
M9H77_30537,CRO_T010413
M9H77_30538,CRO_T016041
M9H77_30539,"CRO_T032274, CRO_T114102"
M9H77_30540,CRO_T032273
M9H77_30541,CRO_T023818
M9H77_30542,CRO_T017814
M9H77_30543,CRO_T017815
M9H77_30544,"CRO_T017813, CRO_T114099"
M9H77_30545,CRO_T002188
M9H77_30546,"CRO_T018268, CRO_T114097"
M9H77_30547,CRO_T020766
M9H77_30548,CRO_T026601
M9H77_30551,CRO_T029251
M9H77_30552,CRO_T029250
M9H77_30553,CRO_T029249
M9H77_30554,"CRO_T029252, CRO_T114091"
M9H77_30556,"CRO_T010969, CRO_T114089"
M9H77_30557,Cro001G.15691.1.p1
M9H77_30558,CRO_T003778
M9H77_30560,CRO_T029056
M9H77_30565,CRO_T033167
M9H77_30566,CRO_T001135
M9H77_30567,CRO_T011312
M9H77_30569,"CRO_T002234, CRO_T114076"
M9H77_30570,CRO_T007012
M9H77_30572,Cro001G.15693.1.p1
M9H77_30573,"CRO_T018909, CRO_T114071"
M9H77_30575,CRO_T018032
M9H77_30576,Cro001G.15695.1.p1
M9H77_30578,CRO_T003072
M9H77_30579,"CRO_T003523, CRO_T114065"
M9H77_30580,"CRO_T009482, CRO_T114064"
M9H77_30581,CRO_T009481
M9H77_30583,"CRO_T002167, CRO_T114060"
M9H77_30585,CRO_T002168
M9H77_30587,CRO_T002166
M9H77_30589,CRO_T002164
M9H77_30590,CRO_T011415
M9H77_30591,"CRO_T000507, CRO_T114049"
M9H77_30594,CRO_T000506
M9H77_30595,"CRO_T000511, CRO_T114043"
M9H77_30596,CRO_T000509
M9H77_30598,CRO_T000508
M9H77_30599,CRO_T017069
M9H77_30601,CRO_T025447
M9H77_30602,CRO_T025449
M9H77_30603,"CRO_T025448, CRO_T114038"
M9H77_30604,CRO_T025446
M9H77_30606,CRO_T003017
M9H77_30607,"CRO_T026197, CRO_T114029"
M9H77_30609,"CRO_T015438, CRO_T114026"
M9H77_30611,CRO_T015439
M9H77_30614,CRO_T017273
M9H77_30616,CRO_T017271
M9H77_30618,CRO_T017270
M9H77_30619,"CRO_T017269, CRO_T114021"
M9H77_30620,Cro001G.15703.1.p1
M9H77_30621,Cro001G.15709.1.p1
M9H77_30623,CRO_T000606
M9H77_30624,"CRO_T000608, CRO_T114014"
M9H77_30625,"CRO_T000607, CRO_T114013"
M9H77_30627,CRO_T009162
M9H77_30628,CRO_T008392
M9H77_30629,CRO_T015454
M9H77_30630,CRO_T015456
M9H77_30631,CRO_T015455
M9H77_30634,CRO_T016854
M9H77_30635,CRO_T016854
M9H77_30638,CRO_T001384
M9H77_30639,CRO_T001383
M9H77_30640,CRO_T008549
M9H77_30641,CRO_T008550
M9H77_30642,CRO_T018282
M9H77_30643,CRO_T018281
M9H77_30644,CRO_T018279
M9H77_30645,"CRO_T007393, CRO_T121005"
M9H77_30647,CRO_T023268
M9H77_30651,"CRO_T016243, CRO_T120584"
M9H77_30652,"Cro001G.15715.1.p1, Cro001G.15715.2.p1, Cro001G.15715.3.p1, Cro001G.15715.4.p1"
M9H77_30654,CRO_T007124
M9H77_30657,"CRO_T017738, CRO_T120588"
M9H77_30658,"CRO_T005678, CRO_T120590"
M9H77_30662,"CRO_T013555, CRO_T120595"
M9H77_30663,"CRO_T013556, CRO_T120596"
M9H77_30664,CRO_T013557
M9H77_30665,CRO_T013558
M9H77_30667,"CRO_T022734, CRO_T120600"
M9H77_30668,"CRO_T033203, Cro001G.15717.1.p1, Cro001G.15717.2.p1, Cro001G.15717.4.p1, CrChr8.2134, CRO_T104736"
M9H77_30669,CRO_T023756
M9H77_30670,"CRO_T013299, CRO_T104740"
M9H77_30671,"CRO_T014019, CRO_T104743"
M9H77_30672,"CRO_T014020, CRO_T104744"
M9H77_30673,"CRO_T014018, CRO_T104745"
M9H77_30674,CRO_T014017
M9H77_30675,"CRO_T014021, CRO_T104747"
M9H77_30677,"CRO_T031206, CRO_T104749"
M9H77_30678,"CRO_T031209, CRO_T104750"
M9H77_30681,"CRO_T012777, Cro001G.15722.1.p1, CrChr8.2123, CRO_T104753"
M9H77_30683,"CRO_T001973, CRO_T104757"
M9H77_30685,"CRO_T001974, CRO_T104759"
M9H77_30686,CRO_T021768
M9H77_30687,CRO_T021769
M9H77_30688,CRO_T004954
M9H77_30689,"CRO_T004953, Cro001G.15726.1.p1, CrChr8.2120, CRO_T104764"
M9H77_30691,"CRO_T013602, CRO_T104767"
M9H77_30695,CRO_T030228
M9H77_30699,CRO_T002342
M9H77_30702,"CRO_T021215, CRO_T104779"
M9H77_30704,CRO_T007579
M9H77_30705,CRO_T017638
M9H77_30708,"CRO_T022768, CRO_T104788"
M9H77_30709,CRO_T023107
M9H77_30710,CRO_T019360
M9H77_30711,"CRO_T019359, CRO_T104792"
M9H77_30712,"Cro001G.15734.1.p1, CrChr8.2101"
M9H77_30713,CRO_T017835
M9H77_30715,CRO_T026416
M9H77_30716,"CRO_T011746, CrChr8.2097, CRO_T104799"
M9H77_30718,"CRO_T011747, CRO_T104802"
M9H77_30720,CRO_T027954
M9H77_30721,CRO_T000963
M9H77_30722,CRO_T000962
M9H77_30730,CRO_T020309
M9H77_30731,"CRO_T021457, CRO_T104813"
M9H77_30735,CRO_T027390
M9H77_30736,"CRO_T027391, CRO_T104817"
M9H77_30737,"CRO_T027392, CRO_T104818"
M9H77_30738,"Cro001G.15747.1.p1, CrChr8.2084"
M9H77_30741,CRO_T012172
M9H77_30742,CRO_T025638
M9H77_30745,"CRO_T025639, CRO_T104825"
M9H77_30748,"Cro001G.15748.1.p1, CrChr8.2078, CRO_T104828"
M9H77_30752,CRO_T028083
M9H77_30753,"Cro001G.15755.1.p1, Cro001G.15755.10.p1, Cro001G.15755.12.p1, Cro001G.15755.2.p1, Cro001G.15755.3.p1, Cro001G.15755.4.p1, Cro001G.15755.6.p1, Cro001G.15755.7.p1, Cro001G.15755.8.p1, Cro001G.15755.9.p1"
M9H77_30759,Cro001G.15753.1.p1
M9H77_30764,CRO_T000879
M9H77_30765,CRO_T000040
M9H77_30766,CRO_T007368
M9H77_30768,CRO_T015739
M9H77_30769,CRO_T032348
M9H77_30770,"Cro001G.15758.1.p1, Cro001G.15758.2.p1, CrChr8.2065"
M9H77_30772,CRO_T022358
M9H77_30773,"CRO_T022675, CRO_T111237"
M9H77_30774,CRO_T006302
M9H77_30775,"Cro001G.15761.1.p1, Cro001G.15761.4.p1, Cro001G.15761.5.p1"
M9H77_30777,CRO_T004004
M9H77_30778,"CRO_T030162, CRO_T111227"
M9H77_30780,CRO_T009566
M9H77_30782,CRO_T009565
M9H77_30784,CRO_T018046
M9H77_30785,CRO_T018045
M9H77_30789,CRO_T010094
M9H77_30790,CRO_T010095
M9H77_30792,CRO_T009699
M9H77_30794,CRO_T011298
M9H77_30796,CRO_T030581
M9H77_30797,"CRO_T021509, CRO_T111204"
M9H77_30798,CRO_T021510
M9H77_30800,"CRO_T020928, CrChr8.2038, CRO_T111202"
M9H77_30805,CRO_T006871
M9H77_30806,"CRO_T012563, CRO_T111196"
M9H77_30807,"CRO_T014494, CRO_T111195"
M9H77_30812,"CRO_T032268, CRO_T111642"
M9H77_30817,CRO_T005047
M9H77_30818,CRO_T005048
M9H77_30821,CRO_T004081
M9H77_30822,CRO_T004082
M9H77_30823,"CRO_T004110, CRO_T111629"
M9H77_30825,Cro001G.15779.1.p1
M9H77_30826,"CRO_T005466, CRO_T111624"
M9H77_30827,"CRO_T004606, Cro001G.15773.1.p1"
M9H77_30828,"CRO_T004605, CRO_T111622"
M9H77_30829,"CRO_T004607, CRO_T111621"
M9H77_30831,CRO_T000178
M9H77_30832,"CRO_T000179, CRO_T111619"
M9H77_30833,CRO_T000180
M9H77_30836,Cro001G.15781.1.p1
M9H77_30838,CRO_T004266
M9H77_30839,CRO_T031216
M9H77_30840,CRO_T031217
M9H77_30842,CrChr8.2010
M9H77_30843,CRO_T002535
M9H77_30847,"CRO_T004062, CRO_T111604"
M9H77_30848,CRO_T015940
M9H77_30850,CRO_T025400
M9H77_30853,CRO_T025679
M9H77_30855,CRO_T009335
M9H77_30858,CRO_T009079
M9H77_30859,"CRO_T029069, CRO_T104122"
M9H77_30861,CRO_T004808
M9H77_30863,CRO_T033286
M9H77_30864,CRO_T007203
M9H77_30865,CRO_T007205
M9H77_30866,"Cro001G.15786.1.p1, CrChr8.1990, CRO_T104126"
M9H77_30867,"CRO_T000637, CRO_T104127"
M9H77_30868,"CRO_T000636, CRO_T104128"
M9H77_30872,CRO_T007318
M9H77_30873,CRO_T004251
M9H77_30875,"CRO_T006270, CRO_T104137"
M9H77_30878,CrChr8.1979
M9H77_30880,CRO_T030855
M9H77_30882,"CRO_T003709, CrChr8.1976, CRO_T104148"
M9H77_30883,"CRO_T003710, Cro001G.15794.1.p1, Cro001G.15794.2.p1, Cro001G.15794.3.p1, Cro001G.15794.4.p1, Cro001G.15794.5.p1, Cro001G.15794.7.p1, CrChr8.1974, CRO_T104150"
M9H77_30884,CRO_T032773
M9H77_30885,"CRO_T008528, CRO_T104152"
M9H77_30886,"CRO_T004546, CRO_T104153"
M9H77_30887,"CRO_T004545, CrChr8.1971, CRO_T104155"
M9H77_30890,CRO_T015899
M9H77_30891,"CRO_T015901, CRO_T104160"
M9H77_30894,CRO_T009998
M9H77_30895,CRO_T009997
M9H77_30898,CRO_T011879
M9H77_30900,CRO_T022463
M9H77_30901,"CRO_T030743, CRO_T104170"
M9H77_30902,CRO_T030744
M9H77_30904,CRO_T032597
M9H77_30905,CRO_T032594
M9H77_30907,CRO_T025337
M9H77_30908,CRO_T008209
M9H77_30909,"CRO_T026537, CRO_T104182"
M9H77_30910,"CRO_T026705, CRO_T104184"
M9H77_30911,CRO_T026704
M9H77_30912,CRO_T000726
M9H77_30918,"CRO_T020874, CRO_T104190"
M9H77_30919,CRO_T020875
M9H77_30920,CRO_T020873
M9H77_30922,CRO_T029346
M9H77_30924,CRO_T014587
M9H77_30925,"CRO_T008940, CRO_T104203"
M9H77_30928,"CRO_T015742, CRO_T104208"
M9H77_30929,"CRO_T015743, CRO_T104209"
M9H77_30937,CRO_T022232
M9H77_30939,"CRO_T023177, CrChr8.1911, CrChr8.1929, CRO_T137701"
M9H77_30940,CRO_T137702
M9H77_30944,CRO_T026017
M9H77_30946,"CRO_T003647, Cro001G.15805.1.p1, CrChr8.1923, CRO_T122636"
M9H77_30949,CrChr8.1920
M9H77_30951,CRO_T009013
M9H77_30957,CRO_T003658
M9H77_30958,"CRO_T003657, CRO_T120890"
M9H77_30960,CRO_T003655
M9H77_30962,"CRO_T010806, Cro001G.15807.1.p1, CrChr8.1915, CRO_T120886"
M9H77_30965,"Cro001G.15813.1.p1, CrChr8.1913"
M9H77_30967,CRO_T028388
M9H77_30970,CRO_T019120
M9H77_30973,CRO_T011341
M9H77_30974,CRO_T011342
M9H77_30976,"CRO_T013306, Cro001G.15814.1.p1, CRO_T108015"
M9H77_30978,CRO_T006927
M9H77_30979,CRO_T006926
M9H77_30980,CRO_T029904
M9H77_30982,"CRO_T011306, CRO_T108008"
M9H77_30984,CRO_T028684
M9H77_30986,"CRO_T003624, CrChr8.1905"
M9H77_30988,CrChr8.1902
M9H77_30991,CRO_T012541
M9H77_30993,CRO_T016480
M9H77_30994,CRO_T016481
M9H77_30996,CRO_T016482
M9H77_30999,CRO_T019091
M9H77_31001,CRO_T031752
M9H77_31002,"Cro001G.15832.1.p1, CrChr8.1893"
M9H77_31003,"CRO_T005250, Cro001G.15833.1.p1, CrChr8.1892, CRO_T107989"
M9H77_31004,"CRO_T005252, CRO_T107988"
M9H77_31005,"CRO_T005251, Cro001G.15835.1.p1, CrChr8.1891, CRO_T107987"
M9H77_31007,CRO_T033125
M9H77_31009,"CRO_T013230, CRO_T107985"
M9H77_31010,CRO_T014876
M9H77_31016,"CRO_T028743, CRO_T107980"
M9H77_31019,CRO_T028744
M9H77_31020,"CRO_T028742, CRO_T107978"
M9H77_31022,"CRO_T023760, CRO_T107976"
M9H77_31023,CRO_T023759
M9H77_31026,"CRO_T012908, CRO_T107973"
M9H77_31027,CRO_T003953
M9H77_31029,"CRO_T025058, CRO_T107969"
M9H77_31030,CrChr8.1879
M9H77_31031,CRO_T025134
M9H77_31033,"CRO_T029735, CRO_T107960"
M9H77_31034,"CRO_T029734, CRO_T107959"
M9H77_31035,"Cro001G.15837.1.p1, CrChr8.1871, CRO_T107957"
M9H77_31036,CRO_T014369
M9H77_31038,"Cro001G.15840.2.p1, CrChr8.1868"
M9H77_31041,CRO_T025334
M9H77_31042,"CRO_T025335, CRO_T107949"
M9H77_31043,"CRO_T031821, CRO_T107948"
M9H77_31044,CrChr8.1861
M9H77_31047,CRO_T020235
M9H77_31048,CRO_T031932
M9H77_31050,CRO_T015191
M9H77_31051,"CRO_T015190, CRO_T107944"
M9H77_31054,CRO_T015881
M9H77_31055,"CRO_T015882, CRO_T122557"
M9H77_31056,CRO_T015883
M9H77_31057,CRO_T032338
M9H77_31058,CRO_T012648
M9H77_31060,"Cro001G.15849.1.p2, Cro001G.8891.1.p2"
M9H77_31061,CRO_T026423
M9H77_31062,CRO_T006070
M9H77_31064,"CRO_T005492, CRO_T104537"
M9H77_31065,CRO_T005493
M9H77_31066,"Cro001G.8890.1.p1, CrChr8.1846, CRO_T104539"
M9H77_31067,CRO_T030327
M9H77_31068,"Cro001G.8885.1.p1, CrChr8.1844"
M9H77_31069,"CRO_T003241, CRO_T104542"
M9H77_31072,CRO_T003242
M9H77_31074,CRO_T003244
M9H77_31075,CRO_T003245
M9H77_31076,"CRO_T003243, CRO_T104547"
M9H77_31078,CRO_T026200
M9H77_31079,CRO_T026201
M9H77_31082,"Cro001G.8882.1.p1, Cro001G.8882.2.p1"
M9H77_31083,CRO_T027028
M9H77_31084,CRO_T027027
M9H77_31085,"CRO_T027026, CRO_T104555"
M9H77_31086,"CRO_T027025, CRO_T104556"
M9H77_31087,CRO_T026217
M9H77_31088,CRO_T026218
M9H77_31089,CRO_T022517
M9H77_31090,CRO_T022518
M9H77_31095,"CRO_T030761, CRO_T104568"
M9H77_31097,CRO_T002560
M9H77_31098,"CRO_T002559, Cro001G.8881.1.p1, CrChr8.1829, CRO_T104570"
M9H77_31101,CRO_T028672
M9H77_31103,"Cro001G.8877.1.p1, Cro001G.8877.2.p1"
M9H77_31105,CRO_T011529
M9H77_31107,CRO_T011527
M9H77_31108,"CRO_T011528, Cro001G.8860.1.p1, CRO_T104588"
M9H77_31112,"CRO_T012325, CrChr8.1821, CRO_T104591"
M9H77_31113,CRO_T028395
M9H77_31115,"CRO_T003941, CRO_T104596"
M9H77_31116,"CRO_T003943, CRO_T104599"
M9H77_31119,CRO_T002939
M9H77_31121,CRO_T018642
M9H77_31122,CRO_T030010
M9H77_31123,CRO_T016051
M9H77_31124,"CRO_T016050, CRO_T104608"
M9H77_31125,"CRO_T011426, CRO_T104610"
M9H77_31126,"CRO_T011425, CRO_T104612"
M9H77_31127,CRO_T011427
M9H77_31129,CRO_T015954
M9H77_31132,CRO_T016040
M9H77_31133,CRO_T104615
M9H77_31134,CRO_T011672
M9H77_31135,CRO_T015821
M9H77_31136,CRO_T003389
M9H77_31138,CRO_T007055
M9H77_31139,CRO_T023024
M9H77_31140,"CRO_T023025, CRO_T104632"
M9H77_31141,CRO_T025104
M9H77_31143,CRO_T024300
M9H77_31144,CRO_T007570
M9H77_31147,CRO_T025696
M9H77_31149,CRO_T003589
M9H77_31150,CRO_T005944
M9H77_31158,"CRO_T012183, CRO_T124051"
M9H77_31159,"CRO_T012184, CRO_T124050"
M9H77_31162,"CRO_T012386, CRO_T124046"
M9H77_31163,"CRO_T012387, CRO_T124044"
M9H77_31164,"CRO_T033817, CRO_T124040"
M9H77_31165,CRO_T033816
M9H77_31166,CRO_T009322
M9H77_31167,"Cro001G.8870.1.p1, Cro001G.8870.2.p1"
M9H77_31168,CRO_T009608
M9H77_31171,"CRO_T011614, Cro001G.8869.1.p1, CRO_T124036"
M9H77_31172,"Cro001G.8868.1.p1, CrChr8.1788"
M9H77_31173,"CRO_T011615, CRO_T124034"
M9H77_31176,"CRO_T011137, CRO_T124030"
M9H77_31177,"CRO_T013698, Cro001G.8863.1.p1, CrChr8.1783, CRO_T124029"
M9H77_31179,Cro001G.8862.1.p1
M9H77_31180,"CRO_T015321, Cro001G.8861.1.p1, CrChr8.1781, CRO_T124024"
M9H77_31181,CRO_T015322
M9H77_31187,CRO_T004524
M9H77_31190,"CRO_T026867, CRO_T124014"
M9H77_31191,CRO_T026864
M9H77_31192,CRO_T026863
M9H77_31194,CRO_T026865
M9H77_31195,"CRO_T026866, Cro001G.8850.1.p1, Cro001G.8850.10.p1, Cro001G.8850.11.p2, Cro001G.8850.12.p3, Cro001G.8850.13.p1, Cro001G.8850.14.p1, Cro001G.8850.15.p1, Cro001G.8850.16.p2, Cro001G.8850.17.p2, Cro001G.8850.18.p3, Cro001G.8850.2.p1, Cro001G.8850.20.p2, Cro001G.8850.21.p1, Cro001G.8850.3.p1, Cro001G.8850.4.p1, Cro001G.8850.5.p1, Cro001G.8850.7.p1, Cro001G.8850.8.p1, Cro001G.8850.9.p1"
M9H77_31197,CRO_T009092
M9H77_31198,CRO_T030611
M9H77_31199,"Cro001G.8849.1.p1, CrChr8.1768"
M9H77_31200,"Cro001G.8848.1.p1, CrChr8.1767"
M9H77_31201,CRO_T024888
M9H77_31202,CRO_T024889
M9H77_31203,CRO_T007662
M9H77_31205,"CRO_T006854, CRO_T123995"
M9H77_31207,CRO_T002889
M9H77_31208,"CRO_T002888, CRO_T123992"
M9H77_31211,CRO_T023007
M9H77_31212,"CRO_T023006, CRO_T123988"
M9H77_31213,"CrChr8.1759, CRO_T123987"
M9H77_31216,"CRO_T000738, CrChr8.1756, CRO_T123981"
M9H77_31218,CRO_T123979
M9H77_31221,"CRO_T028299, CRO_T123977"
M9H77_31222,CRO_T028300
M9H77_31223,"CRO_T019294, CRO_T123974"
M9H77_31224,CRO_T019295
M9H77_31226,CRO_T024202
M9H77_31227,"CRO_T024201, CRO_T123970"
M9H77_31228,"CRO_T001739, CRO_T123967"
M9H77_31231,CRO_T003098
M9H77_31232,CRO_T012207
M9H77_31234,"Cro001G.8831.1.p1, CrChr8.1739, CRO_T123958"
M9H77_31236,CRO_T002694
M9H77_31237,Cro001G.8833.2.p1
M9H77_31240,"CRO_T005292, Cro001G.8834.1.p1, CrChr8.1733, CRO_T123952"
M9H77_31241,"Cro001G.8832.1.p1, Cro001G.8832.2.p1, CrChr8.1732"
M9H77_31245,"CRO_T016108, Cro001G.8827.1.p1, CrChr8.1730, CRO_T123948"
M9H77_31246,"Cro001G.8826.1.p1, CrChr8.1729, CRO_T123947"
M9H77_31247,"CRO_T008021, CRO_T123946"
M9H77_31248,CRO_T017518
M9H77_31249,"CRO_T017519, CRO_T123942"
M9H77_31250,CRO_T022657
M9H77_31251,"Cro001G.8824.1.p1, CrChr8.1727, CRO_T123939"
M9H77_31252,"CRO_T000096, CRO_T123938"
M9H77_31254,Cro001G.8823.1.p1
M9H77_31258,"CRO_T006639, CRO_T123930"
M9H77_31260,CRO_T012884
M9H77_31261,"Cro001G.8829.1.p2, CrChr8.1718, CRO_T123927"
M9H77_31263,"CRO_T016972, CRO_T123922"
M9H77_31265,"CRO_T016971, Cro001G.8820.1.p1, CrChr8.1717, CRO_T123921"
M9H77_31266,"Cro001G.8819.1.p1, CrChr8.1715, CRO_T123920"
M9H77_31267,CRO_T022349
M9H77_31268,"CRO_T022347, CRO_T123919"
M9H77_31269,"CRO_T022348, CRO_T123918"
M9H77_31270,"CRO_T022346, CrChr8.1714"
M9H77_31271,"Cro001G.8818.1.p1, CrChr8.1713, CRO_T123916"
M9H77_31273,CRO_T003410
M9H77_31275,"CRO_T003409, Cro001G.8821.1.p1, CRO_T123911"
M9H77_31276,CRO_T018918
M9H77_31277,"CRO_T018921, CRO_T123908"
M9H77_31278,CRO_T018920
M9H77_31279,"CRO_T018911, Cro001G.8816.1.p1, CrChr8.1710, CRO_T123906"
M9H77_31280,"CRO_T018915, Cro001G.8815.1.p1, Cro001G.8815.2.p1, CRO_T123905"
M9H77_31281,CRO_T018912
M9H77_31283,"CRO_T018919, CRO_T123902"
M9H77_31284,CRO_T018916
M9H77_31285,"CRO_T018917, Cro001G.8812.1.p1, CrChr8.1703, CRO_T123899"
M9H77_31286,Cro001G.8814.2.p1
M9H77_31287,"CRO_T004285, Cro001G.8809.1.p1, Cro001G.8809.2.p1, CrChr8.1701, CRO_T123897"
M9H77_31288,CRO_T029849
M9H77_31289,CRO_T029848
M9H77_31291,"Cro001G.8810.1.p1, CrChr8.1700"
M9H77_31292,"Cro001G.8807.1.p1, CrChr8.1699"
M9H77_31296,"CRO_T015820, CrChr8.1696, CRO_T123890"
M9H77_31297,"CRO_T000025, CRO_T123887"
M9H77_31299,"CRO_T000026, CRO_T123886"
M9H77_31300,"CRO_T000024, CRO_T123885"
M9H77_31305,CRO_T004562
M9H77_31307,"CRO_T020613, CRO_T123879"
M9H77_31308,CRO_T020612
M9H77_31309,CRO_T020619
M9H77_31310,CRO_T020616
M9H77_31311,CRO_T020617
M9H77_31312,CRO_T020618
M9H77_31313,CRO_T005373
M9H77_31315,CrChr8.1687
M9H77_31316,"Cro001G.8805.1.p1, Cro001G.8805.2.p1"
M9H77_31317,"CRO_T028533, Cro001G.8802.1.p1, CrChr8.1685, CRO_T123873"
M9H77_31319,"CRO_T024208, CRO_T123869"
M9H77_31386,Cro001G.14651.3.p1
M9H77_31398,"CRO_T032487, Cro001G.14644.1.p1, CrChr8.1616, CRO_T135641"
M9H77_31437,"Cro001G.14625.1.p1, Cro001G.14625.2.p1, Cro001G.14625.3.p1, CRO_T135695"
M9H77_31481,"CRO_T025801, Cro001G.14605.1.p1, CRO_T111491"
M9H77_31521,"CRO_T018832, Cro001G.14588.1.p1, CrChr8.1506, CRO_T120387"
M9H77_31523,"CrChr8.1502, CRO_T120384"
M9H77_31525,Cro001G.14584.1.p1
M9H77_31551,CRO_T028287
M9H77_31573,"CRO_T005404, Cro001G.14566.1.p1, CrChr8.1458, CRO_T120313"
M9H77_31616,"CRO_T013878, CRO_T013877, CRO_T008635, Cro001G.7899.1.p2, Cro001G.7899.3.p1, CrChr4.2088, CrChr5.1999, CrChr5.2001, CrChr7.2754, CrChr8.1434, CRO_T120260, CRO_T100104, CRO_T100106, CRO_T102473"
M9H77_31628,CrChr8.1424
M9H77_31659,"CRO_T002701, Cro001G.14513.1.p1, CrChr8.1396, CRO_T120197"
M9H77_31679,"Cro001G.14499.1.p1, CrChr8.1385"
M9H77_31705,"Cro001G.14494.1.p1, CrChr8.1367"
M9H77_31708,"Cro001G.14489.1.p1, Cro001G.14489.2.p1, CRO_T120144"
M9H77_31710,Cro001G.14484.1.p1
M9H77_31730,CrChr8.1350
M9H77_31767,"Cro001G.11916.1.p1, CRO_T141119"
M9H77_31769,"CRO_T023157, Cro001G.11917.1.p1, CRO_T141116"
M9H77_31865,Cro001G.11988.1.p1
M9H77_31872,"CRO_T032317, CrChr8.1227"
M9H77_31899,Cro001G.12010.1.p1
M9H77_31904,"Cro001G.12009.1.p1, Cro001G.12009.2.p1, Cro001G.12009.3.p1, CrChr8.1205, CRO_T106721"
M9H77_31918,CrChr8.1197
M9H77_31927,"CRO_T021520, Cro001G.12024.1.p1, CrChr8.1182"
M9H77_31931,"CRO_T007049, CrChr8.1178, CRO_T106755"
M9H77_31956,"Cro001G.12048.4.p1, Cro001G.12048.5.p1"
M9H77_31989,"Cro001G.12075.1.p1, Cro001G.12075.2.p1, CrChr8.1108, CRO_T106858"
M9H77_31991,"Cro001G.12077.1.p1, CrChr8.1106, CRO_T106860"
M9H77_32026,CRO_T003108
M9H77_32069,"CRO_T027307, Cro001G.12127.1.p1, CrChr8.1041, CRO_T106947"
M9H77_32109,Cro001G.12151.2.p1
M9H77_32156,"CRO_T031515, Cro001G.12179.1.p1, CrChr8.960, CRO_T129763"
M9H77_32183,"Cro001G.12212.1.p1, CrChr8.930"
M9H77_32201,"CRO_T021961, CRO_T129806"
M9H77_32248,"CRO_T025712, Cro001G.12258.1.p1, CrChr8.881, CRO_T129854"
M9H77_32278,"CRO_T022549, Cro001G.12270.1.p1, CrChr8.855"
M9H77_32282,CRO_T009249
M9H77_32295,"CRO_T016181, Cro001G.12291.1.p1, CrChr8.841, CRO_T129910"
M9H77_32329,Cro001G.12318.1.p1
M9H77_32350,"Cro001G.12324.1.p1, CrChr8.789, CRO_T129966"
M9H77_32356,"CRO_T023796, Cro001G.12336.1.p1, CrChr8.783, CRO_T129973"
M9H77_32367,"CRO_T032737, CRO_T129985"
M9H77_32370,"Cro001G.12340.1.p1, CrChr8.770"
M9H77_32378,"CRO_T013797, Cro001G.12363.1.p1, CrChr8.762, CRO_T129999"
M9H77_32397,CrChr8.744
M9H77_32441,"CRO_T030758, Cro001G.12417.1.p1, CrChr8.678, CRO_T130071"
M9H77_32471,"CRO_T033586, Cro001G.12437.1.p2, CrChr8.652, CRO_T130097"
M9H77_32478,"CRO_T031646, CrChr8.644, CRO_T130105"
M9H77_32482,CrChr8.640
M9H77_32483,CrChr8.639
M9H77_32484,CrChr8.638
M9H77_32485,CrChr8.637
M9H77_32487,CrChr8.635
M9H77_32488,CrChr8.634
M9H77_32490,CrChr8.631
M9H77_32491,CrChr8.630
M9H77_32492,CrChr8.629
M9H77_32495,"Cro001G.12461.1.p1, CrChr8.625"
M9H77_32496,CrChr8.624
M9H77_32497,CrChr8.623
M9H77_32500,CrChr8.620
M9H77_32501,CrChr8.619
M9H77_32502,CrChr8.618
M9H77_32506,CrChr8.612
M9H77_32507,CrChr8.611
M9H77_32511,CrChr8.606
M9H77_32512,"CRO_T020421, Cro001G.12485.1.p1, CrChr8.605, CRO_T130144"
M9H77_32513,CrChr8.604
M9H77_32514,CrChr8.601
M9H77_32515,"Cro001G.12483.2.p1, CrChr8.600"
M9H77_32518,Cro001G.12491.1.p1
M9H77_32520,CRO_T019507
M9H77_32521,CrChr8.595
M9H77_32523,"Cro001G.12496.1.p1, Cro001G.12496.2.p1, CrChr8.592"
M9H77_32524,CrChr8.591
M9H77_32525,CrChr8.590
M9H77_32526,CrChr8.589
M9H77_32530,CrChr8.586
M9H77_32531,CrChr8.585
M9H77_32532,"CRO_T020791, Cro001G.12502.1.p1, CRO_T130166"
M9H77_32534,CrChr8.582
M9H77_32535,CrChr8.581
M9H77_32536,CrChr8.580
M9H77_32537,"CRO_T020794, Cro001G.12506.1.p1, CrChr8.579, CRO_T130171"
M9H77_32539,CrChr8.576
M9H77_32540,CrChr8.575
M9H77_32544,CrChr8.570
M9H77_32547,CrChr8.568
M9H77_32548,CrChr8.567
M9H77_32552,CrChr8.562
M9H77_32556,CrChr8.558
M9H77_32558,CrChr8.556
M9H77_32559,CrChr8.555
M9H77_32561,"CRO_T010070, Cro001G.12529.1.p1, CrChr8.553, CRO_T130196"
M9H77_32567,CrChr8.544
M9H77_32568,CrChr8.543
M9H77_32575,CrChr8.534
M9H77_32583,CrChr8.525
M9H77_32584,CrChr8.524
M9H77_32585,CrChr8.523
M9H77_32620,"CRO_T006826, Cro001G.12546.1.p1, CRO_T130253"
M9H77_32633,"CRO_T011643, CrChr8.479, CRO_T130270"
M9H77_32644,"Cro001G.12585.1.p1, CrChr8.468, CRO_T130281"
M9H77_32652,"Cro001G.12603.1.p1, CrChr8.459"
M9H77_32653,"Cro001G.12603.2.p1, Cro001G.12603.6.p1, CrChr8.458"
M9H77_32695,"Cro001G.12626.1.p1, CrChr8.419"
M9H77_32696,"CRO_T024326, CrChr8.418, CRO_T132109"
M9H77_32712,"Cro001G.12634.1.p1, CrChr8.405"
M9H77_32755,"CRO_T016616, Cro001G.12669.1.p1, CRO_T132048"
M9H77_32787,"CRO_T009169, CrChr8.319, CRO_T132018"
M9H77_32800,"CRO_T027183, CrChr8.305, CRO_T132006"
M9H77_32806,"Cro001G.12712.1.p1, CrChr8.298"
M9H77_32807,CrChr8.297
M9H77_32808,"Cro001G.12705.1.p1, CrChr8.296, CRO_T131999"
M9H77_32811,CrChr8.293
M9H77_32836,"Cro001G.12738.1.p1, Cro001G.12738.2.p1, CrChr8.265, CRO_T131973"
M9H77_32839,"Cro001G.12744.1.p1, Cro001G.12744.2.p1"
M9H77_32844,Cro001G.12749.3.p1
M9H77_32848,"Cro001G.12754.1.p1, CrChr8.250, CRO_T131956"
M9H77_32849,Cro001G.12755.1.p1
M9H77_32856,"Cro001G.12762.1.p1, CRO_T131948"
M9H77_32870,"CRO_T011791, CrChr8.222, CRO_T131936"
M9H77_32875,"CRO_T007778, Cro001G.12790.1.p1, Cro001G.12790.2.p1, CrChr8.217"
M9H77_32890,"Cro001G.12776.1.p1, CrChr8.200"
M9H77_32896,"CRO_T031902, Cro001G.12782.1.p1, Cro001G.12782.3.p1, CrChr8.194, CRO_T131907"
M9H77_32906,CrChr8.186
M9H77_32907,CrChr8.185
M9H77_32908,"Cro001G.12814.1.p1, CrChr8.184"
M9H77_32909,CrChr8.183
M9H77_32911,CrChr8.181
M9H77_32912,CrChr8.180
M9H77_32913,CrChr8.179
M9H77_32915,CrChr8.178
M9H77_32923,CrChr8.172
M9H77_32925,CrChr8.168
M9H77_32926,CrChr8.167
M9H77_32927,CrChr8.166
M9H77_32928,CrChr8.165
M9H77_32930,CrChr8.163
M9H77_32931,CrChr8.162
M9H77_32932,CrChr8.161
M9H77_32945,CrChr8.145
M9H77_32947,CrChr8.143
M9H77_32950,CrChr8.139
M9H77_32952,CrChr8.137
M9H77_32953,CrChr8.136
M9H77_32954,CrChr8.135
M9H77_32955,CrChr8.134
M9H77_32956,CrChr8.133
M9H77_32957,CrChr8.132
M9H77_32958,CrChr8.131
M9H77_32959,CrChr8.130
M9H77_32960,CrChr8.129
M9H77_32961,CrChr8.128
M9H77_32965,CrChr8.124
M9H77_32966,"CRO_T000855, Cro001G.12870.1.p1, CrChr8.123, CRO_T131841"
M9H77_32967,CrChr8.122
M9H77_32969,Cro001G.12872.1.p2
M9H77_32971,CrChr8.119
M9H77_32972,CrChr8.117
M9H77_32974,CrChr8.115
M9H77_32975,CrChr8.114
M9H77_32976,CrChr8.113
M9H77_32977,CrChr8.112
M9H77_32978,CrChr8.111
M9H77_32981,CrChr8.107
M9H77_32982,CrChr8.106
M9H77_32983,CrChr8.105
M9H77_32984,CrChr8.104
M9H77_32987,CrChr8.100
M9H77_32988,CrChr8.98
M9H77_32993,"Cro001G.12856.8.p1, CrChr8.94"
M9H77_32994,CrChr8.93
M9H77_33007,CrChr8.84
M9H77_33010,CrChr8.81
M9H77_33016,CrChr8.75
M9H77_33017,CrChr8.73
M9H77_33018,CrChr8.72
M9H77_33021,CrChr8.69
M9H77_33022,CrChr8.68
M9H77_33024,CrChr8.65
M9H77_33025,CrChr8.64
M9H77_33027,CrChr8.62
M9H77_33028,CrChr8.61
M9H77_33029,CrChr8.60
M9H77_33039,"Cro001G.12916.2.p2, Cro001G.12916.3.p2, CRO_T119405"
M9H77_33041,CrChr8.48
M9H77_33043,CrChr8.46
M9H77_33045,"Cro001G.12904.1.p1, CrChr8.44"
M9H77_33068,"CRO_T002453, Cro001G.12933.1.p1, CrChr8.23, CRO_T124942"
M9H77_33069,"Cro001G.12934.1.p1, CrChr8.22"
M9H77_24676,"Cro001G.14459.1.p1, Cro001G.14459.2.p1"
M9H77_24677,"CRO_T031294, CRO_T126724"
M9H77_24680,"Cro001G.14456.1.p2, CrChr7.3913"
M9H77_24682,"CRO_T008302, Cro001G.14455.1.p1"
M9H77_24683,"CRO_T013194, Cro001G.14448.1.p1, CrChr7.3910, CRO_T126730"
M9H77_24684,CRO_T013196
M9H77_24685,"Cro001G.14446.1.p1, CrChr7.3908"
M9H77_24686,"CRO_T030225, CrChr7.3907, CRO_T124169"
M9H77_24687,"CRO_T030223, Cro001G.14445.1.p1, CrChr7.3906, CRO_T124168"
M9H77_24688,"CRO_T030222, Cro001G.14454.1.p1, CrChr7.3905, CRO_T124167"
M9H77_24689,"Cro001G.14452.1.p1, CrChr7.3904"
M9H77_24690,"CRO_T030221, Cro001G.14453.1.p1, CrChr7.3903, CRO_T124165"
M9H77_24691,"CRO_T030220, CRO_T124164"
M9H77_24692,CRO_T030219
M9H77_24693,"CRO_T002326, Cro001G.14450.1.p1, CrChr7.3898, CRO_T124162"
M9H77_24694,"CRO_T002328, CRO_T124161"
M9H77_24698,Cro001G.14427.1.p1
M9H77_24700,"Cro001G.14435.1.p1, CrChr7.3890, CRO_T124153"
M9H77_24701,CrChr7.3889
M9H77_24708,"CRO_T023283, Cro001G.18727.1.p1, CrChr7.3881, CRO_T125677"
M9H77_24709,"Cro001G.18720.1.p1, CrChr7.3880"
M9H77_24711,"CRO_T023286, Cro001G.18722.1.p2, CrChr7.3878, CRO_T125674"
M9H77_24712,"CRO_T023295, Cro001G.18722.1.p1, Cro001G.18722.2.p1, CRO_T125673"
M9H77_24713,"CRO_T023287, Cro001G.18721.1.p1, CrChr7.3876"
M9H77_24714,"Cro001G.18719.1.p1, CrChr7.3875"
M9H77_24715,"CRO_T023294, Cro001G.18718.1.p1, CrChr7.3874, CRO_T125670"
M9H77_24716,"Cro001G.18715.1.p1, Cro001G.18715.2.p1, Cro001G.18715.3.p1, CrChr7.3873"
M9H77_24717,"CRO_T023277, Cro001G.18716.1.p1, CRO_T125667"
M9H77_24718,CRO_T023289
M9H77_24719,CRO_T125665
M9H77_24720,"CRO_T023290, CRO_T125664"
M9H77_24721,Cro001G.18711.1.p1
M9H77_24722,"CRO_T023279, CRO_T125661"
M9H77_24723,"Cro001G.18714.1.p1, CrChr7.3865"
M9H77_24724,"CRO_T023293, Cro001G.18710.1.p1, CrChr7.3864, CRO_T125659"
M9H77_24726,"Cro001G.18708.1.p2, Cro001G.18708.3.p1, CrChr7.3861, CRO_T125657"
M9H77_24728,"CrChr7.3859, CRO_T127059"
M9H77_24729,"Cro001G.18686.1.p1, CrChr7.3858, CRO_T127060"
M9H77_24730,"Cro001G.18685.1.p1, CrChr7.3857"
M9H77_24731,CRO_T030440
M9H77_24732,"CRO_T030441, Cro001G.18680.1.p1, CrChr7.3855, CRO_T127063"
M9H77_24733,"CRO_T030433, CRO_T127064"
M9H77_24734,CRO_T030434
M9H77_24735,"CRO_T030435, Cro001G.18676.1.p1, CrChr7.3850, CRO_T127066"
M9H77_24736,"CRO_T030436, CrChr7.3849, CRO_T127067"
M9H77_24737,"Cro001G.18677.1.p1, Cro001G.18677.3.p1, CrChr7.3848, CRO_T127068"
M9H77_24739,"CRO_T030442, Cro001G.18675.1.p1, CrChr7.3846, CRO_T127072"
M9H77_24741,"Cro001G.18667.1.p1, Cro001G.18667.4.p1, CrChr7.3837, CRO_T123385"
M9H77_24743,"CRO_T023078, CRO_T123386"
M9H77_24744,CRO_T023079
M9H77_24745,CRO_T018993
M9H77_24746,Cro001G.18666.1.p2
M9H77_24747,"Cro001G.18666.1.p1, Cro001G.18666.2.p1, CRO_T123384"
M9H77_24748,"CRO_T018996, Cro001G.18665.2.p1, CrChr7.3835, CRO_T123383"
M9H77_24749,"Cro001G.18664.1.p1, CrChr7.3834"
M9H77_24750,"CRO_T018991, Cro001G.18662.1.p1, CrChr7.3833, CRO_T123381"
M9H77_24757,"CRO_T022567, CrChr7.3826, CRO_T123375"
M9H77_24787,"CRO_T023045, Cro001G.18644.1.p1, CrChr7.3792, CRO_T127023"
M9H77_24788,"Cro001G.18652.1.p1, CrChr7.3791"
M9H77_24789,"CRO_T027939, CrChr7.3790, CRO_T123317"
M9H77_24790,"CRO_T027940, CRO_T123316"
M9H77_24791,"Cro001G.18643.1.p1, CrChr7.3787, CRO_T123315"
M9H77_24792,"CRO_T027984, Cro001G.18642.1.p2, CRO_T123314"
M9H77_24793,"CRO_T027985, Cro001G.18642.1.p1, CRO_T123313"
M9H77_24794,"Cro001G.18649.1.p1, CrChr7.3784"
M9H77_24795,CRO_T002157
M9H77_24796,CRO_T002156
M9H77_24797,"CRO_T002159, Cro001G.18639.1.p1, CrChr7.3779, CRO_T123308"
M9H77_24798,"Cro001G.18638.1.p1, CrChr7.3778"
M9H77_24799,CrChr7.3777
M9H77_24800,"CRO_T002154, Cro001G.18640.1.p1, Cro001G.18640.2.p1, CrChr7.3776, CRO_T123305"
M9H77_24801,"Cro001G.18637.8.p1, CrChr7.3775"
M9H77_24803,CrChr7.3773
M9H77_24804,"CRO_T027084, Cro001G.18633.1.p1, CRO_T122549"
M9H77_24805,"CRO_T027082, CRO_T122547"
M9H77_24808,"Cro001G.18627.1.p1, CrChr7.3768"
M9H77_24810,CRO_T006131
M9H77_24811,"Cro001G.18624.1.p1, Cro001G.18624.3.p1"
M9H77_24812,"Cro001G.18621.1.p1, Cro001G.18621.2.p1, Cro001G.18621.3.p1, CrChr7.3764"
M9H77_24813,"CRO_T006133, Cro001G.18620.1.p1, CrChr7.3763, CRO_T122538"
M9H77_24814,"CRO_T003547, Cro001G.18619.1.p1, Cro001G.18619.2.p1, CRO_T122537"
M9H77_24815,"Cro001G.18617.1.p1, CrChr7.3761"
M9H77_24816,CRO_T002179
M9H77_24817,"CRO_T002181, Cro001G.18616.1.p1, CrChr7.3760, CRO_T122534"
M9H77_24818,CRO_T002180
M9H77_24819,"CRO_T008146, Cro001G.18618.2.p1, Cro001G.18618.3.p1, Cro001G.18618.4.p1, CrChr7.3757, CRO_T127761"
M9H77_24820,"Cro001G.18618.1.p1, CrChr7.3756"
M9H77_24821,Cro001G.18618.1.p2
M9H77_24822,"CRO_T008145, Cro001G.18607.1.p1, CRO_T127765"
M9H77_24823,CrChr7.3753
M9H77_24824,"CRO_T008149, Cro001G.18608.1.p1, Cro001G.18608.2.p1, Cro001G.18608.4.p1, CrChr7.3752, CRO_T127767"
M9H77_24825,Cro001G.18613.1.p1
M9H77_24826,CRO_T010055
M9H77_24828,CRO_T014831
M9H77_24829,CRO_T014832
M9H77_24830,"CRO_T012735, Cro001G.18606.1.p1, CrChr7.3748, CRO_T127770"
M9H77_24831,"Cro001G.18605.1.p1, CrChr7.3747"
M9H77_24832,"Cro001G.18604.1.p1, CRO_T127772"
M9H77_24833,"Cro001G.18603.1.p1, CrChr7.3745"
M9H77_24834,"CRO_T024867, Cro001G.18602.2.p2, CrChr7.3744, CRO_T127774"
M9H77_24835,"Cro001G.18602.1.p1, CrChr7.3743"
M9H77_24836,"CRO_T024865, Cro001G.18601.1.p1, CrChr7.3742, CRO_T127776"
M9H77_24837,Cro001G.18596.1.p1
M9H77_24838,"CRO_T024872, Cro001G.18596.1.p2, CrChr7.3740, CRO_T127778"
M9H77_24839,"CRO_T024870, Cro001G.18600.1.p1, CRO_T127779"
M9H77_24840,"Cro001G.18599.1.p1, CrChr7.3738"
M9H77_24841,"Cro001G.18598.1.p1, CrChr7.3737"
M9H77_24842,"Cro001G.18584.1.p1, Cro001G.18584.2.p1, CrChr7.3733"
M9H77_24843,"CRO_T030358, CRO_T127784"
M9H77_24844,Cro001G.18582.1.p1
M9H77_24845,"CRO_T017320, CRO_T127786"
M9H77_24847,"CRO_T012736, Cro001G.18593.1.p1, Cro001G.18593.2.p1, Cro001G.18593.3.p1, Cro001G.18593.4.p1, Cro001G.18593.5.p1, CrChr7.3726, CRO_T127788"
M9H77_24848,"CRO_T012737, Cro001G.18587.1.p1, Cro001G.18587.2.p1, Cro001G.18587.3.p1, CrChr7.3725, CRO_T127789"
M9H77_24849,"Cro001G.18592.1.p1, CRO_T127791"
M9H77_24850,"CRO_T021492, Cro001G.18590.1.p1, Cro001G.18590.3.p1, Cro001G.18590.6.p1, CrChr7.3722, CRO_T127792"
M9H77_24851,CRO_T021494
M9H77_24852,CrChr7.3719
M9H77_24853,"CRO_T013950, CRO_T127793"
M9H77_24854,"CRO_T013948, Cro001G.18588.1.p1, CrChr7.3717, CRO_T127794"
M9H77_24856,"CRO_T013947, Cro001G.18579.1.p1, CrChr7.3715"
M9H77_24857,"CRO_T013949, Cro001G.18576.1.p1, CrChr7.3714, CRO_T127797"
M9H77_24858,"Cro001G.18577.1.p1, CrChr7.3713, CRO_T127798"
M9H77_24859,"CRO_T033498, CRO_T127799"
M9H77_24860,"CRO_T033495, Cro001G.18561.1.p1, CrChr7.3710, CRO_T127800"
M9H77_24861,"Cro001G.18559.1.p1, CrChr7.3709, CRO_T127801"
M9H77_24862,CrChr7.3708
M9H77_24863,"CRO_T033493, Cro001G.18564.1.p1, Cro001G.18564.3.p1, CrChr7.3707, CRO_T127803"
M9H77_24864,"CRO_T033483, Cro001G.18565.1.p2, CrChr7.3706, CRO_T127804"
M9H77_24865,CrChr7.3705
M9H77_24869,"CRO_T033491, CRO_T127808"
M9H77_24870,"Cro001G.18557.1.p1, CrChr7.3700"
M9H77_24871,"Cro001G.18555.1.p1, CrChr7.3698"
M9H77_24872,"Cro001G.18554.1.p1, CrChr7.3697, CRO_T127811"
M9H77_24873,"CRO_T033488, Cro001G.18575.1.p1, CrChr7.3696, CRO_T127812"
M9H77_24874,"CRO_T033480, Cro001G.18569.1.p1, Cro001G.18569.2.p1, Cro001G.18569.4.p2, CrChr7.3695, CRO_T127813"
M9H77_24875,"CRO_T033487, Cro001G.18574.1.p1, CrChr7.3694, CRO_T127814"
M9H77_24876,"CRO_T033479, Cro001G.18573.1.p1, CrChr7.3693, CRO_T127815"
M9H77_24877,"CRO_T033486, CrChr7.3692, CRO_T127816"
M9H77_24878,"Cro001G.18569.3.p1, CrChr7.3691"
M9H77_24879,CRO_T033497
M9H77_24880,"CRO_T033485, Cro001G.18571.1.p1, CrChr7.3689, CRO_T127819"
M9H77_24881,"CRO_T025097, CRO_T127820"
M9H77_24883,CrChr7.3686
M9H77_24884,"CRO_T025100, Cro001G.18566.1.p1, CrChr7.3685"
M9H77_24885,"Cro001G.18551.1.p1, Cro001G.18551.4.p1"
M9H77_24886,CRO_T025095
M9H77_24887,"Cro001G.18551.2.p1, CrChr7.3683"
M9H77_24888,"CRO_T025101, Cro001G.18550.1.p1, Cro001G.18550.3.p1, CrChr7.3682"
M9H77_24889,"Cro001G.18542.1.p1, Cro001G.18542.2.p1"
M9H77_24890,Cro001G.18541.1.p1
M9H77_24891,"Cro001G.18539.1.p1, Cro001G.18539.2.p1, CrChr7.3679"
M9H77_24892,"CRO_T015230, CRO_T127830"
M9H77_24893,"CRO_T015229, Cro001G.18537.1.p1, CrChr7.3677, CRO_T127831"
M9H77_24894,"CRO_T007285, CRO_T127832"
M9H77_24895,"CRO_T007282, CrChr7.3675, CRO_T127833"
M9H77_24896,"CRO_T007283, CRO_T127834"
M9H77_24898,CRO_T007284
M9H77_24899,Cro001G.18545.2.p1
M9H77_24900,"CRO_T019125, Cro001G.18545.1.p2"
M9H77_24901,"Cro001G.18543.1.p1, CrChr7.3668"
M9H77_24904,CrChr7.3663
M9H77_24905,"CRO_T013271, Cro001G.18532.1.p1, Cro001G.18532.2.p1, Cro001G.18532.3.p1, Cro001G.18532.4.p1, Cro001G.18536.1.p2, CrChr7.3662, CRO_T127841"
M9H77_24908,CrChr7.3657
M9H77_24909,CrChr7.3656
M9H77_24911,CrChr7.3654
M9H77_24913,CrChr7.3652
M9H77_24914,CrChr7.3651
M9H77_24915,CrChr7.3650
M9H77_24917,CrChr7.3648
M9H77_24918,CrChr7.3647
M9H77_24919,CrChr7.3646
M9H77_24920,CrChr7.3645
M9H77_24921,CrChr7.3644
M9H77_24922,"Cro001G.18521.1.p1, Cro001G.18521.4.p1, CrChr7.3643"
M9H77_24924,CrChr7.3640
M9H77_24928,CrChr7.3635
M9H77_24933,"CRO_T013843, CrChr7.3629"
M9H77_24935,"Cro001G.18511.1.p1, CrChr7.3627"
M9H77_24936,"Cro001G.18510.1.p1, CrChr7.3626"
M9H77_24944,"Cro001G.18500.1.p1, CrChr7.3619"
M9H77_24945,"CRO_T007419, Cro001G.18494.1.p1, CrChr7.3618, CRO_T127882"
M9H77_24948,"CRO_T000135, Cro001G.18492.1.p1, CrChr7.3615, CRO_T127884"
M9H77_24949,"Cro001G.18491.1.p1, CRO_T127885"
M9H77_24951,"CRO_T015092, Cro001G.18490.1.p1, CrChr7.3612, CRO_T127887"
M9H77_24957,"CRO_T009989, Cro001G.18484.1.p1, CrChr7.3606"
M9H77_24959,"CRO_T003349, Cro001G.18481.1.p1, CrChr7.3603, CRO_T127897"
M9H77_24960,Cro001G.18480.1.p1
M9H77_24962,"CRO_T003348, Cro001G.18473.1.p1, CrChr7.3599"
M9H77_24963,Cro001G.18472.1.p1
M9H77_24964,"Cro001G.18476.1.p1, CrChr7.3597"
M9H77_24966,"CRO_T029123, Cro001G.18477.1.p1, CrChr7.3595, CRO_T127905"
M9H77_24967,CRO_T029126
M9H77_24969,"CRO_T018794, Cro001G.18468.1.p1, CrChr7.3591, CRO_T127907"
M9H77_24970,"CRO_T018795, Cro001G.18466.1.p1, CrChr7.3590, CRO_T127908"
M9H77_24971,"CRO_T018796, CRO_T127909"
M9H77_24972,"CRO_T018797, Cro001G.18465.1.p1, CrChr7.3588, CRO_T127910"
M9H77_24973,"Cro001G.18467.1.p1, CrChr7.3587"
M9H77_24974,"CRO_T018798, Cro001G.18464.1.p1, CrChr7.3586, CRO_T127912"
M9H77_24975,"Cro001G.18460.1.p1, CrChr7.3585, CRO_T127913"
M9H77_24976,"CRO_T005755, CRO_T127914"
M9H77_24977,Cro001G.18463.1.p1
M9H77_24978,Cro001G.18462.1.p1
M9H77_24979,"Cro001G.18461.1.p1, Cro001G.18461.2.p1"
M9H77_24980,"CRO_T005753, CrChr7.3579, CRO_T127919"
M9H77_24981,"CRO_T005758, CrChr7.3578, CRO_T127920"
M9H77_24982,CrChr7.3577
M9H77_24984,"Cro001G.18454.1.p1, CrChr7.3575"
M9H77_24985,"CRO_T012174, Cro001G.18453.1.p1, Cro001G.18453.2.p1, CrChr7.3574, CRO_T127924"
M9H77_24986,"CRO_T016398, Cro001G.18452.1.p1, CrChr7.3573, CRO_T127926"
M9H77_24987,"CrChr7.3572, CRO_T127927"
M9H77_24988,"Cro001G.18451.1.p1, CrChr7.3571"
M9H77_24989,Cro001G.18439.1.p1
M9H77_24991,"Cro001G.18437.1.p1, CRO_T127930"
M9H77_24992,"CRO_T002810, Cro001G.18436.1.p1, CrChr7.3568, CRO_T127931"
M9H77_24995,"Cro001G.18434.1.p1, CrChr7.3564"
M9H77_24996,"CRO_T002809, Cro001G.18433.1.p1, Cro001G.18433.2.p1, Cro001G.18433.3.p1, CrChr7.3563, CRO_T127936"
M9H77_24997,"CRO_T002808, CrChr7.3562"
M9H77_24998,Cro001G.18432.1.p1
M9H77_24999,CrChr7.3558
M9H77_25000,"Cro001G.18430.1.p1, CrChr7.3557"
M9H77_25001,"Cro001G.18441.1.p2, CrChr7.3556"
M9H77_25002,"CRO_T016680, Cro001G.18450.1.p1, CrChr7.3555, CRO_T127942"
M9H77_25003,"CRO_T019772, CrChr7.3554, CRO_T127943"
M9H77_25004,"Cro001G.18449.1.p1, CrChr7.3553"
M9H77_25005,Cro001G.18448.1.p1
M9H77_25006,"CRO_T019769, Cro001G.18447.1.p2, CRO_T127946"
M9H77_25007,"Cro001G.18447.1.p1, CrChr7.3550"
M9H77_25008,"Cro001G.18446.1.p1, CrChr7.3549"
M9H77_25009,CRO_T019774
M9H77_25010,"CRO_T019773, Cro001G.18445.1.p2, Cro001G.18445.2.p1, CrChr7.3545, CRO_T127951"
M9H77_25011,Cro001G.18443.2.p1
M9H77_25012,"CRO_T014348, Cro001G.18443.1.p3, Cro001G.18444.1.p3, Cro001G.18444.4.p2, CrChr7.3543, CRO_T127954"
M9H77_25013,CRO_T014349
M9H77_25014,"CRO_T014350, Cro001G.18443.1.p1, CrChr7.3540, CRO_T127956"
M9H77_25015,"CRO_T007834, CRO_T127957"
M9H77_25016,"CRO_T007838, CrChr7.3537, CRO_T127958"
M9H77_25017,"CRO_T007837, Cro001G.18441.1.p1, CrChr7.3536, CRO_T127959"
M9H77_25018,"Cro001G.18428.1.p1, CrChr7.3535"
M9H77_25019,"Cro001G.18426.1.p1, CrChr7.3534, CRO_T127961"
M9H77_25020,Cro001G.18425.1.p1
M9H77_25021,"Cro001G.18427.1.p1, CrChr7.3532"
M9H77_25022,Cro001G.18424.1.p1
M9H77_25023,"CRO_T019355, Cro001G.18420.1.p1, CrChr7.3530, CRO_T127965"
M9H77_25024,"CRO_T016627, CrChr7.3529, CRO_T127966"
M9H77_25025,Cro001G.18421.1.p1
M9H77_25026,"Cro001G.18423.1.p1, CrChr7.3527, CRO_T127968"
M9H77_25027,"Cro001G.18422.1.p1, CRO_T127969"
M9H77_25030,"CRO_T033433, Cro001G.18401.1.p1, CrChr7.3523, CRO_T127971"
M9H77_25031,"CRO_T027021, Cro001G.18400.1.p1, CRO_T127972"
M9H77_25033,"CRO_T018733, CrChr7.3521, CRO_T127973"
M9H77_25034,CrChr7.3520
M9H77_25035,CRO_T018734
M9H77_25037,"Cro001G.18403.1.p2, CrChr7.3514"
M9H77_25038,"CRO_T033824, Cro001G.18402.1.p1, CrChr7.3513, CRO_T127979"
M9H77_25039,"CRO_T033823, CRO_T127980"
M9H77_25040,"Cro001G.18396.1.p1, Cro001G.18396.2.p1, Cro001G.18396.3.p1"
M9H77_25041,"CRO_T033826, Cro001G.18394.1.p1, CrChr7.3509, CRO_T127982"
M9H77_25042,Cro001G.18395.1.p1
M9H77_25043,"CRO_T033820, Cro001G.18392.1.p1, CrChr7.3506, CRO_T127984"
M9H77_25044,"CRO_T033825, Cro001G.18419.4.p1, CrChr7.3505, CRO_T127985"
M9H77_25045,"Cro001G.18418.1.p1, CrChr7.3504, CRO_T127986"
M9H77_25046,Cro001G.18417.2.p1
M9H77_25048,"CRO_T011010, Cro001G.18412.1.p1, CrChr7.3501, CRO_T127989"
M9H77_25049,"Cro001G.18416.1.p1, Cro001G.18416.2.p1, Cro001G.18416.3.p1, Cro001G.18416.5.p1"
M9H77_25052,"Cro001G.18415.1.p1, CrChr7.3499"
M9H77_25053,"CRO_T003847, CrChr7.3498, CRO_T127993"
M9H77_25054,"CRO_T003849, CrChr7.3497"
M9H77_25055,CrChr7.3496
M9H77_25056,"CRO_T028451, Cro001G.18413.1.p1, CrChr7.3495, CRO_T127995"
M9H77_25059,"CRO_T000734, Cro001G.18410.1.p1, CrChr7.3491, CRO_T128000"
M9H77_25060,"CRO_T006170, Cro001G.18409.1.p1, CrChr7.3490"
M9H77_25061,CrChr7.3488
M9H77_25062,CRO_T006174
M9H77_25063,"CRO_T006173, Cro001G.18391.1.p1, Cro001G.18391.2.p2, Cro001G.18391.3.p2, CrChr7.3485"
M9H77_25064,"CRO_T006172, Cro001G.18390.1.p2, Cro001G.18391.1.p2, CrChr7.3484, CRO_T128005"
M9H77_25065,CRO_T006169
M9H77_25066,"Cro001G.18389.1.p1, CrChr7.3479, CRO_T128007"
M9H77_25067,"CRO_T006168, Cro001G.18388.1.p1, Cro001G.18388.3.p1, CrChr7.3478, CRO_T128008"
M9H77_25068,CRO_T006175
M9H77_25070,"CRO_T019169, Cro001G.18385.1.p1, CrChr7.3477, CRO_T128011"
M9H77_25071,"CRO_T019171, CrChr7.3476, CRO_T128012"
M9H77_25072,"CRO_T019172, Cro001G.18384.1.p1, CrChr7.3475, CRO_T128013"
M9H77_25073,CRO_T019175
M9H77_25074,"CRO_T019170, Cro001G.18379.1.p1, CrChr7.3474, CRO_T128015"
M9H77_25075,CRO_T128017
M9H77_25076,"Cro001G.18386.2.p1, Cro001G.18386.4.p1"
M9H77_25077,Cro001G.18382.1.p1
M9H77_25078,"CRO_T010151, Cro001G.18381.1.p2, CrChr7.3471, CRO_T128019"
M9H77_25079,"Cro001G.18381.1.p1, CRO_T128020"
M9H77_25081,"CRO_T014713, Cro001G.18369.1.p1, CRO_T128024"
M9H77_25082,"Cro001G.18374.1.p1, CrChr7.3468"
M9H77_25084,"CRO_T020037, CRO_T128029"
M9H77_25086,"CRO_T020033, Cro001G.18375.1.p1, CrChr7.3465, CRO_T128030"
M9H77_25087,Cro001G.18373.2.p1
M9H77_25088,"CRO_T020038, CrChr7.3463, CRO_T128032"
M9H77_25090,CrChr7.3461
M9H77_25091,CRO_T020036
M9H77_25093,"Cro001G.18362.1.p1, CRO_T128038"
M9H77_25096,"Cro001G.18366.5.p1, Cro001G.18366.6.p1, Cro001G.18366.9.p1, CrChr7.3455"
M9H77_25097,"CRO_T008122, Cro001G.18366.6.p2"
M9H77_25098,"CRO_T008123, CRO_T128044"
M9H77_25099,"Cro001G.18366.1.p1, Cro001G.18366.2.p1, Cro001G.18366.3.p1, Cro001G.18366.4.p1, CrChr7.3453"
M9H77_25100,"Cro001G.18358.1.p1, CrChr7.3452"
M9H77_25102,CRO_T015614
M9H77_25103,"CRO_T028810, Cro001G.18359.1.p1, CrChr7.3449, CRO_T128051"
M9H77_25104,"CRO_T028812, CRO_T136923"
M9H77_25107,Cro001G.18355.1.p1
M9H77_25108,CRO_T012231
M9H77_25109,CRO_T011539
M9H77_25110,"CRO_T021545, Cro001G.18352.1.p1, CrChr7.3443, CRO_T128058"
M9H77_25111,CRO_T021548
M9H77_25112,CRO_T021549
M9H77_25113,"CRO_T021546, Cro001G.18351.1.p1, Cro001G.18351.2.p1, CRO_T128060"
M9H77_25114,Cro001G.18349.1.p1
M9H77_25115,"Cro001G.18350.1.p1, Cro001G.18350.2.p1, Cro001G.18350.3.p1, CRO_T128062"
M9H77_25117,"CRO_T030700, Cro001G.18346.1.p1, CRO_T128066"
M9H77_25119,Cro001G.18344.1.p2
M9H77_25120,"CRO_T030702, Cro001G.18345.1.p1, CRO_T128068"
M9H77_25121,CRO_T030704
M9H77_25122,"Cro001G.18343.1.p1, CrChr7.3431"
M9H77_25123,"CRO_T006365, Cro001G.18342.1.p1, CRO_T128072"
M9H77_25125,"Cro001G.18340.1.p1, Cro001G.18340.2.p1, Cro001G.18340.4.p1, Cro001G.18340.7.p1, CRO_T128074"
M9H77_25126,"CRO_T019511, CRO_T128075"
M9H77_25127,"CRO_T019510, Cro001G.18340.1.p2, Cro001G.18340.2.p2, Cro001G.18340.3.p1, Cro001G.18340.4.p2, Cro001G.18341.1.p1, Cro001G.18341.2.p1, CrChr7.3428, CRO_T128076"
M9H77_25129,"CRO_T029689, Cro001G.18339.1.p1, Cro001G.18339.2.p1, CRO_T128078"
M9H77_25131,CRO_T128080
M9H77_25132,"Cro001G.18337.1.p1, CRO_T128082"
M9H77_25133,Cro001G.18336.1.p1
M9H77_25134,"CRO_T023498, Cro001G.18335.1.p1, CrChr7.3423"
M9H77_25138,CRO_T033801
M9H77_25139,"CRO_T033800, CRO_T128088"
M9H77_25140,"Cro001G.18334.1.p1, CRO_T128089"
M9H77_25141,"CRO_T000994, CRO_T128090"
M9H77_25142,Cro001G.18333.1.p1
M9H77_25145,CRO_T002102
M9H77_25147,"CRO_T002103, Cro001G.18332.1.p1, CRO_T128096"
M9H77_25148,Cro001G.18331.1.p1
M9H77_25149,"CRO_T016957, Cro001G.18330.1.p1"
M9H77_25150,"Cro001G.18327.1.p1, Cro001G.18327.3.p1"
M9H77_25151,CRO_T016960
M9H77_25152,CRO_T016954
M9H77_25153,CRO_T016959
M9H77_25154,"Cro001G.18324.1.p1, CRO_T128101"
M9H77_25155,Cro001G.18323.1.p1
M9H77_25156,"CRO_T012713, Cro001G.18326.1.p1"
M9H77_25159,Cro001G.18322.1.p1
M9H77_25160,"CRO_T012595, CRO_T128108"
M9H77_25161,"Cro001G.18321.1.p1, Cro001G.18321.2.p1, Cro001G.18321.3.p1"
M9H77_25162,"CRO_T011049, CRO_T128110"
M9H77_25165,Cro001G.18319.1.p1
M9H77_25166,"Cro001G.18318.1.p1, CrChr7.3405"
M9H77_25167,"CRO_T020920, CRO_T128116"
M9H77_25168,"CRO_T020921, CRO_T128117"
M9H77_25169,"Cro001G.18317.1.p1, CrChr7.3404"
M9H77_25170,"CRO_T020918, Cro001G.18315.1.p1, CrChr7.3403, CRO_T128119"
M9H77_25171,"CRO_T020919, CRO_T128120"
M9H77_25172,"CRO_T020922, CRO_T128121"
M9H77_25174,CRO_T027720
M9H77_25175,"CRO_T027719, Cro001G.18308.2.p1, CRO_T128124"
M9H77_25178,"Cro001G.18309.4.p1, CrChr7.3395"
M9H77_25179,"CRO_T008181, Cro001G.18313.1.p1, CRO_T128129"
M9H77_25180,"CRO_T008182, Cro001G.18312.1.p1, CRO_T128130"
M9H77_25182,"Cro001G.18311.1.p1, Cro001G.18311.2.p1, Cro001G.18311.4.p1, CrChr7.3391"
M9H77_25183,"CRO_T023400, CrChr7.3390"
M9H77_25184,"Cro001G.18309.1.p2, CrChr7.3389, CRO_T128133"
M9H77_25185,"CRO_T023396, Cro001G.18309.1.p1, Cro001G.18309.2.p1, Cro001G.18309.3.p1, CrChr7.3388, CRO_T128134"
M9H77_25186,"Cro001G.18302.2.p1, Cro001G.18302.3.p1, Cro001G.18302.4.p1, Cro001G.18302.5.p1, Cro001G.18302.6.p1, Cro001G.18302.8.p1, CrChr7.3387, CRO_T128135"
M9H77_25187,"CRO_T019848, Cro001G.18301.1.p1, Cro001G.18301.2.p1, CRO_T128136"
M9H77_25188,"Cro001G.18300.1.p1, CrChr7.3385"
M9H77_25193,"CRO_T013104, Cro001G.18299.1.p1, CrChr7.3378"
M9H77_25194,CRO_T013105
M9H77_25196,CRO_T000585
M9H77_25197,"CRO_T000584, Cro001G.18298.1.p1, CrChr7.3375"
M9H77_25198,"CRO_T017219, CRO_T107729"
M9H77_25200,"Cro001G.18297.1.p1, Cro001G.18297.2.p1, Cro001G.18297.3.p1, CrChr7.3371"
M9H77_25202,"CRO_T010331, Cro001G.18296.1.p1, CrChr7.3370, CRO_T107732"
M9H77_25203,Cro001G.18295.1.p1
M9H77_25204,"Cro001G.18293.1.p1, Cro001G.18294.1.p1, CrChr7.3368"
M9H77_25205,"Cro001G.18293.1.p2, CrChr7.3367"
M9H77_25206,"CRO_T014872, Cro001G.18291.1.p1, CrChr7.3366"
M9H77_25207,Cro001G.18290.1.p1
M9H77_25209,CRO_T007039
M9H77_25211,"CRO_T030873, Cro001G.18289.1.p1, CrChr7.3362, CRO_T107739"
M9H77_25212,"CRO_T030872, CRO_T107740"
M9H77_25213,"Cro001G.18288.1.p1, CrChr7.3361, CRO_T107741"
M9H77_25214,"Cro001G.18292.1.p1, Cro001G.18292.3.p1, Cro001G.18292.4.p1, Cro001G.18292.8.p1, Cro001G.18292.9.p1, CrChr7.3360"
M9H77_25215,"CRO_T030979, CRO_T107743"
M9H77_25216,"CRO_T030980, CRO_T107744"
M9H77_25218,"CRO_T024687, Cro001G.18277.1.p1, CrChr7.3359, CRO_T107745"
M9H77_25219,Cro001G.18276.1.p1
M9H77_25221,CRO_T029656
M9H77_25223,CRO_T003979
M9H77_25226,Cro001G.18274.1.p1
M9H77_25227,"CRO_T003981, Cro001G.18273.1.p1, CrChr7.3355, CRO_T107750"
M9H77_25228,"CRO_T003982, Cro001G.18271.1.p1, CrChr7.3354, CRO_T107752"
M9H77_25230,"CRO_T006740, Cro001G.18270.1.p1, CrChr7.3353, CRO_T107757"
M9H77_25231,"Cro001G.18275.1.p1, Cro001G.18275.11.p1, Cro001G.18275.6.p1, Cro001G.18275.8.p1"
M9H77_25233,CRO_T014422
M9H77_25234,CRO_T014875
M9H77_25235,CRO_T027030
M9H77_25236,CRO_T027031
M9H77_25237,"Cro001G.18286.1.p1, Cro001G.18286.2.p1, Cro001G.18286.3.p1, Cro001G.18286.4.p1, CrChr7.3350"
M9H77_25239,"CRO_T014485, CRO_T107769"
M9H77_25240,"CRO_T014486, CrChr7.3348, CRO_T107770"
M9H77_25241,"CRO_T001365, Cro001G.18284.1.p1, CRO_T107771"
M9H77_25242,Cro001G.18283.1.p1
M9H77_25243,"CRO_T001368, Cro001G.18282.1.p1, Cro001G.18282.2.p1, CrChr7.3344"
M9H77_25244,CrChr7.3343
M9H77_25246,"CRO_T001369, Cro001G.18281.1.p1, Cro001G.18281.2.p2, Cro001G.18281.3.p1, CrChr7.3341, CRO_T107775"
M9H77_25247,"CRO_T001370, Cro001G.18280.1.p1, Cro001G.18280.2.p1, CrChr7.3340, CRO_T107776"
M9H77_25249,"CRO_T012518, CRO_T107777"
M9H77_25250,"CRO_T012516, CrChr7.3339"
M9H77_25251,CRO_T012517
M9H77_25254,"CRO_T012031, Cro001G.18262.1.p1, CrChr7.3336, CRO_T107781"
M9H77_25255,"CRO_T013761, CRO_T107783"
M9H77_25257,"CRO_T007825, Cro001G.18260.1.p1, CrChr7.3333, CRO_T107788"
M9H77_25258,CRO_T017463
M9H77_25260,"CRO_T015227, CrChr7.3332, CRO_T107790"
M9H77_25261,"CRO_T015226, Cro001G.18257.1.p1, CrChr7.3331, CRO_T107791"
M9H77_25262,Cro001G.18256.2.p1
M9H77_25264,CrChr7.3328
M9H77_25265,CrChr7.3327
M9H77_25266,"Cro001G.18265.1.p1, Cro001G.18265.2.p1, Cro001G.18265.3.p1, CrChr7.3326"
M9H77_25267,"CRO_T031978, Cro001G.18264.2.p1, CrChr7.3325, CRO_T107799"
M9H77_25268,"Cro001G.18255.1.p1, Cro001G.18255.2.p1, Cro001G.18255.3.p1, CrChr7.3324, CRO_T107800"
M9H77_25269,"CRO_T023708, Cro001G.18247.1.p1, CrChr7.3323, CRO_T107803"
M9H77_25271,CRO_T018997
M9H77_25273,CRO_T107806
M9H77_25274,CrChr7.3322
M9H77_25275,CrChr7.3321
M9H77_25276,"CRO_T031333, CRO_T107808"
M9H77_25277,"Cro001G.18251.1.p1, CrChr7.3319"
M9H77_25278,"CRO_T031331, CRO_T107810"
M9H77_25279,Cro001G.18250.1.p1
M9H77_25280,CrChr7.3317
M9H77_25281,"Cro001G.18245.1.p1, CrChr7.3316"
M9H77_25283,"CRO_T002133, Cro001G.18244.1.p1, CrChr7.3315"
M9H77_25284,"Cro001G.18243.1.p1, CrChr7.3314, CRO_T107816"
M9H77_25286,CRO_T015617
M9H77_25287,"Cro001G.18242.1.p1, CrChr7.3312"
M9H77_25288,"Cro001G.18241.1.p1, CRO_T107823"
M9H77_25292,CRO_T033449
M9H77_25293,"Cro001G.18240.1.p1, CrChr7.3309"
M9H77_25294,"Cro001G.18237.1.p1, CrChr7.3308"
M9H77_25295,CRO_T005248
M9H77_25296,"CRO_T005247, CrChr7.3307, CRO_T107829"
M9H77_25297,"Cro001G.18235.1.p1, CrChr7.3306"
M9H77_25301,CRO_T024308
M9H77_25302,CRO_T017334
M9H77_25304,CRO_T012598
M9H77_25305,Cro001G.18233.1.p1
M9H77_25308,"CRO_T007741, CRO_T125341"
M9H77_25310,CRO_T015773
M9H77_25311,"CRO_T017184, Cro001G.18234.1.p1, CrChr7.3293, CRO_T125338"
M9H77_25312,CRO_T017183
M9H77_25313,"Cro001G.18232.1.p1, Cro001G.18232.3.p1"
M9H77_25314,"CRO_T011785, CRO_T125335"
M9H77_25316,"Cro001G.18231.1.p1, Cro001G.18231.3.p1, CRO_T125333"
M9H77_25317,"Cro001G.18230.1.p1, CrChr7.3290, CRO_T125332"
M9H77_25318,"CRO_T010443, Cro001G.18228.1.p1, CrChr7.3289, CRO_T125331"
M9H77_25321,"Cro001G.18225.1.p1, CRO_T140258"
M9H77_25322,"CRO_T016408, CrChr7.3287, CRO_T140260"
M9H77_25326,CRO_T028530
M9H77_25327,CRO_T028529
M9H77_25329,CRO_T001613
M9H77_25331,CRO_T011495
M9H77_25332,CRO_T023264
M9H77_25334,CRO_T014071
M9H77_25335,CRO_T014072
M9H77_25336,CRO_T014070
M9H77_25337,CRO_T019234
M9H77_25338,CRO_T019233
M9H77_25339,CRO_T029891
M9H77_25340,"CRO_T029887, CRO_T140270"
M9H77_25341,"CRO_T029888, CRO_T140271"
M9H77_25343,CRO_T029890
M9H77_25346,CRO_T004053
M9H77_25347,CRO_T004054
M9H77_25349,CRO_T004056
M9H77_25350,"CRO_T004059, CRO_T140278"
M9H77_25351,"CRO_T004058, CRO_T140279"
M9H77_25352,CRO_T004057
M9H77_25353,CRO_T008877
M9H77_25354,"CRO_T008876, Cro001G.18216.1.p1, CRO_T140282"
M9H77_25355,"Cro001G.18215.1.p1, CrChr7.3270"
M9H77_25356,"Cro001G.18214.1.p1, CrChr7.3269"
M9H77_25359,CRO_T013943
M9H77_25361,"Cro001G.18206.1.p1, CrChr7.3265"
M9H77_25362,"CRO_T014058, Cro001G.18203.1.p1, CrChr7.3263, CRO_T140295"
M9H77_25363,"CRO_T015874, Cro001G.18204.1.p1, CrChr7.3261, CRO_T140296"
M9H77_25364,"CRO_T015873, CRO_T140297"
M9H77_25365,"CRO_T015877, CRO_T140298"
M9H77_25366,"CRO_T015878, CRO_T140300"
M9H77_25367,"CRO_T015879, CRO_T140301"
M9H77_25368,"Cro001G.18207.1.p1, Cro001G.18207.3.p1, CrChr7.3259"
M9H77_25369,"Cro001G.18200.1.p1, CrChr7.3258"
M9H77_25370,CRO_T021270
M9H77_25374,"Cro001G.18197.1.p1, Cro001G.18197.2.p1, CRO_T140310"
M9H77_25375,CRO_T016523
M9H77_25376,"Cro001G.18198.1.p1, CrChr7.3252"
M9H77_25378,"Cro001G.18196.1.p1, Cro001G.18196.2.p1, CRO_T140315"
M9H77_25380,"CRO_T004659, Cro001G.18185.1.p1, CrChr7.3248, CRO_T140319"
M9H77_25383,"CRO_T027716, CrChr7.3246, CRO_T140324"
M9H77_25385,"CRO_T009426, CrChr7.3245, CRO_T140328"
M9H77_25387,CRO_T009427
M9H77_25388,CRO_T009425
M9H77_25390,"Cro001G.18183.1.p1, Cro001G.18183.3.p1"
M9H77_25391,CRO_T021973
M9H77_25392,"Cro001G.18179.1.p1, CrChr7.3240"
M9H77_25393,"Cro001G.18178.1.p1, CrChr7.3239"
M9H77_25394,"CRO_T028175, Cro001G.18177.1.p1"
M9H77_25395,"Cro001G.18176.1.p1, Cro001G.18176.3.p1, CrChr7.3237"
M9H77_25396,CRO_T027394
M9H77_25397,Cro001G.18172.1.p1
M9H77_25398,"Cro001G.18170.1.p1, CrChr7.3233"
M9H77_25399,"CRO_T003469, CRO_T140342"
M9H77_25401,CRO_T019036
M9H77_25402,Cro001G.18169.1.p1
M9H77_25405,"CRO_T005032, Cro001G.18171.1.p2, Cro001G.18171.2.p2, Cro001G.18171.3.p2, CrChr7.3228, CRO_T140352"
M9H77_25406,"CRO_T029802, CRO_T140354"
M9H77_25407,"CRO_T029800, CrChr7.3227, CRO_T140355"
M9H77_25409,CRO_T028712
M9H77_25410,CRO_T028711
M9H77_25411,"CRO_T028710, Cro001G.18187.1.p1, Cro001G.18187.2.p1, CrChr7.3225, CRO_T140358"
M9H77_25412,"Cro001G.18194.1.p1, Cro001G.18194.2.p1"
M9H77_25413,"CRO_T026936, Cro001G.18193.1.p1, CrChr7.3223, CRO_T140361"
M9H77_25416,"Cro001G.18191.1.p1, CrChr7.3220, CRO_T140364"
M9H77_25417,"CRO_T026934, Cro001G.18190.1.p1, CrChr7.3219"
M9H77_25418,CRO_T026933
M9H77_25419,CrChr7.3217
M9H77_25420,Cro001G.18186.2.p1
M9H77_25421,CRO_T026942
M9H77_25422,"CRO_T026941, CRO_T140371"
M9H77_25423,"CRO_T026937, Cro001G.18164.1.p1, CrChr7.3213, CRO_T140372"
M9H77_25424,CRO_T026930
M9H77_25426,Cro001G.18165.2.p1
M9H77_25427,"Cro001G.18163.1.p1, CrChr7.3211, CRO_T140375"
M9H77_25428,"Cro001G.18162.1.p1, Cro001G.18162.2.p1, CrChr7.3210"
M9H77_25429,"Cro001G.18161.3.p1, CrChr7.3208"
M9H77_25430,"CRO_T027366, Cro001G.18158.1.p1, CrChr7.3207, CRO_T140378"
M9H77_25431,CRO_T027367
M9H77_25432,CRO_T003510
M9H77_25433,CRO_T003509
M9H77_25434,"CRO_T033058, CRO_T140381"
M9H77_25436,"CRO_T033057, Cro001G.18155.1.p1, CrChr7.3204, CRO_T140382"
M9H77_25437,"CRO_T024940, Cro001G.18157.1.p1, Cro001G.18157.2.p1, Cro001G.18157.3.p1, Cro001G.18157.4.p1, Cro001G.18157.5.p1, CRO_T140385"
M9H77_25438,"CRO_T024941, Cro001G.18156.1.p1, CrChr7.3202, CRO_T140386"
M9H77_25439,"CRO_T019094, Cro001G.18154.1.p1, CrChr7.3201, CRO_T140388"
M9H77_25440,"CRO_T019093, CrChr7.3200, CRO_T140389"
M9H77_25444,"CRO_T015198, Cro001G.18153.1.p1, CrChr7.3198, CRO_T140390"
M9H77_25445,CRO_T015199
M9H77_25446,"CRO_T011775, Cro001G.18151.1.p1, CrChr7.3197, CRO_T135576"
M9H77_25447,"Cro001G.18152.1.p1, Cro001G.18152.3.p1, Cro001G.18152.5.p1, CrChr7.3196"
M9H77_25450,CRO_T019608
M9H77_25451,CRO_T019609
M9H77_25452,CRO_T019610
M9H77_25453,"CRO_T033348, Cro001G.18147.1.p1, CrChr7.3193, CRO_T140398"
M9H77_25454,"Cro001G.18146.1.p1, CrChr7.3192, CRO_T140402"
M9H77_25457,CrChr7.3190
M9H77_25458,"Cro001G.18143.1.p1, CrChr7.3189, CRO_T140405"
M9H77_25459,CRO_T009701
M9H77_25460,"CRO_T009702, Cro001G.18142.1.p1, CRO_T140407"
M9H77_25461,"Cro001G.18141.1.p1, CrChr7.3186, CRO_T140408"
M9H77_25462,CRO_T010025
M9H77_25464,"CRO_T010024, Cro001G.18140.1.p1, CrChr7.3185"
M9H77_25468,"Cro001G.18139.1.p1, Cro001G.18139.2.p1, CrChr7.3183, CRO_T140416"
M9H77_25469,"CRO_T013058, CRO_T140417"
M9H77_25470,"CRO_T013057, CRO_T140418"
M9H77_25471,"CRO_T032748, CRO_T140419"
M9H77_25473,"CrChr7.3181, CRO_T140421"
M9H77_25474,CRO_T019009
M9H77_25475,CRO_T000937
M9H77_25477,CrChr7.3177
M9H77_25478,"CrChr7.3176, CRO_T140426"
M9H77_25479,CRO_T007547
M9H77_25480,CRO_T007548
M9H77_25481,"Cro001G.18133.1.p1, CrChr7.3173"
M9H77_25482,"Cro001G.18135.1.p1, Cro001G.18135.4.p1, Cro001G.18135.5.p1"
M9H77_25483,CRO_T012349
M9H77_25484,CRO_T012353
M9H77_25486,CrChr7.3169
M9H77_25488,CRO_T020995
M9H77_25489,CRO_T020996
M9H77_25490,"CRO_T020990, CRO_T131315"
M9H77_25491,"CRO_T020988, Cro001G.18130.1.p1, CrChr7.3165, CRO_T131316"
M9H77_25492,"CRO_T020991, CRO_T131317"
M9H77_25493,"CRO_T020989, Cro001G.18126.2.p1, CrChr7.3163"
M9H77_25494,CRO_T020992
M9H77_25495,CRO_T020993
M9H77_25496,CRO_T001629
M9H77_25498,"Cro001G.18131.1.p1, Cro001G.18131.2.p1, Cro001G.18131.4.p1, Cro001G.18131.6.p1"
M9H77_25499,CRO_T131325
M9H77_25500,"CRO_T007216, Cro001G.18124.1.p1, CRO_T131326"
M9H77_25501,"CRO_T007217, CRO_T131327"
M9H77_25503,"CRO_T007219, Cro001G.18116.2.p1, CRO_T131331"
M9H77_25506,"Cro001G.18115.1.p1, CrChr7.3156"
M9H77_25508,"Cro001G.18113.1.p1, CrChr7.3154, CRO_T131336"
M9H77_25509,"CRO_T025597, CRO_T131337"
M9H77_25510,CRO_T008628
M9H77_25512,"CRO_T008627, CrChr7.3153"
M9H77_25513,CRO_T012764
M9H77_25514,CRO_T012763
M9H77_25517,"CRO_T010267, CrChr7.3151, CRO_T131343"
M9H77_25518,CRO_T010268
M9H77_25522,"CRO_T027223, Cro001G.18112.1.p1, CrChr7.3148, CRO_T131348"
M9H77_25525,"CRO_T021435, CRO_T131353"
M9H77_25527,"CRO_T022920, Cro001G.18111.1.p1, CrChr7.3143, CRO_T131355"
M9H77_25529,CrChr7.3141
M9H77_25530,"CRO_T016259, Cro001G.18100.1.p1, CrChr7.3140, CRO_T131358"
M9H77_25531,"CRO_T016261, CRO_T131359"
M9H77_25532,CRO_T016262
M9H77_25533,CRO_T016263
M9H77_25535,"Cro001G.18104.2.p1, CrChr7.3137"
M9H77_25536,CrChr7.3136
M9H77_25539,"Cro001G.18121.1.p1, CrChr7.3135"
M9H77_25540,"Cro001G.18119.1.p1, CrChr7.3134, CRO_T131373"
M9H77_25541,Cro001G.18117.2.p1
M9H77_25542,"CRO_T032518, Cro001G.18117.1.p2, Cro001G.18117.2.p2, Cro001G.18117.3.p2, Cro001G.18117.4.p2, CrChr7.3132, CRO_T131376"
M9H77_25543,"CRO_T032521, CRO_T131377"
M9H77_25544,"CRO_T032519, Cro001G.18093.1.p1, CrChr7.3129, CRO_T131378"
M9H77_25545,"Cro001G.18097.1.p1, CrChr7.3128"
M9H77_25546,"CRO_T018210, CRO_T131380"
M9H77_25547,"CRO_T018209, CRO_T131381"
M9H77_25548,"CRO_T015897, CRO_T131382"
M9H77_25549,CRO_T015896
M9H77_25551,"CRO_T002359, Cro001G.18096.1.p1, Cro001G.18096.2.p1, CRO_T131384"
M9H77_25552,"CRO_T002358, Cro001G.18095.1.p1, CrChr7.3125, CRO_T131385"
M9H77_25553,"Cro001G.18094.1.p1, Cro001G.18094.2.p1, CrChr7.3124, CRO_T131386"
M9H77_25555,"CRO_T004656, CrChr7.3121"
M9H77_25557,"CRO_T025423, Cro001G.18090.1.p1, CrChr7.3120, CRO_T131389"
M9H77_25560,"Cro001G.18086.1.p1, CrChr7.3117"
M9H77_25561,"CRO_T031860, Cro001G.18085.1.p1, CRO_T131392"
M9H77_25563,CRO_T011314
M9H77_25564,"CRO_T011313, Cro001G.18083.2.p1, CrChr7.3115"
M9H77_25565,"Cro001G.18082.1.p1, CrChr7.3114"
M9H77_25567,"CRO_T029488, Cro001G.18077.1.p1, CrChr7.3112, CRO_T131398"
M9H77_25570,"CRO_T001647, CRO_T131402"
M9H77_25572,Cro001G.18073.1.p1
M9H77_25573,CRO_T030741
M9H77_25574,Cro001G.18074.1.p1
M9H77_25575,"CRO_T005442, Cro001G.18072.1.p1, CRO_T131410"
M9H77_25577,"Cro001G.18068.1.p1, CrChr7.3103"
M9H77_25578,"CRO_T005446, Cro001G.18058.1.p1, CRO_T131413"
M9H77_25579,"CRO_T005443, Cro001G.18059.1.p1, CRO_T131414"
M9H77_25580,CRO_T007300
M9H77_25581,"CRO_T007301, CRO_T131416"
M9H77_25582,"CRO_T020627, Cro001G.18069.2.p2, CrChr7.3100, CRO_T131418"
M9H77_25584,"Cro001G.18071.1.p1, CrChr7.3098"
M9H77_25590,"CrChr7.3094, CRO_T131426"
M9H77_25591,"CRO_T025713, Cro001G.18065.1.p1, CrChr7.3093"
M9H77_25592,"Cro001G.18064.1.p1, CrChr7.3092"
M9H77_25594,"CRO_T019668, CrChr7.3091, CRO_T131429"
M9H77_25595,CRO_T019674
M9H77_25596,"CrChr7.3090, CRO_T131431"
M9H77_25597,"CRO_T019665, Cro001G.18062.1.p1"
M9H77_25598,"CRO_T019666, Cro001G.18062.1.p2, Cro001G.18062.2.p1, CRO_T131433"
M9H77_25600,CRO_T019671
M9H77_25601,CRO_T019673
M9H77_25602,CRO_T019672
M9H77_25603,"Cro001G.18032.1.p1, CrChr7.3087"
M9H77_25604,"Cro001G.18030.1.p1, CrChr7.3085"
M9H77_25605,"CRO_T026669, Cro001G.18031.1.p2, Cro001G.18031.2.p1, Cro001G.18031.3.p1, CrChr7.3084, CRO_T131439"
M9H77_25606,"Cro001G.18031.1.p1, CrChr7.3083, CRO_T131440"
M9H77_25607,Cro001G.18028.1.p1
M9H77_25608,"CRO_T014791, Cro001G.18027.1.p1, Cro001G.18027.2.p1, Cro001G.18028.1.p2, CrChr7.3081, CRO_T131442"
M9H77_25609,"Cro001G.18029.1.p1, CrChr7.3080"
M9H77_25610,Cro001G.18026.1.p1
M9H77_25611,"CRO_T014794, Cro001G.18025.1.p1, CrChr7.3078, CRO_T131446"
M9H77_25612,"CRO_T014795, CrChr7.3077"
M9H77_25613,Cro001G.18034.1.p1
M9H77_25615,"CRO_T001130, CRO_T131451"
M9H77_25616,"CRO_T001131, CRO_T131452"
M9H77_25617,CRO_T001128
M9H77_25618,CRO_T006137
M9H77_25619,"CRO_T006138, CRO_T131455"
M9H77_25622,"CRO_T025477, CRO_T131457"
M9H77_25627,"Cro001G.18019.1.p1, CrChr7.3068, CRO_T131460"
M9H77_25628,CRO_T029444
M9H77_25629,"Cro001G.18018.1.p1, CrChr7.3067"
M9H77_25630,"CRO_T031714, CrChr7.3066"
M9H77_25631,"CRO_T031715, CRO_T131465"
M9H77_25632,"CRO_T031713, Cro001G.18016.1.p1, CrChr7.3065, CRO_T131466"
M9H77_25633,"CRO_T031712, Cro001G.18014.1.p1, Cro001G.18014.2.p1, CrChr7.3064, CRO_T131467"
M9H77_25634,"Cro001G.18017.1.p1, Cro001G.18017.4.p1, CrChr7.3062"
M9H77_25635,"CRO_T031710, CrChr7.3061, CRO_T131469"
M9H77_25637,"CRO_T029937, CRO_T131470"
M9H77_25638,CrChr7.3059
M9H77_25642,"CRO_T029932, CrChr7.3056"
M9H77_25643,"CRO_T029936, CRO_T131476"
M9H77_25648,"CRO_T033514, Cro001G.18053.1.p1, CRO_T131480"
M9H77_25650,"Cro001G.18051.1.p2, CrChr7.3051"
M9H77_25652,"CRO_T030472, CRO_T131489"
M9H77_25653,"CRO_T030468, Cro001G.18050.1.p1, CrChr7.3047, CRO_T131490"
M9H77_25654,CRO_T030469
M9H77_25655,CrChr7.3044
M9H77_25656,CRO_T030474
M9H77_25657,"CRO_T030473, CrChr7.3042, CRO_T131496"
M9H77_25662,CRO_T004166
M9H77_25665,"CRO_T004160, Cro001G.18047.1.p1, CrChr7.3033, CRO_T131504"
M9H77_25666,"CRO_T004161, Cro001G.18046.2.p1, Cro001G.18046.3.p1, CrChr7.3032, CRO_T131505"
M9H77_25667,"CRO_T004165, CrChr7.3031, CRO_T131506"
M9H77_25668,"CRO_T004162, Cro001G.18046.2.p2, CrChr7.3030, CRO_T131507"
M9H77_25669,"CRO_T004163, Cro001G.18045.1.p1, CrChr7.3029, CRO_T131508"
M9H77_25670,CRO_T029045
M9H77_25672,CRO_T012326
M9H77_25673,CRO_T027812
M9H77_25674,Cro001G.18041.1.p1
M9H77_25675,"CRO_T010550, CrChr7.3022"
M9H77_25677,CRO_T028843
M9H77_25678,"CRO_T026627, Cro001G.18040.1.p1, CrChr7.3020, CRO_T131518"
M9H77_25680,Cro001G.18038.1.p1
M9H77_25681,"CRO_T026629, CrChr7.3018, CRO_T131522"
M9H77_25682,"CRO_T026630, CrChr7.3017, CRO_T131523"
M9H77_25683,CRO_T015799
M9H77_25684,"Cro001G.18008.1.p1, CrChr7.3015"
M9H77_25685,"Cro001G.18007.1.p1, CrChr7.3014, CRO_T131526"
M9H77_25688,"Cro001G.18006.1.p1, Cro001G.18006.2.p1, CrChr7.3013, CRO_T131529"
M9H77_25689,"CRO_T031793, Cro001G.18005.1.p1, CrChr7.3012, CRO_T131530"
M9H77_25690,"CRO_T015690, CRO_T031795, CRO_T015994, CRO_T023182, Cro001G.18003.2.p1, CrChr7.3011, CRO_T136773"
M9H77_25692,"CRO_T004118, Cro001G.18002.1.p1, Cro001G.18002.2.p1, CRO_T131533"
M9H77_25694,"Cro001G.18004.1.p2, Cro001G.18004.2.p2, Cro001G.18004.3.p2, Cro001G.18004.4.p2, Cro001G.18004.5.p2, Cro001G.18004.6.p2, Cro001G.18004.7.p2, CrChr7.3007"
M9H77_25695,"Cro001G.18004.1.p1, Cro001G.18004.2.p1, Cro001G.18004.3.p1, Cro001G.18004.4.p1, Cro001G.18004.5.p1, CrChr7.3006"
M9H77_25697,CRO_T029477
M9H77_25698,CRO_T029479
M9H77_25699,"CRO_T029480, CRO_T131539"
M9H77_25702,CRO_T022235
M9H77_25705,"CRO_T021250, Cro001G.17994.3.p1, Cro001G.17994.4.p1, Cro001G.17994.5.p1, CrChr7.2992, CrChr7.2993, CrChr7.2994, CrChr7.2995"
M9H77_25706,"CRO_T021250, Cro001G.17994.3.p1, Cro001G.17994.4.p1, Cro001G.17994.5.p1, CrChr7.2992, CrChr7.2993, CrChr7.2994, CrChr7.2995"
M9H77_25707,"CRO_T021250, Cro001G.17994.3.p1, Cro001G.17994.4.p1, Cro001G.17994.5.p1, CrChr7.2992, CrChr7.2993, CrChr7.2994, CrChr7.2995"
M9H77_25708,"CRO_T021250, Cro001G.17994.3.p1, Cro001G.17994.4.p1, Cro001G.17994.5.p1, CrChr7.2992, CrChr7.2993, CrChr7.2994, CrChr7.2995"
M9H77_25709,Cro001G.17989.1.p1
M9H77_25711,Cro001G.17991.1.p1
M9H77_25712,CRO_T007641
M9H77_25713,CRO_T007640
M9H77_25715,"CRO_T003673, CrChr7.2987, CRO_T113361"
M9H77_25716,CrChr7.2986
M9H77_25717,CRO_T003674
M9H77_25720,CRO_T004253
M9H77_25721,"CRO_T004254, CRO_T113353"
M9H77_25724,"Cro001G.17986.1.p1, Cro001G.17986.4.p1"
M9H77_25726,CRO_T022560
M9H77_25727,CRO_T022562
M9H77_25728,"Cro001G.17983.1.p1, CrChr7.2979"
M9H77_25729,"Cro001G.17982.1.p1, CrChr7.2978"
M9H77_25731,CRO_T020171
M9H77_25733,"CRO_T017680, CrChr7.2977, CRO_T113346"
M9H77_25734,CRO_T001763
M9H77_25735,"CRO_T017342, Cro001G.17979.1.p1, CrChr7.2974, CRO_T113342"
M9H77_25736,"Cro001G.17980.2.p1, CRO_T113341"
M9H77_25737,Cro001G.17977.1.p1
M9H77_25738,"CRO_T017346, CRO_T113337"
M9H77_25739,"Cro001G.17976.1.p1, CrChr7.2968"
M9H77_25740,"CRO_T017348, CRO_T113335"
M9H77_25741,"CRO_T017344, Cro001G.17975.1.p1, CrChr7.2967, CRO_T113334"
M9H77_25743,CRO_T017347
M9H77_25745,CRO_T017350
M9H77_25746,"CRO_T017345, Cro001G.17972.1.p1, CrChr7.2966"
M9H77_25747,"CRO_T010853, Cro001G.17971.1.p1, Cro001G.17971.2.p1, CRO_T113329"
M9H77_25748,CRO_T010852
M9H77_25749,Cro001G.17970.1.p1
M9H77_25752,CrChr7.2961
M9H77_25753,"Cro001G.17965.1.p1, CrChr7.2960, CRO_T113323"
M9H77_25754,"CRO_T002172, Cro001G.17964.1.p2, Cro001G.17964.2.p2, CRO_T113322"
M9H77_25756,CRO_T006946
M9H77_25757,"CRO_T006945, CrChr7.2957, CRO_T113317"
M9H77_25758,"Cro001G.17959.1.p1, CrChr7.2956"
M9H77_25760,"Cro001G.17958.1.p1, CrChr7.2955"
M9H77_25762,"Cro001G.17968.1.p1, CrChr7.2954"
M9H77_25763,CRO_T028368
M9H77_25764,"Cro001G.17957.1.p1, CrChr7.2953, CRO_T113312"
M9H77_25765,CRO_T028370
M9H77_25766,"Cro001G.17956.2.p1, CrChr7.2951, CRO_T113310"
M9H77_25767,"Cro001G.17954.1.p1, CrChr7.2950"
M9H77_25769,"CRO_T015083, CrChr7.2948, CRO_T113307"
M9H77_25770,"CRO_T009240, Cro001G.17950.1.p1, CrChr7.2946, CRO_T113306"
M9H77_25771,"Cro001G.17953.1.p1, Cro001G.17953.2.p1, Cro001G.17953.3.p1, Cro001G.17953.4.p1, Cro001G.17953.5.p1"
M9H77_25772,CRO_T009241
M9H77_25773,"CRO_T002816, Cro001G.17948.1.p1, CRO_T113302"
M9H77_25775,"CrChr7.2941, CRO_T113300"
M9H77_25776,"CRO_T002818, Cro001G.17947.1.p2"
M9H77_25777,Cro001G.17947.1.p1
M9H77_25780,"CRO_T024610, Cro001G.17945.1.p1, Cro001G.17945.2.p1, Cro001G.17945.3.p1, CRO_T113296"
M9H77_25781,CRO_T024611
M9H77_25785,CRO_T009291
M9H77_25786,"CRO_T033377, CRO_T113289"
M9H77_25788,"CRO_T012061, Cro001G.17942.1.p1, CRO_T103451"
M9H77_25790,"CRO_T012059, Cro001G.17937.1.p1, CrChr7.2929, CRO_T103449"
M9H77_25791,"Cro001G.17939.1.p1, Cro001G.17939.2.p1, CrChr7.2928"
M9H77_25792,"CRO_T003112, CRO_T103447"
M9H77_25793,"CRO_T003111, Cro001G.17936.1.p1, CrChr7.2926, CRO_T103446"
M9H77_25795,"Cro001G.17935.1.p1, CrChr7.2923"
M9H77_25796,"Cro001G.17934.1.p1, CRO_T103438"
M9H77_25799,"Cro001G.17933.1.p1, Cro001G.17933.2.p1, CrChr7.2920"
M9H77_25800,"Cro001G.17932.1.p1, CrChr7.2919, CRO_T103432"
M9H77_25801,"CRO_T027832, Cro001G.17931.1.p1, CrChr7.2918, CRO_T103431"
M9H77_25804,"Cro001G.17930.1.p1, CRO_T103429"
M9H77_25806,"Cro001G.17929.1.p1, CrChr7.2914, CRO_T103426"
M9H77_25807,"CRO_T015019, Cro001G.17928.1.p1, CrChr7.2913, CRO_T103425"
M9H77_25808,CrChr7.2912
M9H77_25810,"CRO_T015020, CRO_T103423"
M9H77_25813,CRO_T017193
M9H77_25814,"CRO_T017191, Cro001G.17924.1.p1, CrChr7.2907, CRO_T103418"
M9H77_25815,CRO_T022773
M9H77_25816,"CRO_T022774, CRO_T103416"
M9H77_25818,"Cro001G.17925.1.p1, CrChr7.2904"
M9H77_25819,"Cro001G.17915.1.p1, CrChr7.2903"
M9H77_25820,"CRO_T003164, Cro001G.17914.1.p1, CrChr7.2902, CRO_T103412"
M9H77_25821,"Cro001G.17922.1.p1, CrChr7.2901"
M9H77_25822,"CRO_T003805, CrChr7.2900, CRO_T103409"
M9H77_25823,CRO_T003810
M9H77_25824,"Cro001G.17920.1.p1, CRO_T103407"
M9H77_25825,"CRO_T003806, Cro001G.17919.1.p1, CrChr7.2897, CRO_T103406"
M9H77_25826,"CRO_T003807, CRO_T103405"
M9H77_25827,"CRO_T003808, CRO_T103403"
M9H77_25832,"Cro001G.17912.1.p1, CrChr7.2893"
M9H77_25833,"CRO_T031055, Cro001G.17911.1.p1, CrChr7.2892, CRO_T103397"
M9H77_25838,"Cro001G.17913.1.p1, Cro001G.17913.2.p1, Cro001G.17913.3.p1, CrChr7.2886"
M9H77_25839,"CRO_T012836, CRO_T103387"
M9H77_25840,"Cro001G.17910.1.p1, CrChr7.2885, CRO_T103386"
M9H77_25842,"Cro001G.17908.1.p1, CrChr7.2883, CRO_T103383"
M9H77_25843,CRO_T020490
M9H77_25845,CRO_T026467
M9H77_25846,"CRO_T010539, Cro001G.17897.1.p1, CrChr7.2880, CRO_T103379"
M9H77_25847,"Cro001G.17896.1.p1, CrChr7.2879"
M9H77_25849,Cro001G.17907.1.p2
M9H77_25850,"Cro001G.17906.2.p1, Cro001G.17906.6.p1, Cro001G.17906.8.p1"
M9H77_25851,"CRO_T017331, CRO_T103374"
M9H77_25853,CRO_T017329
M9H77_25854,"CRO_T027363, Cro001G.17905.1.p1, CrChr7.2871, CRO_T103370"
M9H77_25855,CRO_T027364
M9H77_25856,Cro001G.17904.1.p3
M9H77_25857,Cro001G.17904.1.p2
M9H77_25858,"Cro001G.17903.1.p1, Cro001G.17903.2.p1, CrChr7.2869"
M9H77_25859,"Cro001G.17902.1.p1, Cro001G.17902.2.p1"
M9H77_25860,"Cro001G.17901.10.p1, Cro001G.17901.14.p1, Cro001G.17901.2.p1, Cro001G.17901.5.p1, Cro001G.17901.6.p1"
M9H77_25861,CRO_T103365
M9H77_25862,"CRO_T014128, CRO_T103363"
M9H77_25863,"Cro001G.17899.1.p1, CrChr7.2863, CRO_T103362"
M9H77_25864,"CRO_T014129, CRO_T103361"
M9H77_25865,"Cro001G.17893.1.p1, CRO_T103360"
M9H77_25866,"CRO_T033116, CrChr7.2859"
M9H77_25867,CRO_T033117
M9H77_25868,"CRO_T033118, Cro001G.17895.3.p1, Cro001G.17895.5.p1, Cro001G.17895.6.p1, CRO_T103358"
M9H77_25869,"CRO_T033119, Cro001G.17892.1.p1, CrChr7.2856, CRO_T103357"
M9H77_25871,"Cro001G.17890.1.p1, CrChr7.2855"
M9H77_25872,"CRO_T001522, Cro001G.17889.1.p1, CRO_T103354"
M9H77_25873,"CRO_T001523, CrChr7.2852, CRO_T103353"
M9H77_25874,CRO_T026729
M9H77_25875,CRO_T009850
M9H77_25877,"CRO_T009851, CRO_T103349"
M9H77_25878,"Cro001G.17887.1.p1, CrChr7.2849"
M9H77_25879,"Cro001G.17885.1.p1, CrChr7.2848, CRO_T103347"
M9H77_25880,CRO_T016858
M9H77_25883,"Cro001G.17872.2.p1, CrChr7.2845"
M9H77_25885,"CRO_T015601, CrChr7.2843, CRO_T103343"
M9H77_25887,Cro001G.17886.1.p1
M9H77_25888,"Cro001G.17870.1.p1, CRO_T103338"
M9H77_25890,"Cro001G.17869.1.p1, CrChr7.2839"
M9H77_25891,"CRO_T006703, Cro001G.17868.1.p1, CRO_T103336"
M9H77_25893,"CRO_T006705, CRO_T103334"
M9H77_25894,"CRO_T018527, Cro001G.17878.1.p1, CrChr7.2835, CRO_T103333"
M9H77_25895,CRO_T023608
M9H77_25896,"CRO_T023607, Cro001G.17883.1.p1, Cro001G.17883.2.p1, CrChr7.2834, CRO_T103331"
M9H77_25898,Cro001G.17882.3.p1
M9H77_25899,"CRO_T030878, CRO_T103327"
M9H77_25900,"CRO_T030877, CRO_T103326"
M9H77_25901,"CRO_T030876, CRO_T103325"
M9H77_25904,Cro001G.17877.3.p1
M9H77_25905,"CRO_T017157, Cro001G.17876.1.p1, CrChr7.2826, CRO_T103321"
M9H77_25906,CrChr7.2825
M9H77_25907,"CRO_T031105, CrChr7.2824, CRO_T103319"
M9H77_25908,"CRO_T021729, CRO_T103315"
M9H77_25910,"Cro001G.17873.1.p1, CRO_T103313"
M9H77_25912,CRO_T003464
M9H77_25913,CRO_T005290
M9H77_25914,CRO_T005289
M9H77_25916,CRO_T007002
M9H77_25917,"CRO_T025362, CRO_T103309"
M9H77_25918,CRO_T007113
M9H77_25920,"CRO_T004366, Cro001G.17865.1.p1, CrChr7.2816, CRO_T103303"
M9H77_25921,CRO_T004365
M9H77_25922,CRO_T012791
M9H77_25923,Cro001G.17866.1.p1
M9H77_25924,"CRO_T005016, CRO_T102391"
M9H77_25925,CrChr7.2811
M9H77_25926,"CRO_T006189, Cro001G.17861.1.p1, CrChr7.2810"
M9H77_25927,"CRO_T006190, CrChr7.2809, CRO_T102394"
M9H77_25928,CRO_T006188
M9H77_25930,"CRO_T021537, CRO_T102397"
M9H77_25931,CRO_T021538
M9H77_25932,"CRO_T021535, Cro001G.17859.1.p1, CrChr7.2805, CRO_T102398"
M9H77_25934,CRO_T021539
M9H77_25935,"CRO_T019895, CRO_T102400"
M9H77_25936,"CRO_T008398, Cro001G.17856.1.p1, CrChr7.2804, CRO_T102401"
M9H77_25938,"Cro001G.17854.1.p1, CrChr7.2802"
M9H77_25939,"CRO_T025454, CrChr7.2801, CRO_T102405"
M9H77_25940,CRO_T018106
M9H77_25941,CRO_T018105
M9H77_25942,"CRO_T015548, CRO_T102407"
M9H77_25944,Cro001G.17846.1.p1
M9H77_25945,"Cro001G.17847.1.p1, Cro001G.17847.2.p1, CrChr7.2794, CRO_T102411"
M9H77_25946,CRO_T011534
M9H77_25947,"CRO_T011535, Cro001G.17849.1.p1, CRO_T102414"
M9H77_25949,"CRO_T011536, CRO_T102415"
M9H77_25950,"Cro001G.17848.1.p1, CrChr7.2790, CRO_T102416"
M9H77_25951,"CRO_T022057, CRO_T102417"
M9H77_25952,CRO_T004540
M9H77_25954,"CRO_T008243, CrChr7.2789, CRO_T102420"
M9H77_25955,CRO_T008242
M9H77_25956,"CRO_T026648, CrChr7.2788, CRO_T102421"
M9H77_25957,CRO_T026646
M9H77_25958,"CRO_T026647, Cro001G.17844.1.p1, CRO_T102423"
M9H77_25959,Cro001G.17843.1.p1
M9H77_25961,CRO_T026649
M9H77_25962,"CRO_T025514, Cro001G.17841.1.p1, CrChr7.2782, CRO_T102426"
M9H77_25964,CRO_T022640
M9H77_25967,CRO_T011927
M9H77_25968,"Cro001G.17842.1.p1, Cro001G.17842.3.p1"
M9H77_25969,"CRO_T008512, CRO_T102433"
M9H77_25970,"Cro001G.17839.1.p1, CrChr7.2778"
M9H77_25971,"CRO_T031371, Cro001G.17837.1.p1, Cro001G.17837.2.p1, Cro001G.17837.3.p1, CRO_T102435"
M9H77_25972,"CRO_T031377, Cro001G.17837.1.p2, Cro001G.17837.2.p2, Cro001G.17837.3.p2, CrChr7.2776, CRO_T102436"
M9H77_25973,"CRO_T031372, Cro001G.17836.1.p1, CRO_T102437"
M9H77_25975,"CRO_T031380, CRO_T102439"
M9H77_25976,"Cro001G.17834.1.p1, CRO_T102441"
M9H77_25977,"CRO_T031374, CRO_T102442"
M9H77_25978,"CRO_T031375, CRO_T102443"
M9H77_25979,"CRO_T031376, Cro001G.17833.1.p1, CrChr7.2773, CRO_T102444"
M9H77_25981,CRO_T000598
M9H77_25982,CRO_T010564
M9H77_25983,"CRO_T010563, CRO_T102449"
M9H77_25984,"CRO_T010562, CRO_T102450"
M9H77_25985,CRO_T008483
M9H77_25988,"CRO_T023416, Cro001G.17827.1.p1, CrChr7.2763, CRO_T102457"
M9H77_25989,"CRO_T023417, CrChr7.2762"
M9H77_25990,"CRO_T023418, CRO_T102458"
M9H77_25992,"CrChr7.2761, CRO_T102462"
M9H77_25993,CRO_T006786
M9H77_25994,CRO_T025188
M9H77_25997,CRO_T032923
M9H77_25999,"Cro001G.17831.1.p1, Cro001G.17831.2.p1, CrChr7.2758"
M9H77_26000,"Cro001G.17830.1.p1, CrChr7.2757"
M9H77_26001,"CRO_T008636, CRO_T102472"
M9H77_26002,"CRO_T013878, CRO_T013877, CRO_T008635, Cro001G.7899.1.p2, Cro001G.7899.3.p1, CrChr4.2088, CrChr5.1999, CrChr5.2001, CrChr7.2754, CrChr8.1434, CRO_T120260, CRO_T100104, CRO_T100106, CRO_T102473"
M9H77_26003,"CRO_T008637, Cro001G.17818.1.p1, CrChr7.2753, CRO_T102474"
M9H77_26004,"CRO_T017571, CRO_T102475"
M9H77_26005,"CRO_T017570, Cro001G.17819.2.p1, CRO_T102476"
M9H77_26006,"CRO_T010687, Cro001G.17817.1.p1, CrChr7.2750, CRO_T102477"
M9H77_26007,"CRO_T010685, CrChr7.2749, CRO_T102478"
M9H77_26008,CRO_T010686
M9H77_26010,CRO_T031381
M9H77_26011,"CRO_T011182, CRO_T102483"
M9H77_26012,"CRO_T011184, CrChr7.2746, CRO_T102484"
M9H77_26014,"CRO_T011186, Cro001G.17813.1.p1, CrChr7.2744, CRO_T102486"
M9H77_26015,"CRO_T011187, CRO_T102487"
M9H77_26016,"Cro001G.17812.1.p1, CrChr7.2742, CRO_T102488"
M9H77_26017,"CRO_T010702, CrChr7.2740, CRO_T102489"
M9H77_26019,CRO_T017906
M9H77_26020,CRO_T017905
M9H77_26021,"CRO_T017904, CrChr7.2737, CRO_T102494"
M9H77_26023,"Cro001G.17814.1.p1, CrChr7.2735"
M9H77_26024,"Cro001G.17806.1.p1, CrChr7.2734"
M9H77_26025,CRO_T017176
M9H77_26026,CRO_T003350
M9H77_26027,CRO_T003113
M9H77_26031,CRO_T001534
M9H77_26032,CRO_T033659
M9H77_26033,"Cro001G.17805.1.p1, CrChr7.2731"
M9H77_26034,"Cro001G.17802.1.p1, CrChr7.2730"
M9H77_26035,"CRO_T024174, CRO_T102503"
M9H77_26039,CRO_T024172
M9H77_26040,CRO_T011583
M9H77_26042,"CRO_T011584, CRO_T102510"
M9H77_26043,CRO_T011585
M9H77_26044,CRO_T011582
M9H77_26046,CRO_T011586
M9H77_26047,"CRO_T028722, CrChr7.2721, CRO_T102515"
M9H77_26049,"CRO_T022804, CRO_T102518"
M9H77_26050,"Cro001G.17800.1.p1, CrChr7.2720"
M9H77_26052,CRO_T028614
M9H77_26053,CRO_T002191
M9H77_26056,CRO_T015125
M9H77_26057,CRO_T015126
M9H77_26058,CRO_T015124
M9H77_26064,"CRO_T012243, Cro001G.17793.1.p1, CRO_T101036"
M9H77_26065,"Cro001G.17791.1.p1, Cro001G.17791.2.p1"
M9H77_26066,CRO_T027383
M9H77_26067,"CRO_T027389, CRO_T101040"
M9H77_26068,CRO_T027387
M9H77_26069,CRO_T027384
M9H77_26071,"CRO_T027385, CRO_T101043"
M9H77_26072,"CRO_T027386, CrChr7.2697, CRO_T101044"
M9H77_26073,CrChr7.2696
M9H77_26074,CrChr7.2695
M9H77_26075,"Cro001G.17823.1.p1, CrChr7.2694, CRO_T101048"
M9H77_26077,"Cro001G.17822.1.p1, Cro001G.17822.2.p1, Cro001G.17822.3.p1, Cro001G.17822.4.p1, Cro001G.17822.5.p1, CrChr7.2693, CRO_T101051"
M9H77_26084,"CRO_T025116, Cro001G.17787.2.p1, CrChr7.2690, CRO_T101068"
M9H77_26085,"CRO_T025114, CRO_T101070"
M9H77_26087,"CRO_T025071, CRO_T101071"
M9H77_26088,"CRO_T025070, CRO_T101072"
M9H77_26090,CRO_T009325
M9H77_26091,CRO_T009323
M9H77_26092,"CRO_T009324, Cro001G.17780.1.p1, CrChr7.2688, CRO_T101077"
M9H77_26095,"CRO_T028352, Cro001G.17778.1.p1, CrChr7.2686, CRO_T101079"
M9H77_26096,CRO_T028353
M9H77_26098,CRO_T028354
M9H77_26100,CRO_T031508
M9H77_26104,"CRO_T025480, CRO_T101090"
M9H77_26105,CRO_T008753
M9H77_26106,"Cro001G.17784.1.p1, CrChr7.2682"
M9H77_26108,"Cro001G.17783.1.p1, Cro001G.17783.2.p1, CRO_T101097"
M9H77_26109,"CRO_T017864, CrChr7.2680, CRO_T101098"
M9H77_26110,"CRO_T027141, Cro001G.17781.1.p2, Cro001G.17781.2.p1, CrChr7.2679, CRO_T101099"
M9H77_26111,"CRO_T027142, CrChr7.2678, CRO_T101100"
M9H77_26112,CRO_T027143
M9H77_26114,CRO_T014886
M9H77_26115,"CRO_T028375, Cro001G.17786.1.p3, Cro001G.17786.10.p3, Cro001G.17786.11.p3, Cro001G.17786.12.p3, Cro001G.17786.13.p3, Cro001G.17786.2.p2, Cro001G.17786.3.p3, Cro001G.17786.4.p3, Cro001G.17786.5.p3, Cro001G.17786.6.p3, Cro001G.17786.7.p3, Cro001G.17786.8.p3, Cro001G.17786.9.p2, CRO_T101103"
M9H77_26116,"CRO_T028374, CRO_T101102"
M9H77_26119,"Cro001G.17775.2.p1, CrChr7.2673"
M9H77_26120,"Cro001G.17774.1.p1, Cro001G.17774.2.p1"
M9H77_26121,"CRO_T006332, Cro001G.17772.1.p1, CrChr7.2671, CRO_T101109"
M9H77_26122,"CRO_T023973, Cro001G.17771.1.p1, CrChr7.2669, CRO_T101111"
M9H77_26123,"CRO_T023974, CRO_T101112"
M9H77_26126,"CRO_T032208, CRO_T101114"
M9H77_26127,"CRO_T032210, Cro001G.17768.1.p1, CrChr7.2666, CRO_T101115"
M9H77_26128,"CRO_T032209, CrChr7.2665, CRO_T101116"
M9H77_26129,"CRO_T032207, Cro001G.17767.1.p2, CrChr7.2664, CRO_T101117"
M9H77_26131,"Cro001G.17769.1.p1, CrChr7.2662"
M9H77_26132,Cro001G.17766.1.p1
M9H77_26133,"CrChr7.2660, CRO_T101121"
M9H77_26134,"CRO_T026224, CrChr7.2659, CRO_T101122"
M9H77_26135,"Cro001G.17765.1.p1, CrChr7.2658"
M9H77_26136,"CRO_T009753, Cro001G.17762.1.p1, CrChr7.2657, CRO_T101124"
M9H77_26137,"CRO_T009752, CrChr7.2656, CRO_T101125"
M9H77_26139,Cro001G.17758.1.p1
M9H77_26140,Cro001G.17757.1.p1
M9H77_26141,CRO_T012920
M9H77_26142,"CRO_T012916, Cro001G.17755.1.p1, CrChr7.2649, CRO_T101130"
M9H77_26143,"CRO_T012921, CRO_T101132"
M9H77_26144,"Cro001G.17760.1.p1, CRO_T101134"
M9H77_26145,"Cro001G.17759.1.p1, CrChr7.2646"
M9H77_26146,"CRO_T012918, CrChr7.2645, CRO_T101137"
M9H77_26147,CRO_T032871
M9H77_26152,CRO_T032870
M9H77_26153,CRO_T000613
M9H77_26154,"CRO_T000610, Cro001G.17752.1.p1, CRO_T101140"
M9H77_26155,"CRO_T000611, Cro001G.17750.1.p1, CrChr7.2641, CRO_T101141"
M9H77_26157,"CRO_T000612, CRO_T101144"
M9H77_26158,"Cro001G.17747.1.p1, CRO_T101145"
M9H77_26159,"Cro001G.17754.3.p1, Cro001G.17754.4.p1, Cro001G.17754.5.p1"
M9H77_26160,"CRO_T017676, CRO_T101151"
M9H77_26161,CRO_T017678
M9H77_26163,"CRO_T019834, CrChr7.2629"
M9H77_26164,"CRO_T019591, CrChr7.2628, CRO_T101156"
M9H77_26165,"CRO_T019587, CRO_T101157"
M9H77_26166,"CRO_T019592, Cro001G.17753.2.p1, CRO_T101159"
M9H77_26167,"CRO_T019588, Cro001G.17736.1.p1, CRO_T101160"
M9H77_26169,CRO_T019594
M9H77_26170,"Cro001G.17735.1.p1, CrChr7.2622"
M9H77_26171,"CRO_T019590, Cro001G.17734.1.p1, CrChr7.2621, CRO_T101163"
M9H77_26173,CRO_T019912
M9H77_26174,CRO_T025075
M9H77_26176,"CRO_T002566, CRO_T101170"
M9H77_26177,CRO_T002565
M9H77_26179,"CRO_T025718, CrChr7.2617, CRO_T101176"
M9H77_26180,CRO_T025720
M9H77_26182,Cro001G.17729.1.p1
M9H77_26183,"CRO_T017332, CRO_T101181"
M9H77_26184,CRO_T017333
M9H77_26187,CRO_T003715
M9H77_26188,"CRO_T003714, Cro001G.17731.2.p1, CRO_T101186"
M9H77_26191,"CRO_T021293, Cro001G.17732.2.p1, CRO_T101187"
M9H77_26192,"Cro001G.17730.1.p1, Cro001G.17730.2.p1, CrChr7.2609"
M9H77_26194,CRO_T021306
M9H77_26195,"CRO_T021295, Cro001G.17746.1.p1, CrChr7.2606, CRO_T101191"
M9H77_26197,"CRO_T021300, Cro001G.17744.1.p1, CrChr7.2603, CRO_T101195"
M9H77_26199,"Cro001G.17743.2.p1, CrChr7.2601"
M9H77_26200,"Cro001G.17737.1.p1, CrChr7.2600"
M9H77_26201,"CRO_T021302, Cro001G.17742.1.p1, CrChr7.2599, CRO_T101199"
M9H77_26202,"CRO_T021298, Cro001G.17741.1.p1, CrChr7.2598, CRO_T101200"
M9H77_26203,"Cro001G.17740.1.p1, CrChr7.2597"
M9H77_26206,"Cro001G.17738.1.p1, CrChr7.2595"
M9H77_26207,"Cro001G.17724.1.p1, CrChr7.2594"
M9H77_26209,"Cro001G.17723.1.p1, Cro001G.17723.2.p1, Cro001G.17723.3.p1, CrChr7.2593"
M9H77_26210,CRO_T030563
M9H77_26211,"Cro001G.17714.1.p1, CrChr7.2591"
M9H77_26212,CRO_T023843
M9H77_26215,CRO_T025939
M9H77_26216,CRO_T020603
M9H77_26217,"CRO_T025481, Cro001G.17712.1.p1, CrChr7.2586, CRO_T101217"
M9H77_26218,"CRO_T011772, CRO_T101219"
M9H77_26219,CRO_T011771
M9H77_26222,CRO_T010646
M9H77_26225,"Cro001G.17709.1.p1, CrChr7.2583, CRO_T101223"
M9H77_26226,Cro001G.17708.1.p1
M9H77_26227,CRO_T006293
M9H77_26229,"CRO_T006292, Cro001G.17715.1.p1, CrChr7.2580, CRO_T101230"
M9H77_26231,"CRO_T006291, Cro001G.17719.1.p1, CrChr7.2578, CRO_T101232"
M9H77_26232,"CRO_T006290, Cro001G.17718.1.p1, Cro001G.17718.3.p1, CrChr7.2577, CRO_T101233"
M9H77_26233,"CRO_T006289, Cro001G.17718.1.p2, CrChr7.2576, CRO_T101234"
M9H77_26235,"CRO_T006288, CrChr7.2575, CRO_T101237"
M9H77_26236,"CRO_T006294, CRO_T101239"
M9H77_26239,"Cro001G.17716.1.p1, CrChr7.2573"
M9H77_26243,"CRO_T012609, CRO_T101248"
M9H77_26244,"CRO_T012610, CRO_T101249"
M9H77_26245,Cro001G.17704.1.p1
M9H77_26246,Cro001G.17707.1.p1
M9H77_26248,"CRO_T004214, Cro001G.17705.1.p1, Cro001G.17705.4.p2, CrChr7.2569, CRO_T101254"
M9H77_26250,CRO_T033085
M9H77_26251,"Cro001G.17703.1.p1, Cro001G.17703.2.p1, CrChr7.2568, CRO_T101259"
M9H77_26252,CRO_T018775
M9H77_26253,CRO_T018776
M9H77_26255,"Cro001G.17698.1.p1, Cro001G.17698.2.p1"
M9H77_26256,"CRO_T001823, CRO_T101273"
M9H77_26258,"CRO_T018085, CRO_T101277"
M9H77_26260,CrChr7.2558
M9H77_26262,CRO_T004392
M9H77_26263,"CRO_T004391, Cro001G.17700.3.p1, Cro001G.17700.5.p1, Cro001G.17700.6.p1, CrChr7.2555, CRO_T101282"
M9H77_26264,"CRO_T004394, Cro001G.17694.1.p1, CRO_T101283"
M9H77_26265,"CRO_T004393, Cro001G.17697.1.p1, CrChr7.2552, CRO_T101284"
M9H77_26268,CRO_T015129
M9H77_26269,"CRO_T015131, Cro001G.17690.1.p1, Cro001G.17690.2.p1, CrChr7.2550, CRO_T101288"
M9H77_26270,Cro001G.17689.1.p1
M9H77_26271,CRO_T015130
M9H77_26272,"Cro001G.17693.1.p2, CrChr7.2547"
M9H77_26273,"Cro001G.17693.1.p1, Cro001G.17693.2.p1, CrChr7.2546, CRO_T101293"
M9H77_26274,"CRO_T024272, Cro001G.17692.1.p1, CrChr7.2545, CRO_T101294"
M9H77_26276,"CRO_T024275, CrChr7.2543, CRO_T101297"
M9H77_26277,CRO_T024277
M9H77_26278,"Cro001G.17691.1.p1, Cro001G.17691.4.p1"
M9H77_26279,"CRO_T023834, CRO_T101301"
M9H77_26280,"Cro001G.17681.1.p1, CrChr7.2541"
M9H77_26281,"CRO_T027242, Cro001G.17680.1.p1"
M9H77_26282,"Cro001G.17686.1.p1, CrChr7.2539"
M9H77_26283,CRO_T023874
M9H77_26284,CRO_T023873
M9H77_26285,"CRO_T024860, CRO_T101306"
M9H77_26286,CRO_T024861
M9H77_26288,CRO_T032931
M9H77_26289,CRO_T032932
M9H77_26290,CRO_T032933
M9H77_26291,"CRO_T033039, CrChr7.2532, CRO_T101310"
M9H77_26292,"Cro001G.17679.1.p1, CrChr7.2531"
M9H77_26293,"CRO_T033037, Cro001G.17678.1.p1, CrChr7.2530, CRO_T101312"
M9H77_26295,"CRO_T017236, Cro001G.17677.1.p1, CrChr7.2528, CRO_T101315"
M9H77_26296,"CRO_T017239, Cro001G.17674.1.p1, CrChr7.2527, CRO_T101317"
M9H77_26298,"CRO_T017237, Cro001G.17675.1.p1, Cro001G.17676.1.p1, Cro001G.17676.2.p1, Cro001G.17676.3.p1, Cro001G.17676.4.p1, Cro001G.17676.5.p1, Cro001G.17676.6.p1, Cro001G.17676.7.p1, CrChr7.2522, CRO_T101318"
M9H77_26300,"CRO_T017242, CRO_T101319"
M9H77_26301,"CRO_T017238, Cro001G.17671.1.p1, CrChr7.2520, CRO_T101320"
M9H77_26302,"CRO_T017240, CRO_T101321"
M9H77_26303,Cro001G.17670.1.p1
M9H77_26306,"CRO_T009161, Cro001G.17669.1.p1, CRO_T101323"
M9H77_26308,CRO_T014183
M9H77_26309,CRO_T014182
M9H77_26310,CRO_T014181
M9H77_26311,CRO_T028025
M9H77_26312,CRO_T028020
M9H77_26313,"CRO_T028021, CRO_T101332"
M9H77_26314,"CRO_T028022, Cro001G.17667.1.p1, Cro001G.17667.2.p1, Cro001G.17667.3.p1, Cro001G.17667.4.p1, Cro001G.17667.5.p1, CRO_T101333"
M9H77_26315,"CRO_T028023, Cro001G.17666.1.p1, CrChr7.2508, CRO_T101335"
M9H77_26316,CRO_T028024
M9H77_26317,CRO_T028026
M9H77_26318,"Cro001G.17662.1.p1, Cro001G.17662.2.p1, Cro001G.17662.3.p1, Cro001G.17662.4.p1, Cro001G.17662.5.p1, CrChr7.2505"
M9H77_26319,CrChr7.2503
M9H77_26320,"CRO_T021144, Cro001G.17663.1.p1, CrChr7.2502, CRO_T101343"
M9H77_26322,CRO_T021145
M9H77_26324,"Cro001G.17672.1.p1, Cro001G.17672.10.p1, Cro001G.17672.2.p1, Cro001G.17672.3.p1, Cro001G.17672.4.p1, Cro001G.17672.8.p1, CrChr7.2501"
M9H77_26326,"Cro001G.17673.1.p1, Cro001G.17673.2.p1, Cro001G.17673.6.p1"
M9H77_26328,CRO_T026195
M9H77_26329,CRO_T014921
M9H77_26330,CRO_T014924
M9H77_26331,CRO_T014923
M9H77_26332,"Cro001G.17658.1.p1, CrChr7.2495"
M9H77_26333,"CRO_T014378, CRO_T101357"
M9H77_26334,CRO_T014379
M9H77_26336,Cro001G.17657.1.p1
M9H77_26337,"CRO_T027471, Cro001G.17651.1.p1, CrChr7.2491, CRO_T101361"
M9H77_26338,CRO_T027473
M9H77_26339,CrChr7.2490
M9H77_26340,Cro001G.17652.1.p1
M9H77_26341,"CRO_T012532, CRO_T101366"
M9H77_26345,"CRO_T017145, Cro001G.17647.1.p1, CrChr7.2487, CRO_T101372"
M9H77_26347,CRO_T020896
M9H77_26348,"Cro001G.17649.1.p1, CrChr7.2486"
M9H77_26349,CrChr7.2485
M9H77_26350,"Cro001G.17656.1.p1, CrChr7.2484, CRO_T101376"
M9H77_26351,Cro001G.17655.3.p1
M9H77_26352,CrChr7.2482
M9H77_26354,"CRO_T002194, Cro001G.17646.1.p1, Cro001G.17646.2.p1, Cro001G.17646.3.p1, CrChr7.2481, CRO_T101380"
M9H77_26355,"Cro001G.17645.2.p1, CrChr7.2480"
M9H77_26357,CrChr7.2479
M9H77_26358,"CRO_T011354, CRO_T101385"
M9H77_26360,CRO_T016121
M9H77_26361,CRO_T002201
M9H77_26363,"CRO_T002199, Cro001G.17638.1.p1, CrChr7.2475, CRO_T101389"
M9H77_26364,CRO_T002202
M9H77_26365,"CRO_T021869, Cro001G.17642.1.p1"
M9H77_26366,"CRO_T021870, Cro001G.17637.1.p1, CrChr7.2472"
M9H77_26367,CRO_T006232
M9H77_26368,"CRO_T006231, Cro001G.17635.1.p1, CrChr7.2471"
M9H77_26370,"Cro001G.17636.2.p1, Cro001G.17636.3.p1"
M9H77_26371,CRO_T017789
M9H77_26372,"CRO_T017788, Cro001G.17631.1.p1, Cro001G.17631.2.p1, CRO_T101396"
M9H77_26373,CRO_T030985
M9H77_26374,CRO_T016302
M9H77_26375,CRO_T016303
M9H77_26376,CRO_T016304
M9H77_26378,"CRO_T016313, CRO_T101399"
M9H77_26379,"CRO_T016306, Cro001G.17632.1.p1, CrChr7.2466, CRO_T101400"
M9H77_26380,CRO_T016311
M9H77_26381,"Cro001G.17632.2.p1, Cro001G.17632.3.p1, Cro001G.17632.5.p1"
M9H77_26382,"CRO_T016307, Cro001G.17634.1.p1, CRO_T101402"
M9H77_26383,CRO_T016308
M9H77_26384,"CRO_T016309, CRO_T101405"
M9H77_26386,CRO_T016315
M9H77_26388,"CRO_T028323, CRO_T101411"
M9H77_26389,"CRO_T028325, Cro001G.17629.1.p1, CrChr7.2461, CRO_T101410"
M9H77_26390,"Cro001G.17627.1.p1, CrChr7.2459"
M9H77_26391,"CRO_T028326, Cro001G.17626.1.p1, CRO_T101413"
M9H77_26392,"Cro001G.17628.1.p1, Cro001G.17628.3.p1, Cro001G.17628.4.p1"
M9H77_26394,CRO_T017846
M9H77_26395,CRO_T017845
M9H77_26396,CRO_T018910
M9H77_26397,CRO_T030933
M9H77_26398,"CRO_T030932, CRO_T101421"
M9H77_26399,"CRO_T030931, Cro001G.17620.1.p1, Cro001G.17620.2.p1, Cro001G.17620.3.p1, CrChr7.2454, CRO_T101423"
M9H77_26400,"CRO_T021596, CRO_T021595, CRO_T019944, CRO_T140254"
M9H77_26401,"CRO_T021596, CRO_T021595, CRO_T019944, CRO_T140254"
M9H77_26404,CRO_T026541
M9H77_26405,"CRO_T026539, Cro001G.17621.1.p3, Cro001G.17621.2.p3, Cro001G.17621.3.p2, CRO_T101429"
M9H77_26406,"CRO_T026540, Cro001G.17621.2.p1, Cro001G.17625.1.p1, CrChr7.2447, CRO_T101430"
M9H77_26409,"Cro001G.17622.1.p1, CrChr7.2444"
M9H77_26411,CRO_T008799
M9H77_26413,"CRO_T008796, Cro001G.17618.1.p1, Cro001G.17618.2.p1, Cro001G.17618.3.p1, Cro001G.17618.4.p1, CrChr7.2442, CRO_T101437"
M9H77_26415,CRO_T008798
M9H77_26416,"CRO_T033301, CRO_T101440"
M9H77_26418,"Cro001G.17614.1.p1, CrChr7.2439, CRO_T101441"
M9H77_26419,"Cro001G.17611.1.p1, CrChr7.2438"
M9H77_26421,CRO_T030858
M9H77_26423,CRO_T015998
M9H77_26426,"CRO_T015996, CRO_T101449"
M9H77_26427,Cro001G.17613.1.p1
M9H77_26428,"Cro001G.17612.1.p1, CrChr7.2435, CRO_T101451"
M9H77_26429,CrChr7.2434
M9H77_26430,"Cro001G.17601.3.p1, CRO_T101454"
M9H77_26431,Cro001G.17601.1.p1
M9H77_26432,"CRO_T018728, Cro001G.17598.1.p1, CrChr7.2432, CRO_T101457"
M9H77_26433,CRO_T018729
M9H77_26434,"Cro001G.17600.1.p1, CrChr7.2430"
M9H77_26435,Cro001G.17595.1.p1
M9H77_26437,Cro001G.17594.1.p1
M9H77_26439,"CRO_T020789, CRO_T101463"
M9H77_26442,"CRO_T020644, Cro001G.17593.1.p1, CRO_T101465"
M9H77_26444,"CRO_T020647, Cro001G.17608.1.p1, Cro001G.17608.2.p1, CrChr7.2420"
M9H77_26446,CRO_T020648
M9H77_26447,CRO_T002790
M9H77_26448,"CRO_T002794, CRO_T101471"
M9H77_26449,"CRO_T002789, CRO_T101472"
M9H77_26450,"CRO_T002791, Cro001G.17602.5.p1, Cro001G.17607.2.p1"
M9H77_26452,"CRO_T002787, CRO_T101476"
M9H77_26453,"Cro001G.17605.2.p1, CrChr7.2417"
M9H77_26454,"CRO_T002785, Cro001G.17604.1.p1, Cro001G.17604.2.p1, CrChr7.2416"
M9H77_26455,CRO_T002793
M9H77_26456,"CRO_T002792, CRO_T101480"
M9H77_26457,Cro001G.17603.1.p1
M9H77_26459,"CRO_T019764, Cro001G.17602.1.p2, CrChr7.2413, CRO_T101484"
M9H77_26460,CRO_T019763
M9H77_26461,"Cro001G.17589.1.p1, CRO_T101488"
M9H77_26464,"CRO_T000090, Cro001G.17588.1.p1, Cro001G.17588.2.p1, CrChr7.2407, CRO_T101489"
M9H77_26465,"CRO_T000089, CRO_T101490"
M9H77_26466,"Cro001G.17587.1.p1, CrChr7.2406"
M9H77_26469,"CRO_T006884, Cro001G.17584.1.p1, Cro001G.17584.2.p1, CrChr7.2405, CRO_T101493"
M9H77_26473,CRO_T006882
M9H77_26474,"CRO_T006886, CRO_T101497"
M9H77_26475,"Cro001G.17586.1.p1, CrChr7.2403, CRO_T101499"
M9H77_26476,CRO_T012831
M9H77_26477,"CRO_T028213, Cro001G.17580.1.p1, CrChr7.2399"
M9H77_26478,"Cro001G.17582.1.p1, Cro001G.17582.2.p1, CrChr7.2397"
M9H77_26480,Cro001G.17579.1.p1
M9H77_26481,"Cro001G.17578.1.p1, CrChr7.2395"
M9H77_26482,"CRO_T014694, Cro001G.17576.1.p1, CrChr7.2394"
M9H77_26483,"CRO_T014695, CRO_T101510"
M9H77_26484,"Cro001G.17575.1.p1, CRO_T101511"
M9H77_26486,"CRO_T012709, Cro001G.17573.1.p1, CRO_T101513"
M9H77_26487,"CRO_T012708, Cro001G.17572.1.p1, CRO_T101514"
M9H77_26488,"CRO_T012705, Cro001G.17569.2.p1, CrChr7.2391, CRO_T101515"
M9H77_26489,"CRO_T012707, Cro001G.17570.2.p1, CrChr7.2390, CRO_T101516"
M9H77_26490,"CRO_T012704, Cro001G.17571.1.p1, CrChr7.2389, CRO_T101518"
M9H77_26491,"CRO_T012706, Cro001G.17570.1.p1, CrChr7.2388, CRO_T101517"
M9H77_26493,"CRO_T002929, Cro001G.17567.1.p1, CrChr7.2387, CRO_T101520"
M9H77_26495,"CRO_T002930, CRO_T101523"
M9H77_26496,CRO_T028373
M9H77_26498,CRO_T026348
M9H77_26500,"CRO_T026335, Cro001G.17565.1.p1, CRO_T101529"
M9H77_26502,"Cro001G.17564.1.p1, CRO_T101534"
M9H77_26503,"CRO_T018762, Cro001G.17562.1.p1, Cro001G.17562.2.p1, Cro001G.17562.3.p1, Cro001G.17562.4.p1, CRO_T101536"
M9H77_26505,"CRO_T016140, CRO_T101538"
M9H77_26506,CRO_T016142
M9H77_26507,CRO_T016141
M9H77_26508,"CRO_T016138, Cro001G.17559.1.p1, CrChr7.2377, CRO_T101541"
M9H77_26509,"Cro001G.17558.1.p1, CrChr7.2376, CRO_T101542"
M9H77_26511,"CRO_T013434, Cro001G.17551.1.p1, CrChr7.2373, CRO_T101546"
M9H77_26512,CRO_T013435
M9H77_26514,"Cro001G.17548.1.p1, CrChr7.2369, CRO_T101549"
M9H77_26515,"CRO_T009773, Cro001G.17547.1.p1, Cro001G.17547.2.p1, CrChr7.2368, CRO_T101550"
M9H77_26520,"Cro001G.17557.1.p1, Cro001G.17557.2.p1"
M9H77_26521,"Cro001G.17555.1.p1, CrChr7.2362"
M9H77_26523,CRO_T004190
M9H77_26525,Cro001G.17554.2.p1
M9H77_26527,"CRO_T004188, CRO_T101565"
M9H77_26529,CRO_T010773
M9H77_26535,"CRO_T009254, Cro001G.17541.1.p1, CrChr7.2356, CRO_T101572"
M9H77_26537,CRO_T031491
M9H77_26539,CRO_T004994
M9H77_26540,CRO_T012906
M9H77_26541,Cro001G.17543.2.p1
M9H77_26544,CRO_T016028
M9H77_26545,"Cro001G.17540.1.p1, CrChr7.2350, CRO_T101584"
M9H77_26546,CrChr7.2349
M9H77_26549,CRO_T023891
M9H77_26551,"CRO_T023886, Cro001G.17537.1.p1, Cro001G.17537.2.p1, CRO_T101591"
M9H77_26552,"CRO_T023885, Cro001G.17534.1.p1, CrChr7.2345, CRO_T101592"
M9H77_26553,"CRO_T023887, Cro001G.17533.1.p1, CrChr7.2344, CRO_T101593"
M9H77_26554,Cro001G.17532.1.p1
M9H77_26555,Cro001G.17531.1.p1
M9H77_26556,"Cro001G.17530.1.p1, CrChr7.2341"
M9H77_26558,"CRO_T023792, CRO_T101597"
M9H77_26559,Cro001G.17528.1.p1
M9H77_26560,"CRO_T023791, Cro001G.17529.1.p3, CrChr7.2339, CRO_T101601"
M9H77_26561,"Cro001G.17528.1.p2, CrChr7.2338"
M9H77_26568,Cro001G.17517.1.p1
M9H77_26569,"Cro001G.17527.1.p1, Cro001G.17527.2.p1"
M9H77_26572,CRO_T009210
M9H77_26573,CRO_T027417
M9H77_26574,CRO_T027416
M9H77_26576,CRO_T027415
M9H77_26577,"CRO_T027414, Cro001G.17516.1.p1, Cro001G.17516.4.p1, CrChr7.2330, CRO_T101618"
M9H77_26579,Cro001G.17510.1.p1
M9H77_26581,"Cro001G.17514.1.p1, Cro001G.17514.3.p1, Cro001G.17514.4.p1, CRO_T101623"
M9H77_26583,"CRO_T027688, CRO_T101624"
M9H77_26584,CRO_T015553
M9H77_26588,CRO_T025511
M9H77_26589,Cro001G.17513.1.p1
M9H77_26590,"Cro001G.17512.1.p1, CrChr7.2317"
M9H77_26591,"Cro001G.17511.1.p1, CrChr7.2316"
M9H77_26596,"CRO_T021741, CrChr7.2314, CRO_T101642"
M9H77_26601,"CRO_T027318, Cro001G.17500.1.p1, CRO_T101648"
M9H77_26602,CRO_T101649
M9H77_26607,Cro001G.17506.1.p1
M9H77_26608,CRO_T002145
M9H77_26610,"CRO_T019509, CRO_T101659"
M9H77_26611,"CRO_T010186, CRO_T101660"
M9H77_26612,CRO_T018405
M9H77_26613,"CRO_T015228, Cro001G.1038.1.p1, CrChr7.2296, CRO_T101662"
M9H77_26614,"Cro001G.1041.1.p1, CRO_T101664"
M9H77_26615,CRO_T009256
M9H77_26617,CRO_T025774
M9H77_26618,CRO_T029850
M9H77_26619,"CRO_T029851, CRO_T101668"
M9H77_26622,"CRO_T029856, Cro001G.1045.1.p2, CrChr7.2288, CRO_T101671"
M9H77_26623,CrChr7.2287
M9H77_26624,"CRO_T029859, CRO_T101673"
M9H77_26625,CRO_T029854
M9H77_26626,CRO_T029855
M9H77_26627,"CRO_T025895, Cro001G.1044.2.p1, CRO_T101675"
M9H77_26628,CRO_T032320
M9H77_26629,CRO_T032321
M9H77_26630,CRO_T031071
M9H77_26631,CRO_T031072
M9H77_26635,"CRO_T009450, Cro001G.1048.1.p1, CrChr7.2278, CRO_T101683"
M9H77_26636,Cro001G.1050.1.p1
M9H77_26638,"CRO_T018483, CRO_T101687"
M9H77_26639,CRO_T012849
M9H77_26641,"Cro001G.1047.1.p1, CrChr7.2275"
M9H77_26642,CRO_T012852
M9H77_26643,Cro001G.1055.1.p1
M9H77_26644,CRO_T023434
M9H77_26645,"Cro001G.1056.1.p1, CrChr7.2269"
M9H77_26646,CRO_T011957
M9H77_26652,"Cro001G.1061.2.p1, Cro001G.1061.6.p1, Cro001G.1061.7.p1, CrChr7.2258"
M9H77_26653,"CRO_T015939, Cro001G.1060.1.p1, CRO_T101711"
M9H77_26657,CRO_T020432
M9H77_26658,"Cro001G.1062.1.p1, CrChr7.2255, CRO_T101715"
M9H77_26659,"Cro001G.1062.1.p2, Cro001G.1063.1.p1"
M9H77_26660,"CRO_T000472, CRO_T101716"
M9H77_26661,CRO_T008352
M9H77_26663,"CRO_T008351, CrChr7.2250, CRO_T101718"
M9H77_26664,"Cro001G.1065.1.p1, CrChr7.2249"
M9H77_26665,"Cro001G.1066.1.p1, CRO_T101721"
M9H77_26667,"Cro001G.1067.1.p1, CrChr7.2243"
M9H77_26668,"CRO_T021375, Cro001G.1069.1.p1, CrChr7.2242"
M9H77_26671,CRO_T021376
M9H77_26672,CRO_T021378
M9H77_26673,CRO_T021379
M9H77_26675,CRO_T021103
M9H77_26676,CRO_T015138
M9H77_26677,CRO_T015137
M9H77_26679,CRO_T029638
M9H77_26680,"CRO_T027050, CRO_T101743"
M9H77_26682,CRO_T022132
M9H77_26683,"CRO_T020430, CRO_T101746"
M9H77_26687,CRO_T019522
M9H77_26689,CRO_T010023
M9H77_26692,CRO_T031763
M9H77_26693,CRO_T031764
M9H77_26695,"CRO_T017115, Cro001G.1070.1.p1, CrChr7.2229, CRO_T101758"
M9H77_26700,CRO_T009522
M9H77_26701,"CRO_T005355, CRO_T101770"
M9H77_26702,CRO_T005354
M9H77_26705,"Cro001G.1073.1.p1, Cro001G.1073.2.p1, Cro001G.1074.1.p1, CrChr7.2221, CRO_T101773"
M9H77_26710,CRO_T014600
M9H77_26711,"CRO_T014599, CrChr7.2219, CRO_T101780"
M9H77_26712,"CRO_T010155, CRO_T101782"
M9H77_26714,CRO_T007043
M9H77_26716,"CRO_T007044, CRO_T101788"
M9H77_26717,CRO_T009155
M9H77_26718,CRO_T026734
M9H77_26719,CRO_T024897
M9H77_26720,CRO_T024815
M9H77_26721,"CRO_T032549, CRO_T101801"
M9H77_26722,CRO_T019311
M9H77_26725,"CRO_T028730, Cro001G.1079.1.p1, Cro001G.1079.2.p1, Cro001G.1079.3.p1, Cro001G.1080.1.p1, Cro001G.1080.2.p1, Cro001G.1080.3.p1, Cro001G.1080.4.p1, CrChr7.2212, CRO_T101807"
M9H77_26728,CRO_T001002
M9H77_26729,CRO_T001003
M9H77_26730,"Cro001G.1078.1.p1, CrChr7.2209"
M9H77_26731,CRO_T003136
M9H77_26732,CRO_T003135
M9H77_26733,CRO_T030815
M9H77_26735,CRO_T023793
M9H77_26736,CRO_T023795
M9H77_26737,CRO_T023794
M9H77_26740,"CRO_T009599, CRO_T101825"
M9H77_26742,"CRO_T012694, CRO_T101829"
M9H77_26743,"CRO_T012695, Cro001G.1086.1.p1, CRO_T101830"
M9H77_26745,CRO_T012696
M9H77_26746,CRO_T024937
M9H77_26747,"CRO_T007714, CRO_T101836"
M9H77_26748,"Cro001G.1085.1.p1, CrChr7.2196, CRO_T101837"
M9H77_26749,CRO_T005546
M9H77_26751,CRO_T025445
M9H77_26752,"CRO_T018532, CRO_T101845"
M9H77_26753,CRO_T018533
M9H77_26754,CRO_T005679
M9H77_26756,CRO_T018070
M9H77_26757,CRO_T018071
M9H77_26758,CRO_T018069
M9H77_26760,CRO_T023698
M9H77_26761,"Cro001G.1092.5.p1, CrChr7.2188"
M9H77_26762,CRO_T031309
M9H77_26768,"CRO_T027537, CRO_T101872"
M9H77_26769,CRO_T027536
M9H77_26771,CRO_T028827
M9H77_26772,"CRO_T028828, CrChr7.2176"
M9H77_26773,CRO_T028829
M9H77_26774,CRO_T028826
M9H77_26778,CRO_T028824
M9H77_26780,CRO_T023487
M9H77_26781,CRO_T023486
M9H77_26782,CRO_T116822
M9H77_26784,CRO_T016962
M9H77_26786,CRO_T007893
M9H77_26787,CRO_T007894
M9H77_26788,"CRO_T007897, CRO_T116818"
M9H77_26789,"CRO_T007896, CRO_T116817"
M9H77_26790,"CRO_T007895, CRO_T116816"
M9H77_26792,"Cro001G.1100.1.p1, CrChr7.2169"
M9H77_26795,CRO_T021668
M9H77_26796,Cro001G.1099.5.p1
M9H77_26797,"CRO_T002841, CRO_T116808"
M9H77_26798,CRO_T002839
M9H77_26799,"CRO_T002838, CRO_T116806"
M9H77_26800,CRO_T002840
M9H77_26802,CRO_T015457
M9H77_26803,CRO_T005992
M9H77_26806,CRO_T012783
M9H77_26807,CRO_T023704
M9H77_26810,"Cro001G.1106.1.p1, CrChr7.2161"
M9H77_26812,CRO_T003936
M9H77_26814,CRO_T023917
M9H77_26815,CRO_T023918
M9H77_26817,CRO_T004310
M9H77_26820,CRO_T027481
M9H77_26822,"Cro001G.1107.1.p1, CrChr7.2152"
M9H77_26825,CRO_T014631
M9H77_26829,CRO_T012008
M9H77_26830,CRO_T028398
M9H77_26832,CRO_T031931
M9H77_26833,"CRO_T031930, CRO_T104239"
M9H77_26835,"Cro001G.1108.1.p1, Cro001G.1108.2.p1, CrChr7.2147, CRO_T104240"
M9H77_26836,CRO_T021131
M9H77_26837,"Cro001G.1109.1.p1, Cro001G.1109.3.p1"
M9H77_26838,"CRO_T029327, CRO_T104242"
M9H77_26840,"Cro001G.1125.11.p1, Cro001G.1125.12.p1, CrChr7.2142, CrChr7.2144"
M9H77_26847,"CRO_T023654, CRO_T104253"
M9H77_26848,"CRO_T023653, CRO_T104256"
M9H77_26849,CRO_T030258
M9H77_26851,"CRO_T016565, CRO_T104258"
M9H77_26852,"CRO_T016564, CRO_T104259"
M9H77_26854,CRO_T014688
M9H77_26856,CRO_T030871
M9H77_26858,"Cro001G.20032.1.p1, Cro001G.20032.2.p1"
M9H77_26859,CrChr7.2126
M9H77_26860,CRO_T003915
M9H77_26861,CRO_T009305
M9H77_26862,CRO_T009301
M9H77_26863,CRO_T009303
M9H77_26864,"CRO_T009302, CRO_T104271"
M9H77_26865,CRO_T009304
M9H77_26866,"CRO_T009300, CRO_T104275"
M9H77_26867,"CRO_T029876, CRO_T104276"
M9H77_26868,CRO_T028140
M9H77_26871,CRO_T016219
M9H77_26872,CRO_T016222
M9H77_26873,CRO_T016220
M9H77_26874,CRO_T016218
M9H77_26875,CRO_T016221
M9H77_26876,"CRO_T016079, CRO_T104282"
M9H77_26877,CRO_T016078
M9H77_26878,"CRO_T016077, CRO_T104283"
M9H77_26879,CRO_T002608
M9H77_26880,"CRO_T002606, CRO_T104285"
M9H77_26881,CRO_T002607
M9H77_26882,CRO_T031410
M9H77_26883,CRO_T031409
M9H77_26885,CRO_T104291
M9H77_26886,CRO_T020356
M9H77_26887,"CRO_T026034, CrChr7.2110, CRO_T104295"
M9H77_26888,CRO_T025996
M9H77_26889,"CRO_T025997, CRO_T104298"
M9H77_26891,CRO_T002073
M9H77_26892,"Cro001G.20037.1.p1, CrChr7.2106"
M9H77_26893,"CRO_T012678, CRO_T104301"
M9H77_26894,CRO_T002007
M9H77_26895,"CRO_T002008, CRO_T104303"
M9H77_26896,"Cro001G.20038.1.p1, CrChr7.2104"
M9H77_26897,"CRO_T009317, CRO_T104307"
M9H77_26898,"CRO_T009318, CRO_T104308"
M9H77_26899,CRO_T009319
M9H77_26901,Cro001G.15527.1.p1
M9H77_26903,CRO_T001814
M9H77_26904,CRO_T023797
M9H77_26905,CRO_T005071
M9H77_26908,CRO_T018679
M9H77_26909,CRO_T008882
M9H77_26910,"CRO_T008878, CRO_T135424"
M9H77_26911,"CRO_T008879, CRO_T135425"
M9H77_26912,CRO_T008880
M9H77_26914,"CRO_T008881, CRO_T135426"
M9H77_26915,CRO_T008883
M9H77_26916,CRO_T002037
M9H77_26918,CRO_T027258
M9H77_26919,CRO_T027262
M9H77_26920,"CRO_T027261, CRO_T135430"
M9H77_26921,"CRO_T027260, CRO_T135431"
M9H77_26922,CRO_T027257
M9H77_26923,CRO_T027259
M9H77_26924,"CRO_T000799, CRO_T135433"
M9H77_26925,"Cro001G.15526.1.p1, CrChr7.2089, CRO_T135434"
M9H77_26928,CRO_T027197
M9H77_26929,"CRO_T030152, CrChr7.2082"
M9H77_26931,"CRO_T030153, CRO_T135444"
M9H77_26932,Cro001G.15530.1.p1
M9H77_26933,CRO_T029977
M9H77_26934,"Cro001G.15531.1.p1, Cro001G.15531.2.p1, CrChr7.2079, CRO_T135447"
M9H77_26935,"CRO_T029976, Cro001G.15533.1.p1, CrChr7.2077, CRO_T135449"
M9H77_26937,"CRO_T031212, CRO_T135452"
M9H77_26938,"CRO_T014534, CRO_T135453"
M9H77_26940,CRO_T014079
M9H77_26945,"CRO_T033347, CRO_T135458"
M9H77_26946,"CRO_T033346, CRO_T135459"
M9H77_26947,"Cro001G.15535.1.p1, CrChr7.2069, CRO_T135460"
M9H77_26948,"Cro001G.15534.1.p1, CrChr7.2068"
M9H77_26949,"CRO_T023221, Cro001G.15536.1.p1, CRO_T135462"
M9H77_26950,Cro001G.15537.2.p1
M9H77_26951,Cro001G.15549.3.p1
M9H77_26952,Cro001G.15550.1.p1
M9H77_26953,"CRO_T022173, Cro001G.15550.1.p2, CrChr7.2063, CRO_T135466"
M9H77_26954,Cro001G.15551.1.p1
M9H77_26958,CrChr7.2061
M9H77_26960,CRO_T014721
M9H77_26965,"CRO_T002195, Cro001G.15553.1.p1, CrChr7.2054, CRO_T135476"
M9H77_26967,CRO_T002196
M9H77_26970,CRO_T021033
M9H77_26971,CrChr7.2053
M9H77_26972,"CRO_T005188, CRO_T135482"
M9H77_26973,"CRO_T026460, CRO_T135483"
M9H77_26974,CRO_T022708
M9H77_26975,CRO_T011946
M9H77_26979,CRO_T019309
M9H77_26980,"CRO_T019308, Cro001G.15556.1.p1, CRO_T135490"
M9H77_26984,"CRO_T001488, Cro001G.15558.1.p1, Cro001G.15558.2.p1, CrChr7.2048, CRO_T134559"
M9H77_26989,CRO_T016642
M9H77_26990,CRO_T015486
M9H77_26991,CRO_T015485
M9H77_26992,CRO_T003917
M9H77_26995,Cro001G.15562.1.p1
M9H77_26997,CRO_T005834
M9H77_26999,"CRO_T006379, CrChr7.2038, CRO_T135499"
M9H77_27002,"CRO_T028666, Cro001G.15565.1.p1, CrChr7.2037, CRO_T135503"
M9H77_27003,"CRO_T028665, Cro001G.15566.1.p1, CrChr7.2036, CRO_T135504"
M9H77_27004,"CRO_T028471, CRO_T135505"
M9H77_27007,CRO_T002329
M9H77_27009,CRO_T011532
M9H77_27010,"Cro001G.15567.1.p1, CrChr7.2031"
M9H77_27011,CRO_T135511
M9H77_27012,"Cro001G.15568.1.p1, CrChr7.2029"
M9H77_27013,CRO_T016845
M9H77_27014,CRO_T016846
M9H77_27015,Cro001G.15570.1.p1
M9H77_27016,"CRO_T015465, Cro001G.15569.1.p1, CrChr7.2026, CRO_T135516"
M9H77_27018,CRO_T016253
M9H77_27019,"Cro001G.15571.1.p1, CrChr7.2024"
M9H77_27020,"CRO_T006167, Cro001G.15573.1.p1, CRO_T135522"
M9H77_27021,"CRO_T010387, Cro001G.15575.1.p1, CrChr7.2020, CRO_T135523"
M9H77_27023,"CRO_T005913, CRO_T135526"
M9H77_27024,"CRO_T005914, CRO_T135527"
M9H77_27027,CRO_T012289
M9H77_27028,"CRO_T012290, Cro001G.15584.1.p1, CrChr7.2016, CRO_T135534"
M9H77_27029,"Cro001G.15583.1.p2, Cro001G.15583.3.p1, Cro001G.15583.4.p1, Cro001G.15583.5.p2"
M9H77_27030,"CRO_T012288, Cro001G.15579.1.p1, CrChr7.2014, CRO_T135535"
M9H77_27031,"CRO_T012287, Cro001G.15581.1.p1, CrChr7.2012, CRO_T135538"
M9H77_27034,"Cro001G.15582.1.p1, CrChr7.2011, CRO_T135544"
M9H77_27038,Cro001G.15587.1.p1
M9H77_27039,CRO_T024078
M9H77_27040,"Cro001G.15588.1.p1, CrChr7.2008"
M9H77_27041,CRO_T022091
M9H77_27042,CRO_T003774
M9H77_27043,CRO_T002362
M9H77_27044,CRO_T002361
M9H77_27045,"CRO_T024493, CRO_T135556"
M9H77_27046,CRO_T024496
M9H77_27047,CRO_T024491
M9H77_27049,CRO_T005380
M9H77_27051,"CRO_T023534, Cro001G.15586.1.p1, Cro001G.15586.2.p1, CrChr7.1997, CRO_T135567"
M9H77_27053,"Cro001G.15589.1.p1, CrChr7.1995"
M9H77_27054,"Cro001G.15590.1.p1, CrChr7.1994, CRO_T135569"
M9H77_27056,"CRO_T023533, Cro001G.15592.1.p1, Cro001G.15592.2.p1, Cro001G.15592.3.p1, Cro001G.15592.4.p1, CrChr7.1993, CRO_T135571"
M9H77_27060,CRO_T014608
M9H77_27062,"Cro001G.15591.1.p1, CrChr7.1989"
M9H77_27063,CRO_T011000
M9H77_27064,"CRO_T010998, Cro001G.15597.1.p1, CrChr7.1987, CRO_T139975"
M9H77_27065,"CRO_T010999, Cro001G.15593.1.p1, CrChr7.1986, CRO_T139976"
M9H77_27067,"Cro001G.15595.1.p2, CRO_T139978"
M9H77_27068,"CRO_T031273, CRO_T139979"
M9H77_27069,CRO_T031272
M9H77_27070,"CRO_T031274, CRO_T139981"
M9H77_27073,CRO_T025420
M9H77_27076,"CRO_T007951, Cro001G.15606.1.p1, CRO_T139986"
M9H77_27077,CRO_T007952
M9H77_27078,"CRO_T031843, Cro001G.15607.1.p1, CrChr7.1972"
M9H77_27079,"CRO_T031841, Cro001G.15608.1.p1, CrChr7.1971, CRO_T139990"
M9H77_27080,CRO_T031842
M9H77_27082,CRO_T011892
M9H77_27083,"CRO_T011891, Cro001G.15611.1.p1, CrChr7.1968, CRO_T139994"
M9H77_27084,CRO_T011893
M9H77_27086,CRO_T032643
M9H77_27089,"Cro001G.15621.1.p1, Cro001G.15621.2.p1, Cro001G.15621.4.p1, CrChr7.1965"
M9H77_27090,Cro001G.15622.2.p1
M9H77_27095,Cro001G.15620.1.p1
M9H77_27096,"CRO_T025988, CRO_T140007"
M9H77_27098,"CRO_T015463, CRO_T140012"
M9H77_27100,"Cro001G.15616.1.p1, CrChr7.1960, CRO_T140014"
M9H77_27102,CRO_T027734
M9H77_27104,CRO_T025677
M9H77_27105,CRO_T010313
M9H77_27106,CRO_T019627
M9H77_27108,"CRO_T007253, CRO_T140021"
M9H77_27110,CRO_T016936
M9H77_27112,CRO_T013922
M9H77_27113,"CRO_T000384, CrChr7.1954, CRO_T140027"
M9H77_27114,"CRO_T015207, CRO_T140028"
M9H77_27117,CRO_T001015
M9H77_27119,CRO_T028218
M9H77_27120,CRO_T030823
M9H77_27123,"Cro001G.15625.1.p1, CrChr7.1947"
M9H77_27124,CRO_T032233
M9H77_27127,CRO_T016828
M9H77_27128,"Cro001G.15629.1.p1, CrChr7.1944"
M9H77_27129,"CRO_T016826, CRO_T140043"
M9H77_27132,"Cro001G.15627.1.p1, CrChr7.1939, CRO_T140048"
M9H77_27133,CRO_T011117
M9H77_27134,"CRO_T014118, Cro001G.15630.1.p1, Cro001G.15630.2.p1"
M9H77_27135,CRO_T029337
M9H77_27136,"Cro001G.15630.1.p2, Cro001G.15630.2.p2, Cro001G.15630.4.p1, CrChr7.1936, CRO_T140052"
M9H77_27138,CRO_T023724
M9H77_27139,CrChr7.1932
M9H77_27140,CRO_T015110
M9H77_27141,Cro001G.15635.1.p1
M9H77_27143,CrChr7.1929
M9H77_27144,CRO_T000228
M9H77_27145,CRO_T000229
M9H77_27146,CRO_T000226
M9H77_27148,"CRO_T000222, Cro001G.15638.1.p1, CrChr7.1926"
M9H77_27150,CRO_T000225
M9H77_27151,CRO_T000230
M9H77_27153,"CRO_T000224, Cro001G.15640.1.p1, CrChr7.1924, CRO_T140069"
M9H77_27154,"CRO_T000227, CrChr7.1923, CRO_T140070"
M9H77_27155,"Cro001G.15644.1.p1, Cro001G.15644.3.p1, Cro001G.15644.4.p1, CrChr7.1922"
M9H77_27157,"CRO_T000132, CRO_T140073"
M9H77_27159,"CRO_T011869, Cro001G.15643.1.p1, CrChr7.1921, CRO_T140075"
M9H77_27161,"CRO_T011872, Cro001G.15646.1.p1, CRO_T140077"
M9H77_27162,"CRO_T011871, CRO_T140078"
M9H77_27163,"CRO_T020608, CRO_T140079"
M9H77_27164,"CRO_T020604, Cro001G.15649.1.p1, CrChr7.1917, CRO_T140080"
M9H77_27165,"CRO_T020605, CRO_T140082"
M9H77_27166,CRO_T020607
M9H77_27167,"CRO_T020606, CRO_T140083"
M9H77_27169,Cro001G.15653.1.p1
M9H77_27172,CRO_T031247
M9H77_27173,"CRO_T007880, CRO_T140090"
M9H77_27175,"CRO_T008945, CRO_T140093"
M9H77_27176,"CRO_T008946, CRO_T140094"
M9H77_27177,"CRO_T008947, Cro001G.15654.1.p1, Cro001G.15654.12.p1, Cro001G.15654.14.p1, Cro001G.15654.21.p1, Cro001G.15654.22.p1, Cro001G.15654.5.p1, Cro001G.15654.9.p1, CRO_T140095"
M9H77_27178,CRO_T008944
M9H77_27181,CrChr7.1905
M9H77_27182,CRO_T010704
M9H77_27183,CRO_T021314
M9H77_27184,CrChr7.1902
M9H77_27185,CRO_T021315
M9H77_27187,CRO_T011708
M9H77_27188,CRO_T012019
M9H77_27189,CRO_T012020
M9H77_27191,CRO_T013229
M9H77_27192,CRO_T003146
M9H77_27193,CRO_T025889
M9H77_27194,"CRO_T025725, CRO_T140117"
M9H77_27195,"CRO_T025726, CRO_T140118"
M9H77_27198,CRO_T029525
M9H77_27200,"CRO_T029523, Cro001G.15660.1.p1, Cro001G.15660.2.p1, Cro001G.15660.3.p1, CrChr7.1891, CRO_T140123"
M9H77_27201,CRO_T016022
M9H77_27202,CRO_T005434
M9H77_27206,CRO_T008513
M9H77_27215,CRO_T032112
M9H77_27218,"CRO_T024809, CRO_T124144"
M9H77_27222,CRO_T013180
M9H77_27226,CRO_T013579
M9H77_27228,CRO_T002348
M9H77_27229,CRO_T002349
M9H77_27230,CRO_T025021
M9H77_27232,CRO_T029948
M9H77_27234,CRO_T012467
M9H77_27235,"CRO_T026068, Cro001G.13317.1.p1, CRO_T108744"
M9H77_27236,Cro001G.13318.3.p1
M9H77_27237,"CRO_T026069, CRO_T108740"
M9H77_27238,"CRO_T008697, CRO_T108739"
M9H77_27239,"CRO_T008696, CRO_T108738"
M9H77_27240,CRO_T008698
M9H77_27241,"Cro001G.13320.1.p1, CrChr7.1872"
M9H77_27242,"CRO_T010198, Cro001G.13322.1.p1, Cro001G.13322.2.p1, CRO_T108735"
M9H77_27243,"CRO_T010202, CRO_T108734"
M9H77_27244,"Cro001G.13328.1.p1, Cro001G.13328.2.p1, Cro001G.13328.3.p1, CrChr7.1870"
M9H77_27245,CRO_T010200
M9H77_27246,"CRO_T010201, Cro001G.13324.1.p1, CRO_T108729"
M9H77_27247,"CRO_T010203, CRO_T108727"
M9H77_27248,"Cro001G.13325.1.p1, Cro001G.13325.2.p1, CrChr7.1867"
M9H77_27249,"Cro001G.13326.1.p1, CrChr7.1866"
M9H77_27250,"CRO_T032698, Cro001G.13327.1.p1, CrChr7.1865, CRO_T108724"
M9H77_27251,"CRO_T032701, Cro001G.13333.1.p2, CrChr7.1864"
M9H77_27252,"CRO_T032700, Cro001G.13333.1.p1, CrChr7.1863, CRO_T108722"
M9H77_27254,CRO_T032702
M9H77_27256,Cro001G.13335.1.p1
M9H77_27257,CRO_T032895
M9H77_27258,"CRO_T032894, Cro001G.13332.1.p1, CrChr7.1860, CRO_T108718"
M9H77_27259,"Cro001G.13334.1.p1, CrChr7.1859, CRO_T108717"
M9H77_27260,"CRO_T029502, CrChr7.1858, CRO_T108716"
M9H77_27261,CRO_T029503
M9H77_27262,CRO_T007187
M9H77_27263,"CRO_T000365, CRO_T108713"
M9H77_27264,"CRO_T000364, Cro001G.13336.1.p1, CrChr7.1857, CRO_T108712"
M9H77_27265,"CRO_T003966, CRO_T108710"
M9H77_27267,"CRO_T001865, Cro001G.13337.1.p1, CrChr7.1855, CRO_T108708"
M9H77_27268,"Cro001G.13338.1.p2, CrChr7.1854"
M9H77_27269,"CRO_T001864, Cro001G.13339.1.p1, CrChr7.1853, CRO_T108706"
M9H77_27270,"CRO_T001867, Cro001G.13338.1.p1, CrChr7.1852"
M9H77_27271,"Cro001G.13340.1.p1, CrChr7.1851"
M9H77_27272,"CRO_T000044, Cro001G.13341.1.p1"
M9H77_27273,"CRO_T000043, Cro001G.13341.1.p2, CrChr7.1849, CRO_T108701"
M9H77_27274,"CRO_T000042, Cro001G.13344.1.p1, Cro001G.13344.2.p1, Cro001G.13344.3.p1, Cro001G.13344.4.p1, Cro001G.13344.5.p1, CrChr7.1848"
M9H77_27275,"CRO_T000045, CRO_T108700"
M9H77_27277,CRO_T001829
M9H77_27278,CRO_T004491
M9H77_27279,CRO_T004492
M9H77_27281,"CRO_T004490, CrChr7.1844, CRO_T108697"
M9H77_27282,"Cro001G.13343.1.p1, CrChr7.1843, CRO_T108695"
M9H77_27283,"CRO_T012632, Cro001G.13345.1.p1, Cro001G.13345.2.p1, CrChr7.1841, CRO_T108693"
M9H77_27286,"CRO_T031445, CRO_T108691"
M9H77_27287,CRO_T031444
M9H77_27288,"CRO_T031443, CRO_T108689"
M9H77_27290,"Cro001G.13347.1.p1, CrChr7.1837"
M9H77_27291,"CRO_T032292, CRO_T108686"
M9H77_27292,"CRO_T032290, CrChr7.1834, CRO_T108685"
M9H77_27293,CRO_T032291
M9H77_27294,"CRO_T026165, CRO_T108681"
M9H77_27295,CRO_T026166
M9H77_27297,CRO_T028219
M9H77_27299,"CRO_T008826, Cro001G.13350.1.p1, Cro001G.13350.5.p1, CrChr7.1830, CRO_T108678"
M9H77_27300,CRO_T008827
M9H77_27301,CRO_T016027
M9H77_27302,CRO_T016026
M9H77_27303,CRO_T031656
M9H77_27306,CRO_T018262
M9H77_27307,CRO_T025880
M9H77_27308,"CRO_T020637, CRO_T108668"
M9H77_27309,CRO_T020638
M9H77_27310,CRO_T009532
M9H77_27311,CRO_T023613
M9H77_27312,CRO_T023612
M9H77_27313,Cro001G.13353.1.p2
M9H77_27314,"CRO_T023611, CRO_T108662"
M9H77_27316,CRO_T017280
M9H77_27321,CRO_T005237
M9H77_27324,CRO_T027678
M9H77_27325,"CRO_T003675, Cro001G.19960.1.p1, Cro001G.19960.2.p1, Cro001G.19960.3.p1, Cro001G.19960.4.p1, CrChr7.1818, CRO_T133683"
M9H77_27326,"CRO_T003676, CRO_T133684"
M9H77_27328,"Cro001G.19970.1.p1, CrChr7.1817"
M9H77_27329,CRO_T020013
M9H77_27335,"Cro001G.19958.1.p1, CRO_T133689"
M9H77_27336,Cro001G.19957.1.p1
M9H77_27338,"CRO_T004259, CRO_T133692"
M9H77_27340,"Cro001G.19956.1.p1, CrChr7.1810, CRO_T133695"
M9H77_27341,CRO_T030943
M9H77_27342,"Cro001G.19955.1.p1, CrChr7.1809, CRO_T133698"
M9H77_27343,"Cro001G.19952.1.p1, CrChr7.1808, CRO_T133699"
M9H77_27344,CrChr7.1807
M9H77_27345,"CRO_T002779, Cro001G.19954.2.p1, CrChr7.1805, CRO_T133702"
M9H77_27346,"Cro001G.19953.1.p1, Cro001G.19953.2.p1, Cro001G.19953.3.p1, CrChr7.1804"
M9H77_27349,"CRO_T031435, Cro001G.19948.1.p1, CrChr7.1802, CRO_T133707"
M9H77_27350,"CRO_T011416, CRO_T133709"
M9H77_27352,"CRO_T011418, CRO_T133711"
M9H77_27353,"Cro001G.19947.1.p1, CrChr7.1799"
M9H77_27355,CRO_T020067
M9H77_27356,"CRO_T020065, CRO_T133717"
M9H77_27358,CRO_T016349
M9H77_27359,"Cro001G.19945.1.p1, CrChr7.1795"
M9H77_27361,"CRO_T016348, Cro001G.19939.1.p1, CrChr7.1794, CRO_T133720"
M9H77_27362,"CRO_T019637, CRO_T133721"
M9H77_27363,CRO_T019636
M9H77_27364,CRO_T007212
M9H77_27365,"CRO_T007209, Cro001G.19936.1.p1, CrChr7.1790, CRO_T133724"
M9H77_27366,CRO_T007211
M9H77_27367,CRO_T007213
M9H77_27368,"Cro001G.19937.1.p1, CrChr7.1789, CRO_T133727"
M9H77_27370,"Cro001G.19935.1.p1, Cro001G.19935.2.p1, Cro001G.19935.3.p1, Cro001G.19935.4.p1, CrChr7.1787, CRO_T133728"
M9H77_27371,"CRO_T027919, Cro001G.19944.1.p1, CrChr7.1786, CRO_T133729"
M9H77_27372,"Cro001G.19943.1.p1, CrChr7.1785, CRO_T133730"
M9H77_27373,"CRO_T016122, Cro001G.19942.1.p1, CrChr7.1784, CRO_T133731"
M9H77_27374,"Cro001G.19941.1.p1, CRO_T133733"
M9H77_27375,CRO_T016126
M9H77_27376,"CRO_T016124, Cro001G.19940.1.p1, CrChr7.1781, CRO_T133734"
M9H77_27377,CRO_T016125
M9H77_27378,CRO_T016127
M9H77_27379,"Cro001G.19934.1.p1, CrChr7.1780"
M9H77_27381,"CRO_T032887, Cro001G.19930.1.p1, CrChr7.1777, CRO_T133741"
M9H77_27382,"Cro001G.19932.1.p2, Cro001G.19932.2.p1, Cro001G.19932.3.p1, Cro001G.19932.4.p1"
M9H77_27383,"CRO_T032886, Cro001G.19931.1.p1, Cro001G.19931.2.p1, Cro001G.19932.1.p1, CrChr7.1774, CRO_T133744"
M9H77_27384,"CRO_T032885, CrChr7.1773"
M9H77_27390,CrChr7.1771
M9H77_27392,"CRO_T013868, Cro001G.19926.1.p1, CrChr7.1769, CRO_T133747"
M9H77_27394,CRO_T013869
M9H77_27395,"Cro001G.19927.1.p1, CrChr7.1768"
M9H77_27396,Cro001G.19924.1.p1
M9H77_27398,CRO_T018354
M9H77_27400,"CRO_T005620, CRO_T133756"
M9H77_27402,Cro001G.19923.1.p1
M9H77_27403,Cro001G.19921.1.p1
M9H77_27404,"Cro001G.19920.1.p1, Cro001G.19920.2.p1"
M9H77_27406,"Cro001G.19918.1.p1, Cro001G.19918.2.p1, CRO_T133763"
M9H77_27407,"Cro001G.19916.1.p1, CrChr7.1759"
M9H77_27410,"CRO_T028988, Cro001G.19911.1.p1, CrChr7.1758, CRO_T133766"
M9H77_27412,"Cro001G.19913.1.p1, CrChr7.1757"
M9H77_27413,CRO_T028986
M9H77_27414,"CRO_T028985, CRO_T133771"
M9H77_27416,CRO_T002413
M9H77_27417,"Cro001G.19909.1.p1, CrChr7.1753, CRO_T133774"
M9H77_27418,Cro001G.19908.1.p1
M9H77_27419,CRO_T033060
M9H77_27421,CRO_T023378
M9H77_27422,"Cro001G.19907.1.p1, Cro001G.19907.2.p1, Cro001G.19907.3.p1, CrChr7.1748"
M9H77_27424,CRO_T033468
M9H77_27425,"Cro001G.19904.1.p1, CRO_T133785"
M9H77_27426,CRO_T023422
M9H77_27427,CrChr7.1744
M9H77_27428,"Cro001G.19901.1.p1, CrChr7.1743, CRO_T133789"
M9H77_27429,CRO_T002463
M9H77_27430,CRO_T002464
M9H77_27431,CRO_T009146
M9H77_27433,"CRO_T022237, Cro001G.19900.1.p1, CrChr7.1735, CRO_T133796"
M9H77_27434,CRO_T022239
M9H77_27435,"Cro001G.19899.1.p1, CrChr7.1734"
M9H77_27438,"CRO_T016772, Cro001G.19898.1.p1, CrChr7.1731, CRO_T133805"
M9H77_27439,Cro001G.19897.2.p1
M9H77_27440,Cro001G.19896.1.p1
M9H77_27441,CRO_T021552
M9H77_27443,"CRO_T021553, CRO_T133810"
M9H77_27444,"CRO_T021550, CrChr7.1728, CRO_T133811"
M9H77_27446,"CRO_T019695, CrChr7.1727, CRO_T133815"
M9H77_27448,"CRO_T006937, CRO_T133817"
M9H77_27449,"CRO_T006935, CRO_T133819"
M9H77_27451,"CRO_T015012, CRO_T133821"
M9H77_27452,CRO_T015014
M9H77_27455,CRO_T010384
M9H77_27456,"CRO_T010383, CRO_T133831"
M9H77_27458,CRO_T020579
M9H77_27459,"CRO_T032920, CRO_T133836"
M9H77_27460,"CRO_T032922, CRO_T133837"
M9H77_27461,Cro001G.19887.1.p1
M9H77_27462,"CRO_T014638, Cro001G.19891.1.p1"
M9H77_27463,CRO_T014639
M9H77_27464,CRO_T014641
M9H77_27465,CRO_T014640
M9H77_27466,CRO_T016775
M9H77_27469,CRO_T026360
M9H77_27470,"Cro001G.19888.1.p1, Cro001G.19888.2.p2, Cro001G.19888.3.p1"
M9H77_27471,"Cro001G.19883.1.p1, CrChr7.1713"
M9H77_27473,"CRO_T026358, Cro001G.19881.1.p1, CrChr7.1712, CRO_T133850"
M9H77_27474,"Cro001G.19880.1.p1, CrChr7.1711, CRO_T133851"
M9H77_27476,CrChr7.1708
M9H77_27481,CRO_T016815
M9H77_27484,"CRO_T019775, Cro001G.19876.1.p1, CrChr7.1704"
M9H77_27485,"CRO_T019776, CRO_T123017"
M9H77_27486,CRO_T009748
M9H77_27490,CRO_T008275
M9H77_27492,"CRO_T009509, CRO_T107488"
M9H77_27493,"CRO_T009508, CrChr7.1697, CRO_T107489"
M9H77_27494,CRO_T009507
M9H77_27497,"CRO_T025587, CRO_T107493"
M9H77_27499,CRO_T007842
M9H77_27500,CRO_T007844
M9H77_27501,"Cro001G.19868.1.p1, Cro001G.19868.2.p1, Cro001G.19868.3.p1, Cro001G.19868.4.p1"
M9H77_27503,"CRO_T016499, CRO_T107499"
M9H77_27504,CRO_T006599
M9H77_27505,CRO_T011188
M9H77_27506,CRO_T022436
M9H77_27508,"Cro001G.19865.1.p1, CRO_T107503"
M9H77_27509,"CRO_T022437, CrChr7.1685, CRO_T107504"
M9H77_27510,"CRO_T022438, CRO_T107505"
M9H77_27512,"Cro001G.19864.1.p1, CrChr7.1683, CRO_T107507"
M9H77_27513,Cro001G.19867.2.p1
M9H77_27514,CRO_T022385
M9H77_27515,CRO_T007446
M9H77_27516,CRO_T015951
M9H77_27517,"CRO_T006473, Cro001G.19860.1.p1, CrChr7.1675, CRO_T107511"
M9H77_27518,"CRO_T017527, CRO_T107514"
M9H77_27519,"CRO_T007240, Cro001G.19858.1.p1, CrChr7.1674, CRO_T107516"
M9H77_27520,"Cro001G.19857.1.p1, CrChr7.1672, CRO_T107517"
M9H77_27522,"CRO_T011376, Cro001G.19855.1.p1, CrChr7.1668"
M9H77_27523,"Cro001G.19856.1.p1, CrChr7.1667"
M9H77_27524,"CRO_T011378, Cro001G.19853.1.p1"
M9H77_27530,CRO_T022221
M9H77_27531,CRO_T020656
M9H77_27532,"Cro001G.19852.1.p1, Cro001G.19852.2.p1, Cro001G.19852.3.p1"
M9H77_27534,"Cro001G.19851.1.p1, CRO_T107533"
M9H77_27536,"CRO_T003206, Cro001G.19847.1.p1, CrChr7.1663, CRO_T107535"
M9H77_27537,CRO_T009036
M9H77_27538,"Cro001G.19850.1.p1, CrChr7.1660"
M9H77_27539,Cro001G.19849.1.p1
M9H77_27540,"CRO_T026174, CrChr7.1658, CRO_T107541"
M9H77_27541,"CRO_T026175, CRO_T107542"
M9H77_27542,CRO_T032582
M9H77_27544,"Cro001G.19846.1.p1, CrChr7.1657"
M9H77_27545,CRO_T003514
M9H77_27548,"Cro001G.19843.1.p1, CrChr7.1655, CRO_T107547"
M9H77_27551,CrChr7.1650
M9H77_27553,"Cro001G.19841.1.p1, CrChr7.1649, CRO_T107554"
M9H77_27554,"CrChr7.1648, CRO_T107555"
M9H77_27557,CRO_T022858
M9H77_27558,"CRO_T022859, Cro001G.19838.1.p1, CRO_T107561"
M9H77_27559,CRO_T008948
M9H77_27560,"CRO_T014103, Cro001G.19839.1.p1, Cro001G.19839.2.p1, Cro001G.19839.3.p1"
M9H77_27561,"CRO_T014102, Cro001G.19834.1.p1, CrChr7.1644, CRO_T107564"
M9H77_27562,"Cro001G.19833.1.p1, CrChr7.1642"
M9H77_27563,"Cro001G.19835.2.p1, Cro001G.19835.3.p1"
M9H77_27564,"Cro001G.19837.3.p2, Cro001G.19837.4.p2, CrChr7.1640"
M9H77_27565,"Cro001G.19837.5.p1, CrChr7.1639"
M9H77_27566,"CRO_T005806, Cro001G.19836.1.p1, CrChr7.1638"
M9H77_27567,"Cro001G.19832.1.p1, CrChr7.1637, CRO_T107570"
M9H77_27569,CRO_T015864
M9H77_27570,"CRO_T025238, CRO_T107572"
M9H77_27571,CRO_T025235
M9H77_27573,CrChr7.1635
M9H77_27574,"CRO_T016516, CrChr7.1634, CRO_T107576"
M9H77_27575,"Cro001G.19830.1.p1, CrChr7.1633"
M9H77_27576,"Cro001G.19828.1.p1, CrChr7.1632, CRO_T107578"
M9H77_27579,Cro001G.19827.1.p1
M9H77_27581,CRO_T026025
M9H77_27583,CRO_T019844
M9H77_27584,CRO_T019843
M9H77_27585,"CRO_T005994, CRO_T107586"
M9H77_27587,"CRO_T010302, CrChr7.1627, CRO_T107588"
M9H77_27588,Cro001G.19821.1.p1
M9H77_27589,Cro001G.19820.1.p1
M9H77_27591,CRO_T005674
M9H77_27592,CRO_T030814
M9H77_27595,CRO_T028920
M9H77_27597,"Cro001G.19811.1.p1, CrChr7.1619"
M9H77_27599,"CRO_T031753, Cro001G.19808.1.p1, CrChr7.1618, CRO_T107604"
M9H77_27601,"Cro001G.19810.1.p1, CrChr7.1617"
M9H77_27602,"Cro001G.19809.1.p1, CrChr7.1616"
M9H77_27603,"CRO_T032742, Cro001G.19807.1.p1, CrChr7.1615, CRO_T107609"
M9H77_27604,"CRO_T010039, CRO_T107610"
M9H77_27606,CrChr7.1612
M9H77_27608,CrChr7.1607
M9H77_27609,Cro001G.19806.1.p1
M9H77_27610,"CRO_T003802, CRO_T124655"
M9H77_27615,"Cro001G.19802.2.p1, CrChr7.1603, CRO_T124650"
M9H77_27616,"Cro001G.19801.1.p1, CrChr7.1602"
M9H77_27617,"CRO_T005097, CRO_T124647"
M9H77_27618,CRO_T015074
M9H77_27620,CRO_T000372
M9H77_27623,"CRO_T029701, CRO_T116945"
M9H77_27627,"CRO_T029703, CRO_T116951"
M9H77_27628,"CRO_T029702, Cro001G.19800.1.p1, Cro001G.19800.2.p1, Cro001G.19800.4.p1, Cro001G.19800.5.p1, CRO_T116954"
M9H77_27631,"CRO_T026220, CrChr7.1582, CRO_T116956"
M9H77_27634,Cro001G.19796.1.p1
M9H77_27636,CrChr7.1579
M9H77_27638,"CRO_T009875, CRO_T116962"
M9H77_27639,CRO_T009877
M9H77_27640,CrChr7.1577
M9H77_27642,CRO_T023576
M9H77_27643,CrChr7.1572
M9H77_27645,"CRO_T003988, CRO_T119537"
M9H77_27646,CRO_T003990
M9H77_27648,"CRO_T001348, Cro001G.19788.1.p1, CrChr7.1567, CRO_T119534"
M9H77_27649,CRO_T001349
M9H77_27650,CRO_T017837
M9H77_27651,"CRO_T000107, CRO_T119531"
M9H77_27652,CRO_T019358
M9H77_27654,CRO_T012296
M9H77_27656,"CRO_T027727, CRO_T119527"
M9H77_27657,"CRO_T027728, CRO_T119526"
M9H77_27658,"CRO_T027729, CRO_T119524"
M9H77_27659,CrChr7.1560
M9H77_27661,CRO_T003561
M9H77_27664,"Cro001G.19780.1.p1, CrChr7.1557"
M9H77_27667,"CRO_T015203, CRO_T117813"
M9H77_27669,CRO_T010896
M9H77_27671,"CRO_T014135, CrChr7.1555, CRO_T117815"
M9H77_27673,CRO_T025524
M9H77_27674,"CRO_T025519, Cro001G.19777.1.p1, Cro001G.19777.2.p1, Cro001G.19777.3.p1, Cro001G.19777.4.p1, Cro001G.19777.6.p1, Cro001G.19777.7.p1, Cro001G.19777.8.p1, CrChr7.1550, CRO_T117818"
M9H77_27675,"CrChr7.1549, CRO_T117822"
M9H77_27676,CrChr7.1548
M9H77_27677,CRO_T025525
M9H77_27678,"CRO_T025520, Cro001G.19774.1.p1, CRO_T117826"
M9H77_27681,Cro001G.19768.1.p1
M9H77_27683,"CRO_T015726, Cro001G.19772.1.p1, CrChr7.1542, CRO_T117828"
M9H77_27686,"CRO_T000692, CRO_T117830"
M9H77_27687,CRO_T000691
M9H77_27688,"Cro001G.19771.1.p1, CrChr7.1539"
M9H77_27689,"CRO_T013662, Cro001G.19770.1.p1, CrChr7.1538, CRO_T117834"
M9H77_27690,"Cro001G.19769.1.p1, CrChr7.1537"
M9H77_27691,"CRO_T013664, CRO_T117836"
M9H77_27700,CRO_T031872
M9H77_27702,"Cro001G.19764.1.p1, CrChr7.1526"
M9H77_27704,"CRO_T021175, Cro001G.19761.1.p1, Cro001G.19761.2.p1, Cro001G.19761.3.p1, CrChr7.1523, CRO_T117845"
M9H77_27705,CRO_T021177
M9H77_27706,"CRO_T021174, Cro001G.19762.1.p2, CrChr7.1521, CRO_T117848"
M9H77_27707,CrChr7.1520
M9H77_27708,CRO_T021173
M9H77_27710,"CRO_T021170, CrChr7.1516, CRO_T117853"
M9H77_27711,"CRO_T001193, CrChr7.1513, CrChr7.1514, CrChr7.1515, CRO_T139319"
M9H77_27712,CRO_T019890
M9H77_27713,CRO_T005331
M9H77_27716,"CRO_T005330, CrChr7.1511, CRO_T105725"
M9H77_27717,"Cro001G.19759.1.p1, CrChr7.1510"
M9H77_27720,"CRO_T011963, CRO_T105729"
M9H77_27721,CRO_T011964
M9H77_27722,"CRO_T011962, Cro001G.19748.1.p1, CrChr7.1504, CRO_T105731"
M9H77_27726,"CRO_T019862, Cro001G.19746.2.p1, CrChr7.1501, CRO_T105734"
M9H77_27728,"Cro001G.19757.1.p1, CrChr7.1499"
M9H77_27729,Cro001G.19756.1.p1
M9H77_27730,"CRO_T004291, Cro001G.19755.1.p1, CrChr7.1497, CRO_T105738"
M9H77_27731,"CRO_T027205, CrChr7.1496, CRO_T105739"
M9H77_27733,CRO_T010739
M9H77_27734,"Cro001G.19745.1.p1, Cro001G.19745.2.p1, CRO_T105741"
M9H77_27736,CRO_T012168
M9H77_27738,CRO_T025385
M9H77_27742,"Cro001G.19736.1.p1, Cro001G.19736.2.p1, CrChr7.1492"
M9H77_27744,"Cro001G.19734.1.p1, Cro001G.19734.2.p1, CrChr7.1490"
M9H77_27745,"CRO_T009777, CRO_T105748"
M9H77_27746,CRO_T009776
M9H77_27748,CRO_T019962
M9H77_27749,"CRO_T019961, Cro001G.19742.1.p1, CrChr7.1484, CRO_T105753"
M9H77_27750,"CRO_T019960, Cro001G.19741.1.p1"
M9H77_27751,"Cro001G.19740.2.p1, CrChr7.1481, CRO_T105755"
M9H77_27753,"CRO_T027264, CrChr7.1479, CRO_T105758"
M9H77_27760,CRO_T105765
M9H77_27761,CRO_T018884
M9H77_27763,CRO_T018885
M9H77_27764,Cro001G.19729.1.p1
M9H77_27765,Cro001G.19728.1.p1
M9H77_27766,CRO_T012774
M9H77_27767,CRO_T032396
M9H77_27768,CRO_T032395
M9H77_27769,"Cro001G.19727.1.p1, CrChr7.1473, CRO_T105773"
M9H77_27771,"CRO_T025555, CRO_T105776"
M9H77_27772,CRO_T017812
M9H77_27773,CRO_T031877
M9H77_27777,"CRO_T031767, CRO_T105778"
M9H77_27778,"CRO_T031765, Cro001G.19724.1.p1, CRO_T105779"
M9H77_27779,CRO_T031766
M9H77_27781,"CRO_T002049, Cro001G.19721.1.p1, CRO_T105781"
M9H77_27782,"CRO_T002051, CRO_T105782"
M9H77_27783,"Cro001G.19732.1.p1, Cro001G.19732.16.p1, Cro001G.19732.21.p1, Cro001G.19732.22.p1, Cro001G.19732.30.p1, Cro001G.19732.4.p1, Cro001G.19732.5.p1, Cro001G.19732.8.p1"
M9H77_27784,CRO_T013819
M9H77_27785,CRO_T013818
M9H77_27786,"CRO_T020867, CRO_T105786"
M9H77_27787,Cro001G.19714.1.p1
M9H77_27788,CRO_T016818
M9H77_27789,CRO_T016817
M9H77_27791,"CRO_T015267, CRO_T105791"
M9H77_27793,"CRO_T013789, CRO_T105795"
M9H77_27797,CRO_T024001
M9H77_27798,"CRO_T024000, CRO_T105799"
M9H77_27800,"CRO_T008415, CRO_T105802"
M9H77_27803,CRO_T003705
M9H77_27804,"CRO_T024158, CRO_T105806"
M9H77_27805,CRO_T021575
M9H77_27808,CRO_T019351
M9H77_27809,"Cro001G.19707.1.p1, CrChr7.1450"
M9H77_27812,"CRO_T024580, Cro001G.19705.1.p1, Cro001G.19705.2.p1, CrChr7.1447, CRO_T105816"
M9H77_27813,CRO_T024583
M9H77_27814,"Cro001G.19703.1.p1, CrChr7.1446"
M9H77_27815,"CRO_T024578, Cro001G.19704.1.p1, CrChr7.1445, CRO_T105818"
M9H77_27816,"CRO_T024582, CRO_T105819"
M9H77_27818,CRO_T019375
M9H77_27819,CrChr7.1444
M9H77_27820,"CRO_T019374, Cro001G.19702.5.p1, CrChr7.1443, CRO_T105822"
M9H77_27821,CRO_T019373
M9H77_27822,"CRO_T019372, Cro001G.19702.1.p2, Cro001G.19702.2.p2, Cro001G.19702.4.p2, Cro001G.19702.5.p2, CRO_T105824"
M9H77_27823,"Cro001G.19701.1.p1, CrChr7.1439, CRO_T105826"
M9H77_27824,"Cro001G.19699.1.p1, CrChr7.1438, CRO_T105828"
M9H77_27825,"Cro001G.19700.1.p1, CrChr7.1437"
M9H77_27828,"Cro001G.19697.1.p1, CrChr7.1435"
M9H77_27829,"CRO_T029565, Cro001G.19696.1.p1, CrChr7.1434, CRO_T105833"
M9H77_27830,"Cro001G.19695.1.p1, CrChr7.1433"
M9H77_27831,CRO_T002984
M9H77_27832,CRO_T002985
M9H77_27834,"Cro001G.19692.1.p1, CrChr7.1431"
M9H77_27835,"CRO_T014060, Cro001G.19690.1.p1, CrChr7.1430, CRO_T105840"
M9H77_27836,CRO_T016851
M9H77_27838,CrChr7.1426
M9H77_27841,"CRO_T012265, CrChr7.1424, CRO_T116778"
M9H77_27842,"CRO_T012266, Cro001G.19684.1.p1, CrChr7.1423, CRO_T116777"
M9H77_27844,"CRO_T017318, CRO_T116775"
M9H77_27846,Cro001G.19679.1.p1
M9H77_27847,"CRO_T008589, CRO_T116771"
M9H77_27848,"CRO_T008587, CRO_T116770"
M9H77_27849,"CRO_T008590, CRO_T116769"
M9H77_27850,CRO_T008585
M9H77_27851,"Cro001G.19682.1.p1, CRO_T116766"
M9H77_27852,"CRO_T008588, CrChr7.1418, CRO_T116765"
M9H77_27853,"CRO_T004943, Cro001G.19677.1.p1, CrChr7.1417, CRO_T116764"
M9H77_27854,CRO_T004942
M9H77_27858,CRO_T020082
M9H77_27859,"CRO_T020083, Cro001G.19675.1.p2, Cro001G.19676.1.p1, Cro001G.19676.2.p1, CrChr7.1411, CRO_T116761"
M9H77_27860,"Cro001G.19672.1.p1, Cro001G.19672.2.p1, CrChr7.1410, CRO_T116760"
M9H77_27861,"Cro001G.19670.1.p1, CRO_T116758"
M9H77_27862,"CRO_T023232, CRO_T116756"
M9H77_27863,CRO_T023229
M9H77_27864,CRO_T023228
M9H77_27865,Cro001G.19667.1.p1
M9H77_27866,CRO_T006578
M9H77_27869,"Cro001G.19668.1.p1, CrChr7.1405"
M9H77_27870,"Cro001G.19666.1.p1, CrChr7.1404"
M9H77_27871,"Cro001G.19665.1.p1, CrChr7.1403"
M9H77_27872,"CRO_T021929, CRO_T116746"
M9H77_27874,"CRO_T025261, Cro001G.19664.1.p1, CRO_T116744"
M9H77_27875,Cro001G.19669.3.p1
M9H77_27876,"Cro001G.19663.1.p2, Cro001G.19663.2.p2, Cro001G.19663.3.p1, Cro001G.19663.4.p1, Cro001G.19663.7.p1"
M9H77_27877,"CRO_T027075, Cro001G.19663.1.p3, Cro001G.19663.2.p3"
M9H77_27879,"CRO_T011637, CRO_T116738"
M9H77_27880,CRO_T011638
M9H77_27882,CrChr7.1388
M9H77_27883,"CRO_T000682, CrChr7.1387, CRO_T116735"
M9H77_27891,CRO_T013315
M9H77_27892,CRO_T013316
M9H77_27894,CRO_T029771
M9H77_27895,"CRO_T004267, CRO_T118175"
M9H77_27896,Cro001G.19656.1.p1
M9H77_27898,"CRO_T003725, CRO_T118178"
M9H77_27899,CRO_T031812
M9H77_27901,"CRO_T007857, CRO_T118179"
M9H77_27902,"CRO_T007858, CRO_T118180"
M9H77_27907,CRO_T007859
M9H77_27908,"CRO_T007137, Cro001G.19654.1.p1, CrChr7.1379, CRO_T118184"
M9H77_27909,"Cro001G.19653.1.p1, Cro001G.19653.2.p1, CrChr7.1378"
M9H77_27910,Cro001G.19650.1.p1
M9H77_27911,CRO_T021580
M9H77_27912,"CRO_T021579, CrChr7.1376, CRO_T118188"
M9H77_27913,"CRO_T021578, Cro001G.19649.1.p1, CrChr7.1375, CRO_T118189"
M9H77_27914,Cro001G.19647.1.p1
M9H77_27915,CRO_T002683
M9H77_27917,"Cro001G.19651.9.p1, CrChr7.1371"
M9H77_27919,CRO_T017484
M9H77_27920,"Cro001G.19646.1.p1, CrChr7.1369"
M9H77_27921,"Cro001G.19643.1.p1, Cro001G.19643.2.p1, CrChr7.1368, CRO_T118196"
M9H77_27922,"Cro001G.19644.1.p1, CrChr7.1367"
M9H77_27923,CRO_T028636
M9H77_27924,CRO_T009749
M9H77_27925,"CRO_T027941, Cro001G.19636.1.p1, CrChr7.1366, CRO_T118201"
M9H77_27926,"CRO_T011273, CrChr7.1365"
M9H77_27927,CRO_T015305
M9H77_27932,CRO_T001207
M9H77_27933,CRO_T001204
M9H77_27934,CRO_T001205
M9H77_27937,CRO_T007102
M9H77_27938,"CRO_T007104, CRO_T133993"
M9H77_27939,CRO_T007103
M9H77_27940,CRO_T023022
M9H77_27941,CRO_T013498
M9H77_27942,CRO_T019339
M9H77_27943,CRO_T019340
M9H77_27947,CRO_T013054
M9H77_27949,CRO_T013593
M9H77_27953,CRO_T029572
M9H77_27954,CRO_T033284
M9H77_27959,"CRO_T002473, CRO_T133960"
M9H77_27960,"CRO_T002474, CRO_T133959"
M9H77_27962,CRO_T001360
M9H77_27963,"Cro001G.19624.1.p1, CrChr7.1322, CRO_T133953"
M9H77_27964,"CRO_T016820, Cro001G.19623.1.p1, CRO_T133952"
M9H77_27967,CRO_T025137
M9H77_27968,CRO_T025138
M9H77_27969,"CRO_T001677, Cro001G.19620.1.p1, CrChr7.1319, CRO_T133948"
M9H77_27970,Cro001G.19618.1.p1
M9H77_27971,Cro001G.19619.1.p1
M9H77_27973,Cro001G.19616.1.p1
M9H77_27974,"CRO_T004195, CRO_T133942"
M9H77_27976,CRO_T012248
M9H77_27977,CRO_T012249
M9H77_27979,Cro001G.19617.1.p1
M9H77_27980,CRO_T033643
M9H77_27981,Cro001G.19609.1.p1
M9H77_27982,"Cro001G.19607.1.p1, CrChr7.1307"
M9H77_27986,"Cro001G.19608.1.p1, Cro001G.19608.2.p1, Cro001G.19608.3.p1, Cro001G.19608.4.p1, Cro001G.19608.5.p1, Cro001G.19608.6.p1, Cro001G.19608.7.p1, Cro001G.19608.8.p1, Cro001G.19608.9.p1, CrChr7.1303"
M9H77_27988,CRO_T028341
M9H77_27989,"Cro001G.19604.1.p1, CrChr7.1301, CRO_T133928"
M9H77_27990,CRO_T011935
M9H77_27991,CRO_T011936
M9H77_27992,"Cro001G.19603.1.p1, CRO_T133926"
M9H77_27993,"CRO_T024597, CRO_T133924"
M9H77_27994,CRO_T004069
M9H77_27997,"CRO_T025112, Cro001G.19599.1.p1"
M9H77_27998,CRO_T001201
M9H77_27999,"CRO_T001203, CRO_T133920"
M9H77_28000,"CRO_T001202, CRO_T133919"
M9H77_28001,Cro001G.19600.1.p1
M9H77_28002,"CRO_T016453, CRO_T133915"
M9H77_28006,CRO_T017312
M9H77_28007,"CRO_T017311, CRO_T133913"
M9H77_28009,CRO_T014450
M9H77_28010,"CRO_T014449, Cro001G.19594.1.p1"
M9H77_28014,"CRO_T002409, Cro001G.19601.1.p1, Cro001G.19601.3.p1, Cro001G.19601.4.p1, CrChr7.1291, CRO_T133909"
M9H77_28015,"CRO_T002408, CRO_T133908"
M9H77_28016,CrChr7.1289
M9H77_28017,"Cro001G.19590.1.p1, Cro001G.19590.4.p1, CrChr7.1288, CRO_T133905"
M9H77_28019,CRO_T025556
M9H77_28020,"CRO_T025558, CRO_T133902"
M9H77_28021,"CRO_T025557, Cro001G.19588.1.p1, CRO_T133901"
M9H77_28024,"CRO_T002356, CRO_T133897"
M9H77_28026,"CRO_T020240, CRO_T133891"
M9H77_28027,CRO_T017386
M9H77_28028,CRO_T017387
M9H77_28032,"CRO_T004002, CRO_T133883"
M9H77_28033,CRO_T020431
M9H77_28036,CRO_T009259
M9H77_28038,"CRO_T012829, CRO_T133875"
M9H77_28042,CRO_T006158
M9H77_28043,CRO_T025469
M9H77_28044,"CRO_T025553, CRO_T133867"
M9H77_28045,"CRO_T033285, CRO_T133866"
M9H77_28052,CRO_T014194
M9H77_28057,CRO_T031580
M9H77_28067,CRO_T022103
M9H77_28068,CRO_T000961
M9H77_28069,CRO_T000960
M9H77_28071,"CRO_T020424, CRO_T106448"
M9H77_28072,"Cro001G.19583.1.p1, Cro001G.19583.2.p1"
M9H77_28073,"CRO_T033672, CRO_T106441"
M9H77_28074,CRO_T033675
M9H77_28075,"CRO_T033674, CRO_T106439"
M9H77_28076,CrChr7.1242
M9H77_28078,"Cro001G.19579.1.p1, Cro001G.19579.3.p1, Cro001G.19579.4.p1, Cro001G.19579.5.p1, CRO_T106436"
M9H77_28081,"Cro001G.19577.1.p1, Cro001G.19577.2.p1, Cro001G.19577.3.p1, Cro001G.19577.4.p1, CrChr7.1238, CRO_T106428"
M9H77_28082,"CRO_T022149, CrChr7.1237, CRO_T106426"
M9H77_28083,CrChr7.1236
M9H77_28084,"CRO_T022150, CRO_T106423"
M9H77_28085,CRO_T019392
M9H77_28087,CRO_T013183
M9H77_28088,CrChr7.1232
M9H77_28089,CRO_T106420
M9H77_28091,"CRO_T027856, CRO_T106419"
M9H77_28092,"Cro001G.19573.1.p1, CrChr7.1227, CRO_T106417"
M9H77_28095,"CRO_T012091, CrChr7.1226, CRO_T106416"
M9H77_28096,"CRO_T012094, CRO_T106415"
M9H77_28097,CrChr7.1224
M9H77_28098,"CRO_T012092, Cro001G.19566.1.p1, CrChr7.1223, CRO_T106413"
M9H77_28100,"CRO_T030746, CrChr7.1221, CRO_T106411"
M9H77_28101,"CRO_T006805, CRO_T106410"
M9H77_28104,"CrChr7.1219, CRO_T106408"
M9H77_28105,"CRO_T013997, CRO_T106406"
M9H77_28109,"CRO_T007887, CrChr7.1215, CRO_T106400"
M9H77_28110,"Cro001G.19555.1.p1, CrChr7.1214, CRO_T106399"
M9H77_28111,CRO_T030179
M9H77_28112,Cro001G.19570.5.p1
M9H77_28113,CRO_T017286
M9H77_28114,"Cro001G.19571.1.p1, Cro001G.19571.2.p1, Cro001G.19571.3.p1, CRO_T106393"
M9H77_28116,"CRO_T006532, CRO_T106388"
M9H77_28117,CRO_T013724
M9H77_28118,"Cro001G.19553.1.p1, CrChr7.1206"
M9H77_28119,"CRO_T011752, CRO_T106384"
M9H77_28121,"Cro001G.19551.1.p1, CrChr7.1205"
M9H77_28123,CRO_T023151
M9H77_28124,CRO_T020253
M9H77_28125,"CRO_T020251, Cro001G.19549.1.p1, CrChr7.1203, CRO_T106377"
M9H77_28127,"Cro001G.19548.2.p1, Cro001G.19548.3.p1, CrChr7.1201"
M9H77_28128,CrChr7.1200
M9H77_28133,CRO_T011610
M9H77_28134,CRO_T031306
M9H77_28135,"CRO_T024305, CrChr7.1192, CRO_T106365"
M9H77_28136,CRO_T030230
M9H77_28137,"CRO_T005455, CrChr7.1191"
M9H77_28138,CRO_T015469
M9H77_28141,"CRO_T016153, CRO_T106358"
M9H77_28142,CRO_T004414
M9H77_28143,CRO_T005352
M9H77_28144,CRO_T032626
M9H77_28145,"CRO_T032625, CRO_T116169"
M9H77_28146,CRO_T022432
M9H77_28147,CRO_T006010
M9H77_28148,CRO_T017316
M9H77_28149,CRO_T027359
M9H77_28150,CRO_T022044
M9H77_28151,CRO_T021134
M9H77_28152,CRO_T026172
M9H77_28153,Cro001G.19539.1.p1
M9H77_28156,"CRO_T018643, CRO_T116162"
M9H77_28157,CRO_T025984
M9H77_28159,"CRO_T018731, CRO_T116158"
M9H77_28160,"CRO_T015317, CRO_T116157"
M9H77_28162,CRO_T016318
M9H77_28163,CRO_T004631
M9H77_28167,"CRO_T015777, CRO_T116145"
M9H77_28168,"CRO_T004692, CRO_T116144"
M9H77_28170,"CRO_T032852, Cro001G.19537.1.p2, CrChr7.1163"
M9H77_28171,"CRO_T032455, Cro001G.19536.1.p1, CRO_T112816"
M9H77_28174,CRO_T032456
M9H77_28175,CRO_T030266
M9H77_28176,"CRO_T030265, Cro001G.19534.1.p1, CrChr7.1160, CRO_T112820"
M9H77_28177,CRO_T007698
M9H77_28178,CRO_T009896
M9H77_28179,"CRO_T024470, CRO_T112823"
M9H77_28180,CRO_T029079
M9H77_28182,CRO_T021495
M9H77_28183,"Cro001G.19531.1.p1, Cro001G.19531.2.p1, Cro001G.19531.3.p1, CrChr7.1157, CRO_T112827"
M9H77_28187,CRO_T000885
M9H77_28189,CRO_T020785
M9H77_28190,"CRO_T020787, CRO_T112833"
M9H77_28191,"CRO_T020788, CrChr7.1156"
M9H77_28192,CRO_T031270
M9H77_28193,CRO_T031271
M9H77_28199,CRO_T014336
M9H77_28201,CRO_T014335
M9H77_28204,"CRO_T001575, CRO_T112849"
M9H77_28205,"CRO_T001572, CRO_T112850"
M9H77_28206,CRO_T001571
M9H77_28207,CRO_T001573
M9H77_28213,"CRO_T026614, CRO_T112860"
M9H77_28214,"CRO_T026613, Cro001G.19526.1.p1, CrChr7.1145, CRO_T112861"
M9H77_28216,CRO_T022969
M9H77_28219,"CRO_T019654, CRO_T112866"
M9H77_28220,CrChr7.1140
M9H77_28221,CRO_T019660
M9H77_28222,CRO_T019661
M9H77_28223,"CRO_T019662, CRO_T112868"
M9H77_28224,"CRO_T019655, Cro001G.19521.1.p1, Cro001G.19521.3.p1, Cro001G.19521.6.p1, Cro001G.19521.9.p1, CRO_T112869"
M9H77_28225,"Cro001G.19519.1.p1, CrChr7.1137"
M9H77_28226,"CRO_T019659, CRO_T112871"
M9H77_28229,"Cro001G.19518.1.p1, CrChr7.1128, CRO_T112877"
M9H77_28231,CRO_T008269
M9H77_28232,"Cro001G.19517.1.p1, CrChr7.1127"
M9H77_28234,"Cro001G.19515.1.p1, Cro001G.19515.2.p1, CrChr7.1124, CRO_T112884"
M9H77_28235,"CRO_T001708, Cro001G.19514.1.p1, CRO_T112886"
M9H77_28236,"Cro001G.19513.1.p1, CrChr7.1121, CRO_T112887"
M9H77_28237,CrChr7.1120
M9H77_28238,"Cro001G.19511.1.p1, CrChr7.1118"
M9H77_28239,CRO_T001511
M9H77_28241,CRO_T018397
M9H77_28242,Cro001G.19506.1.p1
M9H77_28243,Cro001G.19510.1.p1
M9H77_28244,"Cro001G.19505.1.p1, CrChr7.1114"
M9H77_28245,"CRO_T015310, Cro001G.19503.1.p1, CrChr7.1113, CRO_T112897"
M9H77_28246,"CRO_T021061, CRO_T112898"
M9H77_28247,"CRO_T003692, CRO_T121024"
M9H77_28248,"Cro001G.19500.1.p1, CrChr7.1110"
M9H77_28250,CRO_T028166
M9H77_28252,CRO_T000064
M9H77_28254,CRO_T019533
M9H77_28255,"CRO_T022117, CRO_T109252"
M9H77_28256,"CRO_T030659, CRO_T023083, CRO_T009262"
M9H77_28257,"CRO_T017453, CRO_T109257"
M9H77_28259,CRO_T017454
M9H77_28260,"CRO_T013762, CRO_T109258"
M9H77_28261,"Cro001G.19504.1.p1, CrChr7.1099"
M9H77_28262,"Cro001G.19496.1.p1, Cro001G.19496.2.p1, CrChr7.1098"
M9H77_28264,CRO_T031953
M9H77_28265,CRO_T031952
M9H77_28270,"CRO_T032708, Cro001G.19497.1.p1, CrChr7.1093, CRO_T109266"
M9H77_28271,"CRO_T007529, CRO_T109269"
M9H77_28272,"CRO_T001466, Cro001G.19494.1.p1, CRO_T109271"
M9H77_28274,"CRO_T009196, CRO_T109272"
M9H77_28275,CRO_T009195
M9H77_28278,"Cro001G.19495.1.p1, CrChr7.1089"
M9H77_28279,"CRO_T011882, Cro001G.19493.1.p1, CrChr7.1088, CRO_T109276"
M9H77_28280,"CRO_T011886, CRO_T109277"
M9H77_28281,"CRO_T011884, Cro001G.19492.2.p1, CRO_T109278"
M9H77_28285,"CRO_T024842, CRO_T109283"
M9H77_28289,"CRO_T028768, CRO_T109289"
M9H77_28295,"CRO_T001430, CRO_T112901"
M9H77_28297,CRO_T001431
M9H77_28298,Cro001G.14674.1.p1
M9H77_28301,Cro001G.14678.1.p1
M9H77_28303,"Cro001G.14676.1.p1, CrChr7.1078"
M9H77_28306,CRO_T006393
M9H77_28307,"CRO_T018103, CRO_T112914"
M9H77_28308,CRO_T003263
M9H77_28310,CRO_T008893
M9H77_28311,"Cro001G.14679.1.p1, CrChr7.1070, CRO_T112920"
M9H77_28312,"Cro001G.14680.1.p1, Cro001G.14680.2.p1"
M9H77_28313,CRO_T007879
M9H77_28315,"CRO_T007877, Cro001G.14681.1.p1, CrChr7.1068"
M9H77_28317,CRO_T007876
M9H77_28320,"Cro001G.14686.1.p1, CrChr7.1065"
M9H77_28321,CRO_T022043
M9H77_28324,CRO_T001486
M9H77_28325,"CRO_T005035, CrChr7.1063, CRO_T112935"
M9H77_28326,CRO_T112936
M9H77_28327,CRO_T009398
M9H77_28330,"Cro001G.14688.1.p1, Cro001G.14688.2.p1, Cro001G.14688.3.p1, CrChr7.1060, CRO_T112939"
M9H77_28332,CRO_T018970
M9H77_28333,CRO_T018972
M9H77_28334,"Cro001G.14708.1.p1, Cro001G.14708.2.p1, CrChr7.1059"
M9H77_28335,"CRO_T025054, Cro001G.14709.1.p1"
M9H77_28336,"CRO_T031170, Cro001G.14710.1.p1, Cro001G.14710.2.p1, Cro001G.14710.3.p1"
M9H77_28337,CRO_T031169
M9H77_28338,"CRO_T031168, Cro001G.14711.1.p1, CrChr7.1052"
M9H77_28339,"CRO_T033275, CrChr7.1051, CRO_T112945"
M9H77_28341,"CRO_T010602, CRO_T112948"
M9H77_28342,"Cro001G.14714.1.p1, CrChr7.1047, CRO_T112949"
M9H77_28349,"Cro001G.2063.2.p1, Cro001G.2063.3.p1"
M9H77_28353,Cro001G.2061.1.p1
M9H77_28354,"CRO_T027565, CRO_T107311"
M9H77_28356,CRO_T021221
M9H77_28357,CRO_T021224
M9H77_28360,CRO_T021222
M9H77_28361,"Cro001G.2068.1.p1, Cro001G.2068.2.p1, Cro001G.2068.4.p1, Cro001G.2068.5.p1, CrChr7.1034, CRO_T107320"
M9H77_28363,"CRO_T015608, CRO_T107322"
M9H77_28364,"CRO_T032525, Cro001G.2069.1.p1, CRO_T107326"
M9H77_28367,Cro001G.2072.1.p1
M9H77_28368,"CRO_T031252, Cro001G.2071.1.p1, CrChr7.1024"
M9H77_28369,"CRO_T031253, CRO_T107332"
M9H77_28373,"Cro001G.2079.1.p1, Cro001G.2079.2.p1, Cro001G.2079.4.p1, CrChr7.1021"
M9H77_28374,"Cro001G.2080.1.p1, CrChr7.1020"
M9H77_28375,"CRO_T005009, Cro001G.2081.1.p1, CRO_T107338"
M9H77_28376,CRO_T005010
M9H77_28377,CRO_T005011
M9H77_28378,CRO_T002033
M9H77_28379,CRO_T002032
M9H77_28382,CRO_T009433
M9H77_28383,CRO_T005376
M9H77_28384,"CRO_T025775, CrChr7.1014, CRO_T107346"
M9H77_28387,CRO_T023986
M9H77_28389,CRO_T005141
M9H77_28390,CrChr7.1010
M9H77_28391,"Cro001G.2084.1.p1, CrChr7.1009, CRO_T107351"
M9H77_28392,CRO_T007459
M9H77_28393,CRO_T018114
M9H77_28394,CRO_T007928
M9H77_28395,Cro001G.2087.1.p1
M9H77_28396,"CRO_T002672, CRO_T107356"
M9H77_28397,"Cro001G.2099.1.p1, Cro001G.2099.6.p1, Cro001G.2099.7.p1"
M9H77_28399,"CRO_T002676, Cro001G.2101.1.p1"
M9H77_28401,"Cro001G.2103.1.p1, Cro001G.2103.2.p1, Cro001G.2103.3.p1, Cro001G.2103.4.p1, CRO_T107361"
M9H77_28402,"CRO_T000884, Cro001G.2104.1.p1, CrChr7.998, CRO_T107362"
M9H77_28403,CrChr7.997
M9H77_28407,"CRO_T016643, CRO_T107365"
M9H77_28409,CRO_T013179
M9H77_28412,"CRO_T001450, CRO_T107370"
M9H77_28413,CRO_T020143
M9H77_28415,CRO_T020142
M9H77_28416,CRO_T004373
M9H77_28417,CRO_T000795
M9H77_28418,CRO_T031060
M9H77_28419,"Cro001G.2088.1.p1, CrChr7.991"
M9H77_28420,"CRO_T007592, CrChr7.990, CRO_T107378"
M9H77_28421,CRO_T007594
M9H77_28422,"CRO_T007593, Cro001G.2093.2.p2, CrChr7.989, CRO_T107381"
M9H77_28423,CRO_T033652
M9H77_28424,CRO_T007999
M9H77_28426,"Cro001G.2093.4.p1, Cro001G.2093.7.p1, CrChr7.988"
M9H77_28428,CrChr7.987
M9H77_28431,"Cro001G.2093.10.p1, Cro001G.2093.8.p1, CrChr7.986"
M9H77_28433,CRO_T024502
M9H77_28434,CRO_T005456
M9H77_28435,"CRO_T002975, CrChr7.985, CRO_T107388"
M9H77_28436,CRO_T020891
M9H77_28437,CRO_T009396
M9H77_28438,"Cro001G.2090.1.p1, Cro001G.2090.2.p1, CrChr7.984"
M9H77_28439,"Cro001G.2092.1.p1, CrChr7.982"
M9H77_28440,"CRO_T028492, CRO_T107393"
M9H77_28442,Cro001G.2097.1.p1
M9H77_28443,"CRO_T010411, CRO_T107397"
M9H77_28444,CRO_T021843
M9H77_28445,CRO_T013459
M9H77_28447,"CRO_T009310, CrChr7.976, CrChr7.978"
M9H77_28450,"CRO_T009495, Cro001G.2108.1.p1, CRO_T112287"
M9H77_28451,"CRO_T009499, CRO_T112286"
M9H77_28452,"CRO_T009496, Cro001G.2106.1.p1, Cro001G.2106.2.p1, CRO_T112285"
M9H77_28454,"CRO_T009498, Cro001G.2109.1.p1, Cro001G.2109.2.p1, Cro001G.2109.4.p1, CRO_T112284"
M9H77_28456,"CRO_T009497, CRO_T112282"
M9H77_28460,"CrChr7.965, CRO_T112277"
M9H77_28461,"Cro001G.2120.1.p1, Cro001G.2120.3.p1"
M9H77_28462,"CRO_T010283, Cro001G.2118.1.p1, Cro001G.2118.2.p1"
M9H77_28463,"CRO_T001815, Cro001G.2117.1.p1, CRO_T112273"
M9H77_28465,"CRO_T023328, CRO_T023692, CRO_T024972, CRO_T030426, CrChr7.959"
M9H77_28467,"Cro001G.2128.1.p1, Cro001G.2128.2.p1, Cro001G.2128.3.p1, Cro001G.2128.4.p1, Cro001G.2128.5.p1"
M9H77_28468,CRO_T028247
M9H77_28469,CRO_T028248
M9H77_28471,CRO_T033383
M9H77_28472,"Cro001G.2123.1.p1, Cro001G.2123.2.p1"
M9H77_28476,"CRO_T024513, CRO_T112263"
M9H77_28477,CRO_T024514
M9H77_28478,CRO_T024515
M9H77_28479,CRO_T024512
M9H77_28481,"CRO_T000558, CRO_T112257"
M9H77_28482,"CRO_T000559, CRO_T112256"
M9H77_28483,"Cro001G.2135.1.p1, CrChr7.947"
M9H77_28484,"Cro001G.2136.1.p1, Cro001G.2136.2.p1, CrChr7.946, CRO_T112253"
M9H77_28486,"CRO_T000552, CRO_T112251"
M9H77_28487,"CRO_T000555, Cro001G.2134.1.p1, Cro001G.2134.10.p1, Cro001G.2134.12.p1, Cro001G.2134.2.p1, Cro001G.2134.3.p1, Cro001G.2134.4.p1, Cro001G.2134.6.p1, Cro001G.2134.7.p1, Cro001G.2134.8.p1, Cro001G.2134.9.p1, CrChr7.943, CRO_T112249"
M9H77_28489,"CRO_T000557, Cro001G.2132.1.p1, Cro001G.2132.2.p1"
M9H77_28491,"CRO_T022928, Cro001G.2131.1.p1, CrChr7.941"
M9H77_28492,CRO_T029430
M9H77_28495,"CRO_T031106, Cro001G.2137.1.p1, CrChr7.937, CRO_T112239"
M9H77_28496,"Cro001G.2138.1.p2, CrChr7.936"
M9H77_28497,CrChr7.935
M9H77_28498,Cro001G.2140.1.p1
M9H77_28500,"CRO_T026848, Cro001G.2141.1.p1, Cro001G.2141.2.p1, CrChr7.932, CRO_T112234"
M9H77_28501,"Cro001G.2142.1.p1, CrChr7.931"
M9H77_28502,"CRO_T026854, CRO_T112230"
M9H77_28503,CRO_T026857
M9H77_28504,"Cro001G.2152.1.p1, CrChr7.928, CRO_T112228"
M9H77_28505,"CRO_T026852, Cro001G.2153.1.p1, CrChr7.927, CRO_T112227"
M9H77_28506,"CRO_T026846, Cro001G.2153.1.p2, Cro001G.2154.1.p2, CrChr7.926, CRO_T112225"
M9H77_28507,"CRO_T026851, Cro001G.2151.2.p1, CrChr7.925, CRO_T112224"
M9H77_28508,Cro001G.2156.1.p1
M9H77_28511,CRO_T029068
M9H77_28512,CRO_T029066
M9H77_28513,CRO_T005817
M9H77_28514,"Cro001G.2159.1.p1, CrChr7.918"
M9H77_28516,CRO_T032388
M9H77_28518,CRO_T032389
M9H77_28520,"CRO_T016462, CRO_T112213"
M9H77_28521,CRO_T016461
M9H77_28522,CRO_T026338
M9H77_28525,"Cro001G.2144.1.p1, CrChr7.912"
M9H77_28526,"CRO_T019575, Cro001G.2145.1.p1, CRO_T112206"
M9H77_28527,CrChr7.910
M9H77_28528,Cro001G.2147.1.p1
M9H77_28529,"CRO_T012875, CRO_T112202"
M9H77_28530,"CRO_T012870, Cro001G.2149.1.p1, Cro001G.2149.2.p1, Cro001G.2149.3.p1, Cro001G.2149.4.p1, CrChr7.906, CRO_T112201"
M9H77_28531,"Cro001G.2150.1.p1, CrChr7.905"
M9H77_28532,"Cro001G.2163.1.p1, Cro001G.2163.2.p1, Cro001G.2163.3.p1, CRO_T112199"
M9H77_28533,"CRO_T012873, Cro001G.2163.1.p3, Cro001G.2163.2.p2, Cro001G.2163.3.p2, CrChr7.903, CRO_T112198"
M9H77_28534,"Cro001G.2163.1.p2, CrChr7.902"
M9H77_28535,"CRO_T012868, Cro001G.2162.1.p1, CrChr7.901, CRO_T112196"
M9H77_28536,CRO_T012867
M9H77_28537,Cro001G.2167.1.p1
M9H77_28538,"CRO_T007070, Cro001G.2168.1.p2, CrChr7.898"
M9H77_28540,Cro001G.2169.1.p1
M9H77_28542,CRO_T033503
M9H77_28544,Cro001G.2174.1.p1
M9H77_28546,"CRO_T013600, Cro001G.2176.1.p1, CrChr7.891"
M9H77_28547,"Cro001G.2172.1.p1, CrChr7.890"
M9H77_28548,"CRO_T010676, CRO_T112181"
M9H77_28549,"CRO_T010677, CrChr7.888, CRO_T112180"
M9H77_28550,"CRO_T004328, Cro001G.2171.1.p1, CrChr7.887, CRO_T112179"
M9H77_28551,Cro001G.2177.1.p1
M9H77_28554,CRO_T018201
M9H77_28555,"CRO_T018849, CrChr7.883, CRO_T112176"
M9H77_28556,CRO_T015963
M9H77_28557,"CRO_T005964, CRO_T031449, CRO_T112171"
M9H77_28559,"CRO_T014887, CRO_T117510"
M9H77_28560,CRO_T022060
M9H77_28562,"CRO_T033342, CRO_T117509"
M9H77_28564,CRO_T117507
M9H77_28565,"CRO_T023233, CRO_T117506"
M9H77_28566,CRO_T003105
M9H77_28569,CRO_T001199
M9H77_28570,CRO_T001198
M9H77_28571,CRO_T016031
M9H77_28572,"CRO_T012513, CrChr7.873, CRO_T117498"
M9H77_28573,CRO_T019264
M9H77_28574,CRO_T013665
M9H77_28577,"CRO_T006280, CRO_T116824"
M9H77_28578,"CRO_T028918, CRO_T116825"
M9H77_28581,"CrChr7.869, CRO_T116827"
M9H77_28582,"CRO_T018523, Cro001G.2187.1.p1, CrChr7.868, CRO_T116828"
M9H77_28583,"CRO_T018524, Cro001G.2185.1.p1, CrChr7.867, CRO_T116829"
M9H77_28584,Cro001G.2190.1.p1
M9H77_28586,"Cro001G.2187.2.p1, CrChr7.864"
M9H77_28587,"CRO_T021086, Cro001G.2181.1.p1, CrChr7.863, CRO_T116834"
M9H77_28588,"CRO_T021088, CRO_T116835"
M9H77_28589,"Cro001G.2183.1.p1, CrChr7.860"
M9H77_28590,Cro001G.2184.3.p1
M9H77_28591,"Cro001G.2193.1.p1, Cro001G.2193.2.p1, Cro001G.2193.3.p1, Cro001G.2193.4.p1, Cro001G.2193.5.p1"
M9H77_28592,"CRO_T020121, CRO_T116839"
M9H77_28593,CrChr7.854
M9H77_28594,"CRO_T020119, Cro001G.2196.1.p1, CrChr7.853"
M9H77_28595,"CRO_T020122, CrChr7.851, CRO_T116843"
M9H77_28596,"Cro001G.2198.1.p1, Cro001G.2198.2.p1, CrChr7.850, CRO_T116844"
M9H77_28597,"CRO_T020117, Cro001G.2199.1.p1, CrChr7.849, CRO_T116845"
M9H77_28598,CRO_T020116
M9H77_28599,CRO_T003628
M9H77_28601,"CRO_T002100, Cro001G.2197.1.p1, CrChr7.848, CRO_T116851"
M9H77_28602,Cro001G.2200.1.p1
M9H77_28603,CRO_T002101
M9H77_28604,"CRO_T002098, Cro001G.2202.1.p1, CRO_T116854"
M9H77_28606,Cro001G.2205.1.p1
M9H77_28607,"CRO_T029334, Cro001G.2203.1.p1"
M9H77_28608,"Cro001G.2208.1.p1, CrChr7.842"
M9H77_28609,"Cro001G.2206.1.p1, CrChr7.841"
M9H77_28610,"CRO_T029330, Cro001G.2207.1.p1, CrChr7.840, CRO_T116861"
M9H77_28611,"CRO_T029331, CrChr7.839, CRO_T116862"
M9H77_28612,"CRO_T029332, CRO_T116863"
M9H77_28613,"Cro001G.2211.1.p1, CrChr7.836"
M9H77_28615,"CRO_T022926, CRO_T116866"
M9H77_28616,"CRO_T022925, Cro001G.2216.1.p1, CrChr7.832, CRO_T116867"
M9H77_28617,"Cro001G.2217.1.p1, CrChr7.831"
M9H77_28618,Cro001G.2218.3.p1
M9H77_28619,"CRO_T016381, Cro001G.2219.1.p1, CrChr7.829, CRO_T116870"
M9H77_28620,"CRO_T016382, CrChr7.828, CRO_T116871"
M9H77_28621,"Cro001G.2220.1.p1, CrChr7.827, CRO_T116872"
M9H77_28622,"Cro001G.2209.1.p1, CrChr7.826"
M9H77_28623,"Cro001G.2210.1.p1, CrChr7.825"
M9H77_28624,"Cro001G.2225.1.p2, Cro001G.2225.2.p2"
M9H77_28625,"CRO_T032765, Cro001G.2225.1.p1, CRO_T116876"
M9H77_28626,"Cro001G.2227.2.p1, Cro001G.2227.3.p1, CrChr7.821"
M9H77_28627,"Cro001G.2228.2.p1, CRO_T116882"
M9H77_28629,"CRO_T009269, Cro001G.2222.1.p1, CrChr7.819, CRO_T116885"
M9H77_28630,CRO_T026092
M9H77_28631,"CRO_T019397, CRO_T116888"
M9H77_28634,CRO_T005489
M9H77_28636,"Cro001G.2238.1.p1, CrChr7.806"
M9H77_28637,"CRO_T028653, CrChr7.805, CRO_T116894"
M9H77_28638,"Cro001G.2239.1.p1, CrChr7.804"
M9H77_28639,"CRO_T028656, CRO_T116896"
M9H77_28640,"Cro001G.2240.1.p2, CrChr7.801"
M9H77_28641,"Cro001G.2236.1.p1, CrChr7.800, CRO_T116898"
M9H77_28642,"CRO_T028652, Cro001G.2229.1.p1, CRO_T116899"
M9H77_28643,CRO_T023430
M9H77_28644,"Cro001G.2231.1.p1, CrChr7.797, CRO_T116901"
M9H77_28645,CRO_T023428
M9H77_28652,"CRO_T015884, CRO_T114617"
M9H77_28654,"Cro001G.2232.1.p1, CrChr7.793"
M9H77_28655,"CRO_T007668, Cro001G.2234.1.p1, CrChr7.791, CRO_T114615"
M9H77_28656,"CRO_T007667, Cro001G.2235.1.p1, Cro001G.2235.3.p1"
M9H77_28657,"Cro001G.2247.2.p1, CrChr7.789, CRO_T114614"
M9H77_28658,Cro001G.2248.1.p1
M9H77_28660,"CRO_T032115, CrChr7.785"
M9H77_28662,CRO_T029147
M9H77_28663,"CRO_T029148, CRO_T114610"
M9H77_28664,CRO_T029149
M9H77_28665,"Cro001G.2252.1.p1, CrChr7.782, CRO_T114609"
M9H77_28666,Cro001G.2253.1.p1
M9H77_28667,CrChr7.780
M9H77_28668,"Cro001G.2254.1.p2, Cro001G.2254.2.p1, CrChr7.779"
M9H77_28669,"Cro001G.2247.3.p1, Cro001G.2247.4.p1, CrChr7.778"
M9H77_28670,"CRO_T018371, CRO_T114604"
M9H77_28671,"CRO_T018376, CRO_T114603"
M9H77_28672,"Cro001G.2242.1.p1, CrChr7.776"
M9H77_28673,"Cro001G.2244.1.p1, Cro001G.2244.2.p1, Cro001G.2244.3.p1"
M9H77_28674,CRO_T114600
M9H77_28676,CRO_T001211
M9H77_28677,"CRO_T001212, CRO_T114597"
M9H77_28678,"Cro001G.2264.1.p2, Cro001G.2264.2.p2, Cro001G.2264.3.p2, Cro001G.2264.4.p2, Cro001G.2264.5.p2, Cro001G.2264.7.p2"
M9H77_28679,CRO_T030413
M9H77_28680,"Cro001G.2264.8.p1, Cro001G.2264.9.p1"
M9H77_28681,"CRO_T030411, Cro001G.2245.1.p1, CrChr7.768"
M9H77_28682,"CRO_T030410, Cro001G.2246.1.p1, CrChr7.767, CRO_T114590"
M9H77_28683,"CRO_T030408, Cro001G.2255.1.p1, CrChr7.766, CRO_T114589"
M9H77_28685,"Cro001G.2257.1.p1, Cro001G.2257.2.p1, CrChr7.764"
M9H77_28686,"CRO_T002595, Cro001G.2257.1.p2, CrChr7.763, CRO_T114586"
M9H77_28687,"CRO_T002593, CrChr7.762, CRO_T114585"
M9H77_28688,"CRO_T002594, Cro001G.2258.1.p1, CrChr7.761, CRO_T114584"
M9H77_28689,Cro001G.2259.1.p1
M9H77_28690,"CRO_T031240, Cro001G.2260.1.p1, CrChr7.759, CRO_T114582"
M9H77_28691,Cro001G.2268.1.p1
M9H77_28693,CRO_T026169
M9H77_28695,CRO_T017970
M9H77_28696,Cro001G.2269.1.p1
M9H77_28697,CRO_T017930
M9H77_28698,"CRO_T017929, CrChr7.752, CRO_T114573"
M9H77_28699,"CRO_T017926, CRO_T114572"
M9H77_28700,"CRO_T017928, CrChr7.750, CRO_T114571"
M9H77_28701,"CRO_T017932, CRO_T114570"
M9H77_28702,"CRO_T017927, Cro001G.2277.1.p1, CRO_T114569"
M9H77_28703,Cro001G.2278.1.p1
M9H77_28704,"CRO_T017924, CRO_T114567"
M9H77_28706,CrChr7.747
M9H77_28707,"Cro001G.2274.1.p1, CrChr7.746"
M9H77_28708,Cro001G.2279.1.p1
M9H77_28709,"Cro001G.2280.1.p1, CRO_T114564"
M9H77_28710,CrChr7.742
M9H77_28711,"Cro001G.2284.1.p1, Cro001G.2284.2.p1"
M9H77_28712,"CRO_T013686, Cro001G.2284.1.p3, Cro001G.2284.2.p3, CRO_T114561"
M9H77_28713,CRO_T013687
M9H77_28715,Cro001G.2286.1.p1
M9H77_28716,"Cro001G.2286.4.p1, Cro001G.2286.5.p1"
M9H77_28720,"CRO_T015715, CrChr7.730, CRO_T114549"
M9H77_28721,"CRO_T015710, Cro001G.2288.1.p1, CrChr7.729, CRO_T114548"
M9H77_28723,"Cro001G.2290.1.p1, Cro001G.2290.2.p1, Cro001G.2290.3.p1, Cro001G.2290.4.p1, Cro001G.2290.5.p1, Cro001G.2290.6.p1, CrChr7.725"
M9H77_28724,"CRO_T015709, Cro001G.2289.1.p1, Cro001G.2289.2.p1, CrChr7.724, CRO_T114545"
M9H77_28725,"Cro001G.2291.1.p1, CrChr7.723, CRO_T114544"
M9H77_28726,"CRO_T020097, Cro001G.2292.1.p1, CrChr7.722, CRO_T114543"
M9H77_28727,"Cro001G.2294.1.p1, CrChr7.721"
M9H77_28729,"CRO_T020100, Cro001G.2293.1.p1, CrChr7.719, CRO_T114540"
M9H77_28730,"CRO_T011485, CRO_T114538"
M9H77_28731,"CRO_T011487, Cro001G.2300.1.p1, Cro001G.2300.2.p1, Cro001G.2301.2.p1, CRO_T114537"
M9H77_28732,"CRO_T011486, Cro001G.2296.1.p1, CrChr7.716, CRO_T114536"
M9H77_28735,"CRO_T020434, Cro001G.2302.1.p1, CrChr7.713, CRO_T114530"
M9H77_28736,"Cro001G.2303.1.p1, CrChr7.712, CRO_T114529"
M9H77_28737,"CRO_T025073, Cro001G.2308.1.p1, Cro001G.2308.2.p1"
M9H77_28738,"CRO_T025074, Cro001G.2305.1.p1, CrChr7.710, CRO_T114527"
M9H77_28740,"Cro001G.2319.1.p1, CrChr7.707"
M9H77_28741,"Cro001G.2320.1.p1, Cro001G.2320.2.p1, CrChr7.706"
M9H77_28742,"Cro001G.2321.1.p1, Cro001G.2321.2.p1, CrChr7.705"
M9H77_28743,"CRO_T012126, CrChr7.704, CRO_T114521"
M9H77_28744,"Cro001G.2322.1.p1, Cro001G.2322.2.p1, Cro001G.2322.3.p1"
M9H77_28745,Cro001G.2323.1.p1
M9H77_28746,"Cro001G.2325.2.p1, CrChr7.701"
M9H77_28747,"Cro001G.2309.1.p1, CrChr7.700"
M9H77_28748,"CRO_T016597, Cro001G.2310.1.p1, CrChr7.699, CRO_T114516"
M9H77_28749,CRO_T016594
M9H77_28750,"CRO_T000473, CRO_T125315"
M9H77_28751,"Cro001G.2315.2.p1, CrChr7.694, CRO_T125314"
M9H77_28752,CRO_T030118
M9H77_28756,"Cro001G.2318.1.p1, CrChr7.687"
M9H77_28757,"Cro001G.2317.1.p1, CRO_T122930"
M9H77_28758,CRO_T001346
M9H77_28759,CRO_T001347
M9H77_28760,"Cro001G.2327.1.p1, CrChr7.685"
M9H77_28761,Cro001G.2328.1.p1
M9H77_28762,Cro001G.2347.4.p1
M9H77_28764,"CRO_T000379, CRO_T122934"
M9H77_28766,CRO_T000378
M9H77_28767,CrChr7.680
M9H77_28768,CRO_T000383
M9H77_28769,"CRO_T000381, Cro001G.2357.2.p1, CrChr7.679, CRO_T122940"
M9H77_28770,"CRO_T000376, Cro001G.2358.2.p1, CrChr7.678, CRO_T122941"
M9H77_28771,CRO_T000380
M9H77_28772,"Cro001G.2360.2.p1, Cro001G.2360.3.p1, Cro001G.2360.6.p1"
M9H77_28773,CRO_T025833
M9H77_28774,CRO_T011075
M9H77_28775,CRO_T011074
M9H77_28777,"CRO_T001123, Cro001G.2363.4.p1, Cro001G.2363.8.p3"
M9H77_28780,"CRO_T000256, Cro001G.2364.3.p2, Cro001G.2364.4.p1, CRO_T122893"
M9H77_28781,Cro001G.2364.5.p1
M9H77_28782,"Cro001G.2332.1.p1, CrChr7.666"
M9H77_28783,"CrChr7.664, CRO_T122897"
M9H77_28784,"CRO_T000943, Cro001G.2334.1.p1, CrChr7.663, CRO_T122898"
M9H77_28787,"Cro001G.2335.1.p1, CrChr7.660"
M9H77_28788,"Cro001G.2336.1.p1, CrChr7.659"
M9H77_28789,"Cro001G.2337.1.p1, Cro001G.2337.2.p1"
M9H77_28790,"Cro001G.2337.1.p2, Cro001G.2337.2.p2, CrChr7.657"
M9H77_28791,"CRO_T001857, Cro001G.2329.1.p1, CrChr7.656"
M9H77_28792,"CRO_T001856, Cro001G.2330.1.p1, CRO_T122908"
M9H77_28795,"CRO_T001861, CRO_T122909"
M9H77_28796,"Cro001G.2331.1.p1, CrChr7.654"
M9H77_28797,"CRO_T001854, CRO_T122912"
M9H77_28798,"Cro001G.2367.1.p1, CrChr7.653"
M9H77_28799,"CRO_T001853, Cro001G.2368.1.p1, CrChr7.652, CRO_T122914"
M9H77_28801,"Cro001G.2370.1.p1, CrChr7.650"
M9H77_28802,"Cro001G.2371.1.p1, CrChr7.649"
M9H77_28803,"CRO_T001849, CrChr7.648, CRO_T122919"
M9H77_28804,"CRO_T001848, CrChr7.646, CRO_T122921"
M9H77_28805,"Cro001G.2373.1.p1, CrChr7.645"
M9H77_28806,"CRO_T001844, Cro001G.2374.1.p1, CrChr7.644, CRO_T122924"
M9H77_28810,CRO_T004085
M9H77_28811,"CRO_T025799, Cro001G.2341.1.p1, CrChr7.637, CRO_T119540"
M9H77_28812,"Cro001G.2344.1.p1, Cro001G.2344.2.p1, Cro001G.2344.3.p1, Cro001G.2344.4.p1"
M9H77_28814,CRO_T022362
M9H77_28815,CRO_T024203
M9H77_28817,"Cro001G.2345.1.p1, Cro001G.2345.2.p1, CrChr7.631"
M9H77_28818,"Cro001G.2346.1.p1, CrChr7.630"
M9H77_28819,Cro001G.2375.1.p1
M9H77_28820,"Cro001G.2376.1.p1, Cro001G.2376.2.p1, Cro001G.2376.3.p1, CrChr7.628"
M9H77_28821,"Cro001G.2377.1.p1, Cro001G.2377.2.p1, CrChr7.627"
M9H77_28822,"CRO_T011510, Cro001G.2378.1.p1, CRO_T119549"
M9H77_28823,"CRO_T019464, Cro001G.2379.1.p1, CrChr7.625"
M9H77_28825,CRO_T019465
M9H77_28826,"Cro001G.2381.1.p1, CrChr7.624"
M9H77_28827,"CRO_T028789, Cro001G.2382.1.p1, Cro001G.2383.1.p2, CrChr7.623, CRO_T119552"
M9H77_28828,"Cro001G.2383.1.p1, CrChr7.622"
M9H77_28829,"Cro001G.2380.1.p1, CrChr7.621, CRO_T119554"
M9H77_28830,"Cro001G.2390.1.p2, Cro001G.2390.2.p2, Cro001G.2390.8.p2"
M9H77_28831,"CRO_T019048, Cro001G.2390.1.p1, Cro001G.2390.2.p1, Cro001G.2390.3.p1, Cro001G.2390.5.p1, Cro001G.2390.7.p1, Cro001G.2390.8.p1, CRO_T119556"
M9H77_28832,Cro001G.2391.3.p1
M9H77_28833,CrChr7.617
M9H77_28834,"CRO_T019046, Cro001G.2388.1.p1, CRO_T119559"
M9H77_28836,"Cro001G.2387.1.p1, CrChr7.614"
M9H77_28837,"CRO_T019040, Cro001G.2393.2.p1, CRO_T119562"
M9H77_28838,"CRO_T011580, CRO_T119564"
M9H77_28840,"CRO_T002540, CRO_T119565"
M9H77_28845,CRO_T015352
M9H77_28849,CRO_T018998
M9H77_28851,"CrChr7.601, CRO_T103084"
M9H77_28852,Cro001G.2404.3.p1
M9H77_28853,"CRO_T010132, Cro001G.2405.1.p1, CrChr7.599, CRO_T103082"
M9H77_28854,"Cro001G.2406.1.p1, CRO_T103081"
M9H77_28855,"CRO_T010133, CrChr7.597"
M9H77_28857,"CrChr7.595, CRO_T103078"
M9H77_28858,"CRO_T013395, CRO_T103076"
M9H77_28859,CRO_T013396
M9H77_28860,"CRO_T017991, CRO_T103074"
M9H77_28861,"CRO_T017988, Cro001G.2408.1.p1, CrChr7.590, CRO_T103073"
M9H77_28865,"CRO_T004426, Cro001G.2409.4.p1, CrChr7.586, CRO_T103068"
M9H77_28866,CRO_T006521
M9H77_28867,CrChr7.583
M9H77_28868,"CRO_T006520, Cro001G.2409.7.p1, CrChr7.582, CRO_T103064"
M9H77_28869,CRO_T103063
M9H77_28870,"CRO_T007328, Cro001G.2395.1.p1, Cro001G.2395.2.p1, Cro001G.2395.3.p1, Cro001G.2395.4.p1"
M9H77_28871,"CRO_T007327, Cro001G.2397.1.p1"
M9H77_28872,"Cro001G.2398.1.p1, Cro001G.2398.2.p1, Cro001G.2398.3.p1, Cro001G.2398.4.p1"
M9H77_28873,"CRO_T031867, Cro001G.2399.1.p1, CrChr7.578, CRO_T103055"
M9H77_28874,"Cro001G.2401.1.p1, Cro001G.2401.2.p1"
M9H77_28875,CrChr7.576
M9H77_28876,"CRO_T005481, Cro001G.2400.1.p1, CRO_T103052"
M9H77_28877,"CRO_T005484, CRO_T103050"
M9H77_28879,"Cro001G.2416.1.p1, CrChr7.570"
M9H77_28880,"CRO_T005482, Cro001G.2417.1.p1, CrChr7.569, CRO_T103048"
M9H77_28881,CRO_T005483
M9H77_28883,"Cro001G.2419.2.p1, Cro001G.2420.1.p1, CrChr7.566"
M9H77_28884,"CRO_T023329, Cro001G.2429.1.p1, CRO_T103044"
M9H77_28885,"Cro001G.2430.2.p1, Cro001G.2430.4.p1, Cro001G.2430.5.p1, CrChr7.563"
M9H77_28886,CRO_T008809
M9H77_28887,CRO_T015837
M9H77_28888,CRO_T003706
M9H77_28890,"Cro001G.2433.1.p1, Cro001G.2433.2.p1, CrChr7.559"
M9H77_28891,Cro001G.2437.1.p1
M9H77_28894,"Cro001G.2430.7.p1, CrChr7.556"
M9H77_28895,CRO_T031040
M9H77_28896,"CRO_T031039, CrChr7.554, CRO_T103033"
M9H77_28897,"CRO_T032653, Cro001G.2439.1.p1, CRO_T103031"
M9H77_28898,"Cro001G.2430.1.p1, CRO_T103030"
M9H77_28900,"CRO_T032654, CRO_T103028"
M9H77_28901,"Cro001G.2425.1.p1, Cro001G.2425.2.p1, Cro001G.2425.5.p1"
M9H77_28902,"Cro001G.2426.1.p1, CrChr7.547"
M9H77_28903,"CRO_T028794, CrChr7.545, CRO_T103025"
M9H77_28904,"CRO_T028796, Cro001G.2424.1.p1, CrChr7.543, CRO_T103024"
M9H77_28905,"Cro001G.2427.1.p1, CrChr7.542"
M9H77_28906,"CrChr7.541, CRO_T103021"
M9H77_28907,CRO_T008471
M9H77_28908,"Cro001G.2441.1.p1, CrChr7.539"
M9H77_28909,"CRO_T033831, CrChr7.538"
M9H77_28910,"CRO_T008472, CrChr7.537"
M9H77_28911,"CRO_T008473, CRO_T103017"
M9H77_28912,"Cro001G.2442.1.p1, CrChr7.535, CRO_T103016"
M9H77_28913,Cro001G.2443.1.p1
M9H77_28914,"Cro001G.2444.1.p1, CrChr7.533, CRO_T103014"
M9H77_28915,"CRO_T008475, CRO_T103013"
M9H77_28916,"CRO_T008476, CRO_T103012"
M9H77_28917,Cro001G.2456.1.p1
M9H77_28918,CRO_T032410
M9H77_28919,"CRO_T032409, CRO_T103009"
M9H77_28920,"Cro001G.2459.1.p1, Cro001G.2459.2.p1, Cro001G.2459.3.p1, CRO_T103008"
M9H77_28922,"CRO_T018078, CrChr7.525, CRO_T103004"
M9H77_28923,"CRO_T016301, Cro001G.2463.1.p1, CrChr7.524, CRO_T103003"
M9H77_28925,"Cro001G.2464.1.p1, CrChr7.522"
M9H77_28926,"Cro001G.2464.1.p2, CrChr7.521, CRO_T103000"
M9H77_28927,"CRO_T033319, Cro001G.2445.1.p1, CRO_T102999"
M9H77_28929,"CRO_T026004, CRO_T102997"
M9H77_28930,CrChr7.516
M9H77_28931,"CRO_T026005, CrChr7.515, CRO_T102995"
M9H77_28932,"CRO_T023432, Cro001G.2451.1.p1, CRO_T102994"
M9H77_28933,"CRO_T023431, Cro001G.2450.1.p1, CrChr7.513, CRO_T102992"
M9H77_28934,CRO_T002042
M9H77_28935,"CRO_T002043, Cro001G.2455.1.p1, CrChr7.511, CRO_T102989"
M9H77_28936,"Cro001G.2453.1.p1, CrChr7.510"
M9H77_28937,CRO_T002045
M9H77_28938,CRO_T027112
M9H77_28939,"Cro001G.2465.2.p1, CrChr7.508"
M9H77_28940,Cro001G.2468.1.p1
M9H77_28941,"Cro001G.2469.1.p1, CrChr7.506"
M9H77_28942,"Cro001G.2467.1.p1, CrChr7.505, CRO_T102983"
M9H77_28943,"CRO_T027109, CrChr7.503, CRO_T102981"
M9H77_28944,CRO_T027107
M9H77_28945,"Cro001G.2502.1.p1, CrChr7.501"
M9H77_28946,"Cro001G.2504.1.p1, CrChr7.500"
M9H77_28947,"Cro001G.2505.1.p1, CrChr7.499, CRO_T102976"
M9H77_28948,"Cro001G.2506.1.p1, CrChr7.498"
M9H77_28950,"Cro001G.2507.1.p1, Cro001G.2507.2.p1"
M9H77_28951,"CRO_T024753, Cro001G.2504.5.p1, CRO_T102972"
M9H77_28952,"CRO_T025781, Cro001G.2508.7.p4"
M9H77_28959,"CRO_T009346, Cro001G.2512.1.p1, Cro001G.2512.2.p1, CRO_T102966"
M9H77_28960,CrChr7.488
M9H77_28961,CRO_T018688
M9H77_28963,"Cro001G.2515.1.p1, CrChr7.484"
M9H77_28964,"CRO_T011923, Cro001G.2508.12.p1, Cro001G.2508.3.p1, Cro001G.2516.1.p1, CrChr7.483, CRO_T102962"
M9H77_28965,"Cro001G.2518.1.p1, CrChr7.481"
M9H77_28966,Cro001G.2519.1.p1
M9H77_28967,"CRO_T021771, Cro001G.2520.1.p1, CRO_T102959"
M9H77_28968,Cro001G.2521.1.p1
M9H77_28969,Cro001G.2522.4.p1
M9H77_28970,"Cro001G.2477.1.p1, Cro001G.2477.2.p1"
M9H77_28972,"CRO_T004732, CRO_T002629, Cro001G.2479.1.p1, CrChr7.475, CRO_T102954"
M9H77_28974,"CRO_T002627, CRO_T004729, CRO_T102952"
M9H77_28975,"Cro001G.2480.1.p1, CRO_T102951"
M9H77_28976,"CRO_T011107, Cro001G.2481.1.p1, CrChr7.472, CRO_T102950"
M9H77_28977,"CRO_T011106, Cro001G.2483.1.p1, CrChr7.471, CRO_T102949"
M9H77_28979,CrChr7.468
M9H77_28980,"Cro001G.2472.1.p1, CrChr7.467"
M9H77_28981,Cro001G.2473.1.p1
M9H77_28983,"CRO_T013031, Cro001G.2475.1.p1, CrChr7.465, CRO_T102944"
M9H77_28984,"CRO_T013029, Cro001G.2474.1.p2, CrChr7.463, CRO_T102942"
M9H77_28985,"CRO_T013030, CrChr7.462, CRO_T102941"
M9H77_28986,CRO_T032841
M9H77_28987,"CRO_T032839, Cro001G.2485.1.p1, CrChr7.459, CRO_T102938"
M9H77_28989,"CRO_T032838, Cro001G.2486.1.p1, CRO_T102936"
M9H77_28990,"Cro001G.2490.1.p1, CrChr7.454"
M9H77_28991,CRO_T022159
M9H77_28992,Cro001G.2493.1.p1
M9H77_28993,"Cro001G.2495.1.p1, CrChr7.450"
M9H77_28994,"CRO_T000815, CrChr7.449, CRO_T102931"
M9H77_28995,"CRO_T000812, Cro001G.2497.1.p1, Cro001G.2497.2.p1"
M9H77_28996,"CRO_T000811, CrChr7.447, CRO_T102929"
M9H77_28997,"Cro001G.2498.1.p1, CrChr7.446"
M9H77_28998,"CRO_T000813, CRO_T102927"
M9H77_28999,"Cro001G.2501.1.p1, CrChr7.443"
M9H77_29002,"CRO_T018652, CRO_T102922"
M9H77_29003,Cro001G.2524.1.p1
M9H77_29004,"Cro001G.2525.1.p1, CrChr7.439"
M9H77_29005,"Cro001G.2538.1.p1, CrChr7.438"
M9H77_29006,Cro001G.2539.3.p1
M9H77_29007,"Cro001G.2540.1.p1, CrChr7.434"
M9H77_29008,CrChr7.432
M9H77_29009,"CRO_T003489, Cro001G.2542.1.p1, CrChr7.431, CRO_T102914"
M9H77_29010,"CRO_T003493, CRO_T102913"
M9H77_29011,"Cro001G.2544.1.p1, CrChr7.428"
M9H77_29012,"Cro001G.2541.2.p1, Cro001G.2541.3.p1"
M9H77_29015,"Cro001G.2529.1.p1, CrChr7.425"
M9H77_29016,"CRO_T003496, CRO_T102907"
M9H77_29017,"CRO_T003497, Cro001G.2536.1.p1, CrChr7.422, CRO_T102906"
M9H77_29018,"Cro001G.2535.1.p1, CrChr7.421"
M9H77_29019,"CRO_T003498, Cro001G.2537.2.p1, CRO_T102904"
M9H77_29020,"CRO_T003499, CRO_T102903"
M9H77_29021,"CRO_T032939, Cro001G.2532.1.p1, CRO_T102902"
M9H77_29022,CRO_T032940
M9H77_29023,CRO_T032942
M9H77_29024,"CRO_T032941, CRO_T102898"
M9H77_29026,CRO_T016690
M9H77_29028,CRO_T006689
M9H77_29029,"CrChr7.413, CRO_T102892"
M9H77_29030,"Cro001G.2547.1.p1, CrChr7.412"
M9H77_29031,"Cro001G.2549.2.p1, CrChr7.411"
M9H77_29032,"Cro001G.2546.1.p1, CrChr7.410"
M9H77_29033,"CRO_T022625, Cro001G.2548.1.p1, CrChr7.409, CRO_T102887"
M9H77_29034,"Cro001G.2551.1.p1, CrChr7.408"
M9H77_29036,"Cro001G.2563.1.p1, CrChr7.405"
M9H77_29037,"Cro001G.2564.1.p1, CrChr7.404"
M9H77_29038,"CRO_T022622, Cro001G.2565.1.p1, CrChr7.403, CRO_T102882"
M9H77_29039,"CRO_T022626, CrChr7.402, CRO_T102881"
M9H77_29040,"CRO_T022621, CRO_T102880"
M9H77_29041,Cro001G.2567.2.p1
M9H77_29042,"CRO_T011394, CrChr7.399, CRO_T102878"
M9H77_29043,"CRO_T011392, Cro001G.2568.1.p1, CrChr7.398"
M9H77_29044,"Cro001G.2569.1.p1, CrChr7.397"
M9H77_29045,"CRO_T011390, Cro001G.2562.1.p1, Cro001G.2562.3.p1, Cro001G.2562.4.p1, CrChr7.396, CRO_T102875"
M9H77_29047,Cro001G.2553.1.p1
M9H77_29049,"Cro001G.2556.1.p1, CrChr7.389, CrChr7.392"
M9H77_29050,CRO_T010578
M9H77_29051,"Cro001G.2557.1.p1, CrChr7.387"
M9H77_29053,"Cro001G.2559.1.p1, CrChr7.385"
M9H77_29054,"CRO_T024161, CRO_T110199"
M9H77_29055,Cro001G.2560.1.p1
M9H77_29058,CrChr7.381
M9H77_29059,Cro001G.2561.1.p1
M9H77_29060,"Cro001G.2573.1.p1, CrChr7.378"
M9H77_29061,"Cro001G.2575.1.p1, CrChr7.377, CRO_T110206"
M9H77_29062,"Cro001G.2578.1.p1, CrChr7.375"
M9H77_29063,"Cro001G.2576.2.p1, CrChr7.374"
M9H77_29064,"Cro001G.2583.1.p1, Cro001G.2583.3.p1"
M9H77_29066,"CRO_T011665, CRO_T110212"
M9H77_29067,"Cro001G.2579.1.p1, CRO_T110213"
M9H77_29068,"Cro001G.2586.1.p1, CrChr7.369"
M9H77_29069,"Cro001G.2587.1.p1, CrChr7.367"
M9H77_29070,"Cro001G.2588.1.p1, CrChr7.366"
M9H77_29071,"Cro001G.2587.1.p2, CrChr7.365, CRO_T110217"
M9H77_29072,"Cro001G.2584.1.p1, CrChr7.364"
M9H77_29073,"CRO_T014230, Cro001G.2585.1.p1, CrChr7.363, CRO_T110219"
M9H77_29075,"Cro001G.2590.1.p1, CrChr7.361"
M9H77_29076,"Cro001G.2592.1.p1, CrChr7.359"
M9H77_29077,"Cro001G.2593.1.p1, CrChr7.358, CRO_T110223"
M9H77_29079,"CRO_T014942, Cro001G.2595.1.p1, CrChr7.356, CRO_T110225"
M9H77_29080,"CRO_T014946, Cro001G.2597.1.p1, CrChr7.355, CRO_T110226"
M9H77_29081,"Cro001G.2598.1.p1, CrChr7.354"
M9H77_29083,"CRO_T014940, Cro001G.2599.1.p1, CrChr7.352, CRO_T110229"
M9H77_29084,"Cro001G.2601.1.p1, CrChr7.351"
M9H77_29085,"Cro001G.2602.2.p1, CrChr7.350"
M9H77_29086,"Cro001G.2604.1.p1, CrChr7.347"
M9H77_29088,CrChr7.345
M9H77_29089,"CRO_T014823, CrChr7.344, CRO_T110233"
M9H77_29091,"Cro001G.2611.1.p1, CrChr7.342"
M9H77_29092,CRO_T033254
M9H77_29094,CRO_T019404
M9H77_29095,"CRO_T019408, Cro001G.2606.1.p1, CrChr7.337, CRO_T110240"
M9H77_29096,Cro001G.2608.1.p1
M9H77_29097,"Cro001G.2608.1.p2, Cro001G.2608.3.p1"
M9H77_29098,"Cro001G.2607.1.p1, CrChr7.335"
M9H77_29099,Cro001G.2609.1.p1
M9H77_29100,"CRO_T019410, Cro001G.2610.1.p1, CrChr7.333, CRO_T110243"
M9H77_29101,"CRO_T019411, Cro001G.2614.1.p1, CrChr7.332, CRO_T110244"
M9H77_29102,"Cro001G.2615.1.p1, Cro001G.2615.2.p1"
M9H77_29103,"Cro001G.2616.1.p1, CrChr7.329"
M9H77_29105,"Cro001G.2621.1.p1, Cro001G.2621.2.p1, CrChr7.326"
M9H77_29106,"Cro001G.2617.1.p1, CrChr7.325, CRO_T110248"
M9H77_29107,Cro001G.2618.1.p1
M9H77_29118,"Cro001G.2633.1.p1, CrChr7.311, CRO_T110260"
M9H77_29120,"CRO_T001737, CRO_T110262"
M9H77_29121,CRO_T027522
M9H77_29123,"CRO_T027523, CRO_T110265"
M9H77_29124,"CRO_T027528, Cro001G.2639.1.p2, CrChr7.303, CRO_T110266"
M9H77_29125,"CRO_T027524, Cro001G.2637.1.p1, CrChr7.302, CRO_T110267"
M9H77_29126,"CRO_T027525, Cro001G.2641.1.p1, CrChr7.301, CRO_T110268"
M9H77_29127,"CRO_T027529, Cro001G.2642.1.p1, CrChr7.300, CRO_T110269"
M9H77_29128,"Cro001G.2640.1.p1, CrChr7.299"
M9H77_29129,Cro001G.2643.1.p1
M9H77_29130,Cro001G.2644.2.p1
M9H77_29131,Cro001G.2644.1.p1
M9H77_29133,"CRO_T026723, Cro001G.2646.2.p1, CrChr7.295, CRO_T110272"
M9H77_29134,CrChr7.294
M9H77_29136,"CRO_T026725, CRO_T110276"
M9H77_29137,"Cro001G.2651.1.p1, CrChr7.290, CRO_T110277"
M9H77_29138,"CRO_T029687, CRO_T110278"
M9H77_29139,"CRO_T015386, Cro001G.2657.1.p1, Cro001G.2657.2.p1, Cro001G.2657.3.p1, CRO_T110279"
M9H77_29140,"CRO_T015385, Cro001G.2657.4.p1, CRO_T110280"
M9H77_29141,"CRO_T015384, CrChr7.285, CRO_T110281"
M9H77_29142,"CRO_T015382, Cro001G.2658.1.p1, CRO_T110282"
M9H77_29144,Cro001G.2660.1.p1
M9H77_29145,"Cro001G.2661.1.p1, CrChr7.281"
M9H77_29146,CRO_T005449
M9H77_29147,CRO_T005448
M9H77_29148,"Cro001G.2665.1.p1, CrChr7.278"
M9H77_29149,"CRO_T000517, CrChr7.277, CRO_T110288"
M9H77_29150,"CRO_T003152, Cro001G.2664.1.p1, CrChr7.276, CRO_T110289"
M9H77_29151,"CRO_T024525, Cro001G.2662.1.p1, CrChr7.275, CRO_T110290"
M9H77_29152,"CRO_T024526, CRO_T110291"
M9H77_29153,"Cro001G.2667.1.p1, Cro001G.2667.2.p1, CrChr7.273"
M9H77_29154,"CRO_T024529, CRO_T110294"
M9H77_29156,"CRO_T028816, Cro001G.2676.1.p1, CrChr7.269, CRO_T110296"
M9H77_29157,"Cro001G.2677.1.p1, CrChr7.268, CRO_T110297"
M9H77_29158,"CRO_T028815, CrChr7.267, CRO_T110298"
M9H77_29159,"Cro001G.2678.1.p1, CrChr7.266, CRO_T110299"
M9H77_29160,"Cro001G.2679.2.p1, CrChr7.265"
M9H77_29161,"Cro001G.2680.1.p1, CrChr7.264"
M9H77_29162,"Cro001G.2681.1.p1, CrChr7.263, CRO_T110302"
M9H77_29163,"CRO_T011213, Cro001G.2670.1.p1, CrChr7.262, CRO_T110303"
M9H77_29164,Cro001G.2671.1.p1
M9H77_29165,Cro001G.2673.1.p1
M9H77_29166,"Cro001G.2674.1.p1, CrChr7.260, CRO_T110306"
M9H77_29167,"Cro001G.2672.1.p1, CrChr7.259"
M9H77_29168,"Cro001G.2675.1.p1, CrChr7.256"
M9H77_29170,"CRO_T007743, Cro001G.2682.1.p1, CRO_T110309"
M9H77_29171,"CRO_T007747, CrChr7.254, CRO_T110310"
M9H77_29173,"Cro001G.2689.1.p1, CrChr7.252"
M9H77_29174,Cro001G.2690.1.p1
M9H77_29175,"Cro001G.2691.1.p1, Cro001G.2691.2.p1"
M9H77_29176,CRO_T023269
M9H77_29177,CrChr7.249
M9H77_29180,"CRO_T024393, CrChr7.246, CRO_T110317"
M9H77_29181,CRO_T024394
M9H77_29182,"CRO_T024395, Cro001G.2692.1.p1, CrChr7.243, CRO_T110320"
M9H77_29183,"CRO_T024397, CRO_T017629, CRO_T019484, Cro001G.2687.1.p1, CrChr7.242, CRO_T110321"
M9H77_29184,"CRO_T019485, Cro001G.2686.1.p1, CrChr7.241"
M9H77_29185,CrChr7.240
M9H77_29186,CrChr7.238
M9H77_29187,CrChr7.237
M9H77_29189,CRO_T015280
M9H77_29190,CrChr7.234
M9H77_29191,"CrChr7.233, CRO_T110328"
M9H77_29192,CrChr7.232
M9H77_29195,"CRO_T006539, CrChr7.229"
M9H77_29197,CrChr7.227
M9H77_29198,"CRO_T029339, CrChr7.226"
M9H77_29199,CrChr7.225
M9H77_29202,"Cro001G.2708.1.p1, CrChr7.222"
M9H77_29203,CrChr7.221
M9H77_29204,CRO_T023405
M9H77_29206,CRO_T031125
M9H77_29207,CRO_T031124
M9H77_29209,CrChr7.215
M9H77_29210,CRO_T033055
M9H77_29211,CRO_T033054
M9H77_29212,CrChr7.212
M9H77_29213,CrChr7.211
M9H77_29214,"CRO_T025266, CrChr7.210"
M9H77_29216,CrChr7.207
M9H77_29217,CRO_T002258
M9H77_29219,CRO_T018086
M9H77_29225,"Cro001G.2719.1.p1, CrChr7.193"
M9H77_29226,CrChr7.192
M9H77_29227,"CRO_T003531, CrChr7.191, CRO_T134561"
M9H77_29229,CRO_T021240
M9H77_29230,"Cro001G.2723.1.p1, CrChr7.188"
M9H77_29235,CrChr7.184
M9H77_29236,CrChr7.183
M9H77_29237,CrChr7.182
M9H77_29238,CrChr7.181
M9H77_29241,"CRO_T013275, Cro001G.2737.1.p1, CrChr7.178"
M9H77_29242,CrChr7.177
M9H77_29243,CrChr7.176
M9H77_29244,"CRO_T006897, CrChr7.175"
M9H77_29245,"CRO_T006898, Cro001G.2726.1.p1, CrChr7.174, CRO_T118778"
M9H77_29246,CrChr7.168
M9H77_29247,CrChr7.167
M9H77_29248,CrChr7.166
M9H77_29250,"CRO_T029773, CrChr7.164"
M9H77_29251,CrChr7.163
M9H77_29252,CRO_T028412
M9H77_29253,CrChr7.160
M9H77_29254,"CRO_T020101, CrChr7.155"
M9H77_29255,CrChr7.154
M9H77_29259,CrChr7.151
M9H77_29263,"CRO_T016700, CrChr7.149"
M9H77_29264,CrChr7.148
M9H77_29266,CrChr7.147
M9H77_29268,"Cro001G.2809.1.p1, CrChr7.145"
M9H77_29269,CrChr7.143
M9H77_29271,"Cro001G.2816.3.p1, CrChr7.137"
M9H77_29273,CrChr7.135
M9H77_29277,CRO_T030016
M9H77_29278,"CRO_T030017, CrChr7.131"
M9H77_29280,"CRO_T021076, CrChr7.129"
M9H77_29282,Cro001G.2825.1.p1
M9H77_29283,CrChr7.127
M9H77_29284,"CRO_T022306, Cro001G.2832.1.p1, Cro001G.2832.3.p1, CrChr7.117, CRO_T127370"
M9H77_29287,CrChr7.115
M9H77_29288,CRO_T031099
M9H77_29289,"Cro001G.2745.1.p1, CrChr7.113"
M9H77_29297,"Cro001G.2750.1.p1, CrChr7.106"
M9H77_29298,"Cro001G.2751.1.p1, CrChr7.105, CRO_T127359"
M9H77_29315,"CRO_T015795, Cro001G.2757.1.p1, CrChr7.81"
M9H77_29316,"CRO_T010827, CRO_T122662"
M9H77_29318,"Cro001G.2761.1.p2, Cro001G.2761.2.p1, Cro001G.2761.3.p1, Cro001G.2761.4.p1, Cro001G.2761.5.p1, Cro001G.2761.6.p1"
M9H77_29322,"Cro001G.2765.1.p1, CrChr7.74"
M9H77_29324,CRO_T026692
M9H77_29329,"Cro001G.2772.1.p2, Cro001G.2772.2.p2, CrChr7.67"
M9H77_29337,CRO_T001900
M9H77_29342,CRO_T021138
M9H77_29343,CRO_T015094
M9H77_29347,CRO_T028813
M9H77_29348,CRO_T005962
M9H77_29352,Cro001G.20154.1.p1
M9H77_29353,CRO_T004208
M9H77_29354,CRO_T026680
M9H77_29357,CRO_T007717
M9H77_29358,CRO_T029472
M9H77_29359,"Cro001G.2864.1.p1, Cro001G.2864.3.p1"
M9H77_29360,"Cro001G.2864.1.p2, Cro001G.2864.2.p1, Cro001G.2864.3.p2"
M9H77_29363,CrChr7.36
M9H77_29368,"CRO_T022156, Cro001G.2857.1.p1, CrChr7.31, CRO_T127712"
M9H77_29369,"CRO_T023234, Cro001G.2856.1.p1"
M9H77_29375,Cro001G.2842.1.p2
M9H77_29377,CRO_T008331
M9H77_29378,CRO_T008332
M9H77_19918,"Cro001G.16754.1.p1, Cro001G.16754.10.p1, Cro001G.16754.11.p1, Cro001G.16754.12.p1, Cro001G.16754.13.p1, Cro001G.16754.14.p1, Cro001G.16754.16.p1, Cro001G.16754.17.p1, Cro001G.16754.18.p1, Cro001G.16754.19.p1, Cro001G.16754.2.p1, Cro001G.16754.3.p1, Cro001G.16754.4.p1, Cro001G.16754.5.p1, Cro001G.16754.6.p1, Cro001G.16754.7.p1, Cro001G.16754.8.p1, CrChr3.3"
M9H77_19923,"CRO_T018698, CrChr3.6, CRO_T120479"
M9H77_19937,CrChr3.19
M9H77_19939,CrChr3.19
M9H77_19964,"Cro001G.18845.1.p1, Cro001G.18845.2.p1, CrChr3.53, CRO_T125002"
M9H77_19970,"Cro001G.18848.1.p1, Cro001G.18848.2.p1, CrChr3.58"
M9H77_19972,Cro001G.18854.1.p1
M9H77_19997,"CRO_T029433, CRO_T032724, Cro001G.18864.1.p1, Cro001G.3050.2.p2, CrChr3.81, CrChr4.168, CRO_T128172, CRO_T138957"
M9H77_20071,"Cro001G.18927.1.p1, CrChr3.159, CRO_T110536"
M9H77_20091,"Cro001G.18951.1.p1, CRO_T110556"
M9H77_20093,"CRO_T012431, CRO_T110558"
M9H77_20131,CrChr3.225
M9H77_20132,CrChr3.227
M9H77_20133,CrChr3.228
M9H77_20135,"Cro001G.18975.2.p1, CrChr3.231, CRO_T110602"
M9H77_20136,CrChr3.233
M9H77_20137,CrChr3.235
M9H77_20138,CrChr3.236
M9H77_20139,CrChr3.237
M9H77_20141,CrChr3.239
M9H77_20142,CrChr3.240
M9H77_20143,CrChr3.241
M9H77_20144,CrChr3.242
M9H77_20145,CrChr3.243
M9H77_20146,CrChr3.244
M9H77_20148,CrChr3.247
M9H77_20149,CrChr3.248
M9H77_20152,CrChr3.251
M9H77_20153,CrChr3.252
M9H77_20154,CrChr3.253
M9H77_20155,CrChr3.254
M9H77_20157,CrChr3.256
M9H77_20160,CrChr3.259
M9H77_20162,CrChr3.261
M9H77_20164,CrChr3.263
M9H77_20165,CrChr3.264
M9H77_20167,CrChr3.266
M9H77_20168,CrChr3.267
M9H77_20169,CrChr3.268
M9H77_20170,CrChr3.269
M9H77_20172,"CRO_T002320, Cro001G.19028.1.p1, CrChr3.270, CRO_T110641"
M9H77_20173,CrChr3.271
M9H77_20174,CrChr3.272
M9H77_20175,"CRO_T002313, Cro001G.19030.1.p1, CrChr3.273"
M9H77_20180,"Cro001G.19019.1.p1, Cro001G.19019.2.p1, Cro001G.19019.3.p1, Cro001G.19019.5.p1, Cro001G.19019.6.p1"
M9H77_20181,CrChr3.279
M9H77_20182,"CRO_T025090, Cro001G.19018.1.p1, CrChr3.280, CRO_T110652"
M9H77_20183,"CRO_T025088, CrChr3.281, CRO_T110653"
M9H77_20184,Cro001G.19034.1.p1
M9H77_20185,"Cro001G.19035.1.p1, Cro001G.19035.2.p1"
M9H77_20186,"CRO_T026760, CRO_T110656"
M9H77_20187,"CRO_T026761, CRO_T110658"
M9H77_20188,"Cro001G.19038.1.p1, CrChr3.288"
M9H77_20189,"CRO_T026763, Cro001G.19039.1.p1, CRO_T110660"
M9H77_20190,"CRO_T026764, Cro001G.19039.1.p2, Cro001G.19039.2.p2, Cro001G.19039.3.p2, Cro001G.19039.4.p1, CrChr3.291, CRO_T110662"
M9H77_20191,Cro001G.19040.1.p1
M9H77_20193,"CRO_T022168, Cro001G.19042.1.p1, Cro001G.19042.2.p1, CrChr3.295, CRO_T110665"
M9H77_20195,"Cro001G.19046.1.p1, CrChr3.297"
M9H77_20197,Cro001G.19050.1.p1
M9H77_20198,CrChr3.301
M9H77_20199,"Cro001G.19052.1.p1, CrChr3.302"
M9H77_20200,"CRO_T017467, CRO_T110672"
M9H77_20202,"CRO_T017465, CRO_T110673"
M9H77_20203,"Cro001G.19054.1.p1, CRO_T110675"
M9H77_20204,"CRO_T005875, Cro001G.19055.1.p1, CrChr3.308, CRO_T110676"
M9H77_20205,"Cro001G.19058.1.p3, Cro001G.19058.2.p2, CrChr3.309, CRO_T110677"
M9H77_20206,"CRO_T005874, Cro001G.19058.2.p1, CrChr3.310"
M9H77_20207,"CRO_T005876, CrChr3.311, CRO_T110679"
M9H77_20208,"Cro001G.19059.1.p1, CrChr3.312"
M9H77_20210,CrChr3.314
M9H77_20212,CrChr3.316
M9H77_20213,"CRO_T009577, CRO_T110685"
M9H77_20214,"Cro001G.19072.1.p2, CrChr3.318"
M9H77_20215,CRO_T009575
M9H77_20216,"CRO_T009569, Cro001G.19075.1.p1, CrChr3.321, CRO_T110688"
M9H77_20218,"Cro001G.19077.1.p1, CrChr3.324"
M9H77_20219,Cro001G.19072.2.p1
M9H77_20220,Cro001G.19078.1.p1
M9H77_20221,"CRO_T012476, CRO_T110693"
M9H77_20222,CRO_T012477
M9H77_20223,"Cro001G.19063.1.p1, Cro001G.19063.2.p1, CrChr3.329"
M9H77_20224,Cro001G.19067.1.p1
M9H77_20225,"CRO_T011849, Cro001G.19068.1.p1, Cro001G.19068.2.p1, CRO_T110698"
M9H77_20226,Cro001G.19065.1.p1
M9H77_20227,"CRO_T011848, CRO_T110700"
M9H77_20228,Cro001G.19066.1.p1
M9H77_20230,"CRO_T008561, CRO_T110703"
M9H77_20231,"CRO_T018585, CRO_T110704"
M9H77_20232,"CRO_T018586, CRO_T110705"
M9H77_20233,Cro001G.19083.1.p1
M9H77_20234,Cro001G.19084.1.p1
M9H77_20236,"CRO_T001615, CRO_T110710"
M9H77_20237,"CRO_T001616, Cro001G.19086.1.p1, CRO_T110711"
M9H77_20238,CRO_T110712
M9H77_20239,"CRO_T003654, Cro001G.19089.1.p1, CRO_T110713"
M9H77_20240,"CRO_T003652, Cro001G.19110.1.p1"
M9H77_20241,"CRO_T003653, Cro001G.19111.1.p1, CRO_T110715"
M9H77_20242,CRO_T017434
M9H77_20244,Cro001G.19114.1.p1
M9H77_20245,"Cro001G.19115.1.p1, Cro001G.19115.2.p1"
M9H77_20246,Cro001G.19116.1.p1
M9H77_20247,Cro001G.19117.1.p1
M9H77_20248,Cro001G.19118.1.p1
M9H77_20249,"CRO_T032147, CRO_T110721"
M9H77_20250,"CRO_T032148, Cro001G.19119.1.p1, Cro001G.19119.2.p1, CRO_T110722"
M9H77_20251,Cro001G.19114.2.p1
M9H77_20253,CrChr3.361
M9H77_20255,CrChr3.361
M9H77_20257,CrChr3.365
M9H77_20259,CRO_T019567
M9H77_20261,CRO_T001745
M9H77_20262,Cro001G.19121.1.p1
M9H77_20263,CRO_T029127
M9H77_20265,"CRO_T029567, Cro001G.19119.3.p1, Cro001G.19119.4.p1, Cro001G.19119.5.p1, Cro001G.19119.6.p1, CRO_T110729"
M9H77_20266,"CRO_T029568, Cro001G.19124.1.p2, CRO_T110730"
M9H77_20267,"CRO_T029569, CRO_T110731"
M9H77_20268,Cro001G.19119.2.p2
M9H77_20269,"Cro001G.19090.1.p1, CRO_T110733"
M9H77_20270,CRO_T006719
M9H77_20271,"CRO_T006718, CRO_T110736"
M9H77_20272,"Cro001G.19092.1.p1, CRO_T110737"
M9H77_20273,Cro001G.19091.1.p1
M9H77_20275,Cro001G.19105.1.p1
M9H77_20276,CrChr3.388
M9H77_20277,"CRO_T013227, Cro001G.19104.4.p1, CRO_T110742"
M9H77_20278,"CRO_T013226, CRO_T110743"
M9H77_20281,"Cro001G.19104.6.p1, CrChr3.393, CRO_T110746"
M9H77_20282,"CRO_T029245, Cro001G.19104.1.p1, Cro001G.19104.2.p1, Cro001G.19104.3.p1, Cro001G.19104.5.p1, CRO_T110747"
M9H77_20283,Cro001G.19094.1.p1
M9H77_20284,"Cro001G.19096.1.p2, Cro001G.19096.3.p1, CRO_T110749"
M9H77_20285,"CRO_T014686, CRO_T110750"
M9H77_20286,"CRO_T014685, Cro001G.19099.1.p1, CRO_T110751"
M9H77_20289,"Cro001G.19102.1.p1, Cro001G.19102.2.p1"
M9H77_20290,Cro001G.19101.1.p1
M9H77_20291,"CRO_T014684, Cro001G.19138.1.p1, Cro001G.19138.2.p1, CRO_T110756"
M9H77_20292,Cro001G.19140.1.p1
M9H77_20293,"CRO_T005236, Cro001G.19142.1.p1, CRO_T110759"
M9H77_20294,Cro001G.19144.1.p1
M9H77_20295,Cro001G.19145.1.p1
M9H77_20296,"CRO_T009098, CRO_T110765"
M9H77_20297,CRO_T110766
M9H77_20298,"Cro001G.19148.1.p1, CrChr3.412"
M9H77_20299,Cro001G.19149.1.p1
M9H77_20300,"CRO_T009104, CRO_T110770"
M9H77_20301,"CRO_T009102, Cro001G.19150.1.p1, Cro001G.19150.2.p1, Cro001G.19150.3.p1"
M9H77_20303,"CRO_T028634, Cro001G.19109.1.p1, CRO_T110772"
M9H77_20304,"CRO_T028633, Cro001G.19127.1.p1, Cro001G.19127.3.p1"
M9H77_20305,Cro001G.19125.1.p1
M9H77_20306,Cro001G.19151.1.p1
M9H77_20308,CRO_T110777
M9H77_20309,"Cro001G.19154.1.p1, Cro001G.19154.2.p1, Cro001G.19154.4.p1"
M9H77_20310,"Cro001G.19128.1.p1, CRO_T110779"
M9H77_20311,"Cro001G.19130.1.p2, Cro001G.19130.2.p2, Cro001G.19130.3.p1, Cro001G.19130.4.p1"
M9H77_20312,"CRO_T030775, Cro001G.19130.1.p1, Cro001G.19130.2.p1, CRO_T110781"
M9H77_20313,Cro001G.19129.1.p1
M9H77_20314,"CRO_T030769, Cro001G.19131.1.p1"
M9H77_20316,"CRO_T030770, Cro001G.19133.1.p1, Cro001G.19133.2.p1, CRO_T110784"
M9H77_20317,"CRO_T030771, CRO_T110785"
M9H77_20318,"CRO_T030772, Cro001G.19137.1.p1"
M9H77_20319,"CRO_T030776, Cro001G.19155.1.p1, CRO_T110787"
M9H77_20320,Cro001G.19162.1.p1
M9H77_20321,"CRO_T030777, CRO_T110789"
M9H77_20322,Cro001G.19164.1.p1
M9H77_20323,"Cro001G.19165.1.p1, CRO_T110791"
M9H77_20324,CRO_T000824
M9H77_20325,"CRO_T000829, Cro001G.19163.1.p1, CrChr3.442, CRO_T110793"
M9H77_20326,"Cro001G.19157.1.p1, CrChr3.443, CRO_T110794"
M9H77_20327,"Cro001G.19158.1.p1, CrChr3.444, CRO_T110795"
M9H77_20328,"CRO_T000827, CRO_T110796"
M9H77_20329,"Cro001G.19159.1.p1, CrChr3.448"
M9H77_20330,"CRO_T005563, Cro001G.19161.1.p1, CrChr3.449, CRO_T110798"
M9H77_20331,"CRO_T005561, Cro001G.19166.1.p1, CrChr3.450, CRO_T110799"
M9H77_20332,CRO_T005560
M9H77_20333,"CRO_T005562, Cro001G.19169.2.p1, CrChr3.453, CRO_T110802"
M9H77_20335,CRO_T023865
M9H77_20336,"CRO_T023867, Cro001G.19167.1.p1, CrChr3.455, CRO_T110805"
M9H77_20337,Cro001G.19174.1.p1
M9H77_20338,"CRO_T023864, Cro001G.19175.1.p1, CrChr3.457, CRO_T110807"
M9H77_20340,"CRO_T023863, CrChr3.458, CRO_T110809"
M9H77_20341,Cro001G.19176.1.p1
M9H77_20342,"CRO_T023861, CRO_T110811"
M9H77_20343,Cro001G.19177.1.p1
M9H77_20344,"CRO_T027176, Cro001G.19178.1.p1, CrChr3.461"
M9H77_20347,"Cro001G.19172.1.p1, CrChr3.466"
M9H77_20349,"CRO_T012947, CrChr3.469, CRO_T110818"
M9H77_20350,"CRO_T012952, Cro001G.19184.1.p1, Cro001G.19185.2.p1, CRO_T110819"
M9H77_20351,"Cro001G.19186.1.p1, Cro001G.19186.3.p1, Cro001G.19186.4.p1"
M9H77_20352,"CRO_T012954, CRO_T110821"
M9H77_20354,"CRO_T012955, CrChr3.473, CRO_T110823"
M9H77_20355,"Cro001G.19188.1.p1, Cro001G.19188.2.p1, Cro001G.19188.3.p1, Cro001G.19188.4.p1, CrChr3.474, CRO_T110824"
M9H77_20356,"Cro001G.19189.1.p1, CrChr3.475, CRO_T110825"
M9H77_20357,"Cro001G.19190.1.p1, CrChr3.476"
M9H77_20359,"Cro001G.19191.1.p1, CrChr3.478"
M9H77_20360,"CRO_T019871, Cro001G.19192.1.p1, Cro001G.19192.2.p1, CrChr3.479, CRO_T110832"
M9H77_20361,"CRO_T019872, Cro001G.19194.1.p1, CrChr3.481, CRO_T110833"
M9H77_20362,Cro001G.19180.1.p1
M9H77_20363,"CRO_T019874, Cro001G.19181.1.p1, Cro001G.19181.2.p1, CRO_T110837"
M9H77_20364,"CRO_T019875, Cro001G.19182.1.p1, CRO_T110838"
M9H77_20365,"Cro001G.19196.1.p1, CrChr3.485"
M9H77_20366,"Cro001G.19198.1.p1, CrChr3.486"
M9H77_20367,"CRO_T019876, Cro001G.19200.1.p1, Cro001G.19200.2.p1, CrChr3.487, CRO_T110842"
M9H77_20368,CRO_T019881
M9H77_20369,"Cro001G.19197.1.p1, CrChr3.488"
M9H77_20370,"CRO_T017754, Cro001G.19199.1.p1, CrChr3.489, CRO_T110844"
M9H77_20371,CRO_T032089
M9H77_20372,"CRO_T027649, Cro001G.19203.1.p1, CrChr3.492, CRO_T110846"
M9H77_20374,"Cro001G.19207.1.p1, CrChr3.494, CRO_T110848"
M9H77_20375,"CRO_T027647, CrChr3.495, CRO_T110849"
M9H77_20377,Cro001G.19209.1.p2
M9H77_20378,CRO_T027644
M9H77_20379,Cro001G.19210.1.p1
M9H77_20380,"CRO_T027643, Cro001G.19208.1.p1, CrChr3.500"
M9H77_20381,"CRO_T027640, Cro001G.19211.1.p1, CrChr3.502, CRO_T110856"
M9H77_20382,"CRO_T009841, CRO_T110857"
M9H77_20383,"Cro001G.19213.1.p1, CrChr3.505"
M9H77_20384,"Cro001G.19214.1.p1, CrChr3.506"
M9H77_20385,"CRO_T006778, Cro001G.19216.1.p1, CrChr3.507, CRO_T110863"
M9H77_20386,"CRO_T006777, Cro001G.19217.1.p1, CrChr3.508, CRO_T110864"
M9H77_20388,"Cro001G.19221.1.p1, CrChr3.511"
M9H77_20391,"CRO_T031081, Cro001G.19222.2.p1"
M9H77_20392,"Cro001G.19224.1.p1, CRO_T110868"
M9H77_20393,CRO_T020179
M9H77_20394,"Cro001G.19226.1.p1, CrChr3.515"
M9H77_20395,CRO_T022454
M9H77_20396,CRO_T023266
M9H77_20397,"Cro001G.19228.1.p1, CrChr3.517, CRO_T110873"
M9H77_20398,"CRO_T013669, Cro001G.19230.1.p1, CrChr3.519, CRO_T110874"
M9H77_20399,"Cro001G.19231.1.p1, Cro001G.19231.2.p1"
M9H77_20401,"Cro001G.19229.1.p1, CrChr3.522"
M9H77_20402,"Cro001G.19235.1.p1, CrChr3.523"
M9H77_20403,"Cro001G.19236.1.p1, CrChr3.524, CRO_T110879"
M9H77_20404,"Cro001G.19234.1.p1, CrChr3.525, CRO_T110880"
M9H77_20405,"Cro001G.19237.1.p1, Cro001G.19237.2.p1, CrChr3.526"
M9H77_20406,"Cro001G.19239.1.p1, CrChr3.527, CRO_T110882"
M9H77_20407,"CRO_T015921, Cro001G.19238.1.p1, CrChr3.528, CRO_T110883"
M9H77_20408,"Cro001G.19240.1.p1, CrChr3.529"
M9H77_20410,CRO_T029972
M9H77_20411,"CRO_T006219, CrChr3.531, CRO_T110886"
M9H77_20412,"CRO_T002932, Cro001G.19242.1.p1, Cro001G.19242.2.p1, Cro001G.19242.3.p1"
M9H77_20413,"Cro001G.19243.1.p1, Cro001G.19243.2.p1, Cro001G.19243.3.p1, Cro001G.19243.4.p1, CRO_T110889"
M9H77_20415,CRO_T029071
M9H77_20416,"Cro001G.19249.1.p1, Cro001G.19249.2.p1, Cro001G.19249.3.p1"
M9H77_20417,"Cro001G.19250.1.p1, Cro001G.19250.2.p1"
M9H77_20418,"Cro001G.19250.1.p2, Cro001G.19250.2.p2"
M9H77_20419,"CRO_T020825, Cro001G.19251.2.p1, CRO_T110896"
M9H77_20421,CRO_T017026
M9H77_20422,"Cro001G.19252.1.p1, CrChr3.540, CRO_T110898"
M9H77_20424,"Cro001G.19247.1.p1, CrChr3.542"
M9H77_20425,"CRO_T015724, CrChr3.543, CRO_T110902"
M9H77_20426,CrChr3.544
M9H77_20427,"CRO_T007768, CrChr3.545, CRO_T110905"
M9H77_20428,"CRO_T007769, Cro001G.19257.1.p1, CrChr3.546"
M9H77_20429,"Cro001G.19258.1.p2, CrChr3.547"
M9H77_20430,"CRO_T007771, Cro001G.19256.2.p1, Cro001G.19256.3.p1, CrChr3.548, CRO_T110908"
M9H77_20431,"Cro001G.19253.1.p1, CrChr3.549"
M9H77_20432,"Cro001G.19260.1.p1, CrChr3.550, CRO_T110910"
M9H77_20433,CRO_T028088
M9H77_20435,CRO_T002053
M9H77_20436,CRO_T002052
M9H77_20438,"Cro001G.19262.1.p1, CrChr3.554"
M9H77_20439,CRO_T014012
M9H77_20440,"Cro001G.19266.1.p1, Cro001G.19266.2.p1, Cro001G.19266.3.p1"
M9H77_20441,"Cro001G.19264.1.p1, CrChr3.556"
M9H77_20442,"CRO_T026903, CRO_T110919"
M9H77_20443,"CRO_T026902, Cro001G.19265.1.p1, CrChr3.557, CRO_T110920"
M9H77_20444,CrChr3.560
M9H77_20446,"CrChr3.565, CrChr3.566, CRO_T110924"
M9H77_20448,CRO_T025401
M9H77_20450,"CRO_T030493, Cro001G.19270.1.p1, CrChr3.569, CRO_T110928"
M9H77_20451,"CRO_T030494, CrChr3.570, CRO_T110929"
M9H77_20452,CRO_T110930
M9H77_20453,"CRO_T030495, Cro001G.19273.1.p1, CrChr3.572, CRO_T110931"
M9H77_20454,"Cro001G.19274.1.p1, CrChr3.573, CRO_T110932"
M9H77_20455,"CRO_T030498, Cro001G.19269.1.p1, CrChr3.574, CRO_T110933"
M9H77_20456,CRO_T110934
M9H77_20457,"CRO_T011695, Cro001G.19284.1.p2, CrChr3.576, CRO_T110936"
M9H77_20458,"Cro001G.19286.1.p1, Cro001G.19286.3.p1, Cro001G.19286.4.p1, Cro001G.19286.7.p1"
M9H77_20459,"CRO_T011696, Cro001G.19287.1.p1, CrChr3.578, CRO_T110938"
M9H77_20460,"Cro001G.19289.1.p1, CrChr3.579"
M9H77_20461,"CrChr3.580, CRO_T110942"
M9H77_20462,"Cro001G.19290.2.p1, CrChr3.581"
M9H77_20463,"CRO_T011698, Cro001G.19291.1.p1, CRO_T110944"
M9H77_20464,"CRO_T011699, CRO_T110945"
M9H77_20465,Cro001G.19282.1.p1
M9H77_20467,"Cro001G.19279.1.p1, Cro001G.19279.2.p1, CrChr3.588"
M9H77_20468,"CRO_T011705, CRO_T110948"
M9H77_20469,"CRO_T011829, CrChr3.592, CRO_T110949"
M9H77_20470,CRO_T005099
M9H77_20474,CRO_T014241
M9H77_20476,"CRO_T010839, CrChr3.596, CRO_T110954"
M9H77_20477,CrChr3.597
M9H77_20478,"CRO_T010841, Cro001G.19294.1.p1, CrChr3.598, CRO_T110956"
M9H77_20479,CRO_T030907
M9H77_20480,CRO_T030908
M9H77_20483,"Cro001G.19296.1.p1, CrChr3.604"
M9H77_20484,Cro001G.19304.1.p1
M9H77_20485,"CRO_T024534, Cro001G.19301.1.p1, CrChr3.606, CRO_T110967"
M9H77_20486,"CRO_T032416, CrChr3.607"
M9H77_20487,"Cro001G.19303.1.p1, CrChr3.608, CRO_T110969"
M9H77_20488,"CRO_T032414, CrChr3.609, CRO_T110970"
M9H77_20489,CRO_T032417
M9H77_20490,"CRO_T032418, CRO_T110972"
M9H77_20492,"Cro001G.19306.1.p1, CrChr3.612"
M9H77_20493,"Cro001G.19307.1.p1, CrChr3.613, CRO_T110976"
M9H77_20494,"Cro001G.19308.1.p1, CrChr3.614"
M9H77_20496,"CRO_T017502, CRO_T110980"
M9H77_20497,CRO_T017501
M9H77_20498,CRO_T017500
M9H77_20499,"CRO_T017499, Cro001G.19312.1.p1, CrChr3.621, CRO_T110982"
M9H77_20500,"Cro001G.19315.1.p1, Cro001G.19315.3.p1"
M9H77_20501,CRO_T001106
M9H77_20502,"CRO_T001108, CrChr3.623, CRO_T110984"
M9H77_20503,"Cro001G.19317.1.p1, CrChr3.624"
M9H77_20505,"CRO_T007306, Cro001G.19318.1.p1, Cro001G.19318.2.p1, CrChr3.625, CRO_T110986"
M9H77_20506,"CRO_T007307, Cro001G.19320.1.p1, CRO_T110987"
M9H77_20507,"CRO_T007309, CRO_T110988"
M9H77_20508,"Cro001G.19322.1.p1, CrChr3.628"
M9H77_20509,"CRO_T033145, Cro001G.19323.1.p1, CrChr3.629, CRO_T110990"
M9H77_20510,Cro001G.19324.1.p1
M9H77_20511,Cro001G.19325.1.p1
M9H77_20512,"CRO_T029946, Cro001G.19323.2.p1, CrChr3.632, CRO_T110994"
M9H77_20513,"Cro001G.19327.1.p1, Cro001G.19327.2.p1, Cro001G.19327.3.p1, Cro001G.19327.6.p1, Cro001G.19327.7.p1"
M9H77_20514,"Cro001G.19345.1.p1, CrChr3.653"
M9H77_20516,CRO_T029571
M9H77_20517,CRO_T029570
M9H77_20520,CRO_T006496
M9H77_20521,"CRO_T006494, CRO_T111023"
M9H77_20522,"CRO_T006495, CRO_T111024"
M9H77_20523,CRO_T006369
M9H77_20525,"Cro001G.19356.1.p1, Cro001G.19356.2.p1, CrChr3.660"
M9H77_20526,"CRO_T007200, Cro001G.17376.1.p1, Cro001G.19351.1.p1, CrChr3.661"
M9H77_20527,"CRO_T007195, CRO_T111027"
M9H77_20528,"CRO_T007196, Cro001G.17375.1.p1, CrChr3.662, CRO_T111028"
M9H77_20530,"CRO_T007198, Cro001G.17372.1.p1, Cro001G.19355.1.p1, CrChr3.664, CRO_T111030"
M9H77_20531,CrChr3.665
M9H77_20532,"CRO_T007201, Cro001G.17371.1.p1, Cro001G.19358.1.p1"
M9H77_20533,"CRO_T015636, Cro001G.17370.1.p1, CrChr3.668, CRO_T111035"
M9H77_20534,CrChr3.670
M9H77_20537,CRO_T021011
M9H77_20538,CRO_T014223
M9H77_20540,"CRO_T014224, CrChr3.675, CRO_T111041"
M9H77_20541,CRO_T111042
M9H77_20542,CRO_T005356
M9H77_20543,CRO_T005358
M9H77_20544,"CRO_T005357, CrChr3.677, CRO_T111046"
M9H77_20545,"CRO_T001837, CrChr3.679"
M9H77_20546,"Cro001G.17361.1.p1, CrChr3.680, CRO_T111050"
M9H77_20550,CRO_T009543
M9H77_20552,CRO_T006430
M9H77_20553,"CRO_T024246, Cro001G.17360.1.p1, Cro001G.17360.2.p1, CrChr3.681"
M9H77_20554,"CRO_T024247, CrChr3.682"
M9H77_20555,"CRO_T027679, CrChr3.683, CRO_T111058"
M9H77_20556,"CRO_T029609, CRO_T111061"
M9H77_20557,"CRO_T004917, CRO_T025884, CRO_T013173"
M9H77_20559,"CRO_T000674, CrChr3.687, CRO_T111064"
M9H77_20564,"CRO_T024072, CRO_T111069"
M9H77_20565,"CrChr3.692, CRO_T111070"
M9H77_20566,CRO_T031284
M9H77_20568,CRO_T111075
M9H77_20574,"CRO_T009769, CRO_T129180"
M9H77_20575,"CRO_T009768, Cro001G.17356.1.p1, CRO_T129179"
M9H77_20576,Cro001G.17352.1.p1
M9H77_20577,"Cro001G.17354.1.p1, Cro001G.17354.3.p1, CrChr3.707"
M9H77_20578,CRO_T009771
M9H77_20579,"CRO_T009766, Cro001G.17342.1.p1, Cro001G.17342.2.p1, CRO_T129174"
M9H77_20581,"Cro001G.17341.1.p1, Cro001G.17341.2.p1"
M9H77_20582,Cro001G.17340.1.p1
M9H77_20584,"Cro001G.17339.1.p1, CrChr3.713"
M9H77_20585,"CRO_T026901, Cro001G.17338.1.p1, CrChr3.715, CRO_T129167"
M9H77_20586,"CrChr3.716, CRO_T129166"
M9H77_20587,Cro001G.17351.1.p1
M9H77_20588,"CRO_T021957, CRO_T129164"
M9H77_20589,"CRO_T021956, Cro001G.17350.1.p1, CrChr3.718, CRO_T129163"
M9H77_20591,"Cro001G.17347.1.p1, CrChr3.721, CRO_T129161"
M9H77_20592,"CRO_T013865, Cro001G.17346.1.p1, CrChr3.722"
M9H77_20593,"CRO_T030309, Cro001G.17345.1.p1, CrChr3.723, CRO_T129159"
M9H77_20595,"Cro001G.17344.1.p1, CrChr3.724"
M9H77_20596,CRO_T023552
M9H77_20598,"CRO_T023549, Cro001G.17343.1.p1, Cro001G.17343.2.p1, CrChr3.725, CRO_T129154"
M9H77_20599,"CRO_T023551, Cro001G.17328.1.p1, Cro001G.17328.2.p1, Cro001G.17328.3.p1, CrChr3.727, CRO_T129150"
M9H77_20600,"Cro001G.17325.1.p1, CrChr3.728"
M9H77_20602,CRO_T002970
M9H77_20603,CRO_T002973
M9H77_20604,CRO_T002971
M9H77_20605,Cro001G.17329.1.p1
M9H77_20606,"CRO_T002968, Cro001G.17336.1.p1, CrChr3.736, CRO_T129142"
M9H77_20608,"CRO_T015567, Cro001G.17335.1.p1, CrChr3.737, CRO_T129140"
M9H77_20610,"CRO_T015570, CrChr3.739, CRO_T129138"
M9H77_20613,"Cro001G.17331.1.p1, CrChr3.742"
M9H77_20614,CRO_T015575
M9H77_20615,"CRO_T015574, CRO_T129131"
M9H77_20619,"CRO_T031938, Cro001G.17320.1.p1, CrChr3.743, CRO_T129127"
M9H77_20620,CRO_T031943
M9H77_20621,"Cro001G.17322.1.p1, Cro001G.17322.2.p1, CrChr3.747, CRO_T129124"
M9H77_20622,CRO_T129123
M9H77_20623,"Cro001G.17316.1.p1, CrChr3.750"
M9H77_20624,"Cro001G.17317.1.p1, CrChr3.751"
M9H77_20625,CRO_T031940
M9H77_20626,CRO_T024043
M9H77_20627,CrChr3.754
M9H77_20628,"CRO_T024045, CRO_T129113"
M9H77_20629,Cro001G.17312.1.p1
M9H77_20630,"CRO_T023687, Cro001G.17311.1.p1, CrChr3.758, CRO_T129109"
M9H77_20632,"CRO_T023688, CRO_T129106"
M9H77_20634,CRO_T003327
M9H77_20635,Cro001G.17299.1.p1
M9H77_20636,"Cro001G.17298.1.p1, CrChr3.761"
M9H77_20637,"CRO_T017144, Cro001G.17297.1.p1, CrChr3.762, CRO_T129102"
M9H77_20638,"Cro001G.17301.1.p1, CrChr3.763, CRO_T129101"
M9H77_20639,"CRO_T006414, CRO_T129100"
M9H77_20640,CRO_T006416
M9H77_20641,CRO_T006415
M9H77_20642,Cro001G.17307.1.p1
M9H77_20643,CRO_T015759
M9H77_20644,"CRO_T015760, Cro001G.17305.1.p1, CrChr3.767"
M9H77_20645,CrChr3.768
M9H77_20646,"CRO_T015761, Cro001G.17304.1.p1, CrChr3.769, CRO_T129094"
M9H77_20648,CRO_T009234
M9H77_20649,"CRO_T009230, CrChr3.771, CRO_T129090"
M9H77_20650,"Cro001G.17302.1.p1, CrChr3.772, CRO_T129088"
M9H77_20651,"Cro001G.17300.1.p1, Cro001G.17300.2.p1, Cro001G.17300.3.p1"
M9H77_20652,"CRO_T009228, Cro001G.17288.1.p1, CRO_T129086"
M9H77_20653,"Cro001G.17287.1.p1, CrChr3.775"
M9H77_20654,"Cro001G.17286.1.p1, CrChr3.776"
M9H77_20655,"Cro001G.17285.1.p1, CrChr3.777"
M9H77_20656,"CRO_T009226, CrChr3.778, CRO_T129082"
M9H77_20658,CRO_T010985
M9H77_20659,"Cro001G.17294.1.p1, CrChr3.782"
M9H77_20660,CRO_T010986
M9H77_20661,CRO_T032714
M9H77_20662,CRO_T017744
M9H77_20663,CRO_T017747
M9H77_20664,Cro001G.17283.1.p1
M9H77_20665,CRO_T017745
M9H77_20667,CRO_T003253
M9H77_20668,"Cro001G.17279.1.p1, CrChr3.792"
M9H77_20670,"CRO_T032121, CrChr3.793"
M9H77_20671,"CRO_T032122, Cro001G.17277.1.p1, Cro001G.17277.3.p1, CrChr3.794, CRO_T129058"
M9H77_20672,"CrChr3.795, CRO_T129056"
M9H77_20673,"CRO_T032124, Cro001G.17272.1.p1, CrChr3.796, CRO_T129055"
M9H77_20674,"Cro001G.17273.1.p1, CrChr3.797"
M9H77_20678,CRO_T003002
M9H77_20679,"CRO_T003000, Cro001G.17271.1.p1, CrChr3.798, CRO_T129047"
M9H77_20680,"Cro001G.17270.1.p1, CrChr3.799"
M9H77_20681,"CRO_T002999, Cro001G.17268.1.p1, CrChr3.800, CRO_T129045"
M9H77_20682,"CRO_T003001, Cro001G.17267.1.p1, CRO_T129044"
M9H77_20684,CRO_T003199
M9H77_20687,"Cro001G.17262.1.p1, CrChr3.802, CRO_T129040"
M9H77_20688,Cro001G.17263.1.p1
M9H77_20689,CRO_T024997
M9H77_20690,"CRO_T012761, Cro001G.17265.1.p1, CrChr3.805, CRO_T129035"
M9H77_20693,"Cro001G.17248.1.p1, Cro001G.17248.2.p1, CrChr3.808, CRO_T129032"
M9H77_20695,Cro001G.17243.1.p1
M9H77_20696,"CRO_T032808, Cro001G.17242.1.p1, CrChr3.810, CRO_T129028"
M9H77_20697,CRO_T032810
M9H77_20698,"CRO_T000477, CRO_T129026"
M9H77_20700,Cro001G.17247.1.p2
M9H77_20701,"Cro001G.17246.1.p1, CRO_T129023"
M9H77_20702,"CrChr3.815, CRO_T129022"
M9H77_20703,CRO_T018680
M9H77_20704,"Cro001G.17260.1.p1, CrChr3.817, CRO_T129020"
M9H77_20705,"Cro001G.17251.1.p1, CrChr3.818, CRO_T129019"
M9H77_20706,"CRO_T006012, Cro001G.17259.1.p1, CrChr3.819, CRO_T129018"
M9H77_20710,"CRO_T025871, CRO_T129013"
M9H77_20711,"CRO_T025870, Cro001G.17255.1.p1, CrChr3.824, CRO_T129012"
M9H77_20712,Cro001G.17253.1.p1
M9H77_20713,"Cro001G.17252.1.p1, CrChr3.827, CRO_T129010"
M9H77_20714,CRO_T025872
M9H77_20715,"CRO_T025866, CRO_T129008"
M9H77_20718,"CRO_T028336, Cro001G.17238.1.p1, CrChr3.831, CRO_T129004"
M9H77_20719,"Cro001G.17236.1.p1, CrChr3.833"
M9H77_20720,"Cro001G.17231.1.p1, CrChr3.834, CRO_T129000"
M9H77_20721,"Cro001G.17233.1.p1, CrChr3.835"
M9H77_20722,Cro001G.17232.1.p1
M9H77_20723,CRO_T025682
M9H77_20724,"CRO_T022037, Cro001G.17217.1.p1, CrChr3.838"
M9H77_20725,"Cro001G.17216.1.p1, CrChr3.839"
M9H77_20726,"Cro001G.17215.1.p1, CrChr3.841"
M9H77_20728,"Cro001G.17235.1.p1, Cro001G.17235.11.p1, Cro001G.17235.12.p1"
M9H77_20729,"CRO_T021916, Cro001G.17213.1.p2, CRO_T128992"
M9H77_20730,Cro001G.17213.1.p1
M9H77_20731,"Cro001G.17212.1.p1, CrChr3.844, CRO_T128990"
M9H77_20732,"CRO_T012355, CRO_T128989"
M9H77_20733,Cro001G.17210.3.p1
M9H77_20735,CRO_T128986
M9H77_20736,"CRO_T025079, CRO_T128984"
M9H77_20737,"CRO_T025081, CRO_T128983"
M9H77_20738,"CRO_T025078, Cro001G.17206.1.p1, CrChr3.851, CRO_T128982"
M9H77_20739,"Cro001G.17226.1.p1, CrChr3.852, CRO_T128980"
M9H77_20740,"Cro001G.17229.1.p1, CrChr3.853, CRO_T128979"
M9H77_20741,"Cro001G.17228.1.p1, CrChr3.854"
M9H77_20742,"Cro001G.17227.1.p2, CrChr3.855, CRO_T128977"
M9H77_20743,"CRO_T018641, CRO_T128976"
M9H77_20744,"CRO_T018639, Cro001G.17225.1.p1, CrChr3.857, CRO_T128975"
M9H77_20745,"CRO_T018640, Cro001G.17224.1.p1, Cro001G.17224.2.p1, CrChr3.858, CRO_T128974"
M9H77_20747,"CRO_T013153, Cro001G.17222.1.p1, Cro001G.17222.2.p1, Cro001G.17222.3.p1, Cro001G.17222.4.p1, Cro001G.17222.5.p1, Cro001G.17222.6.p1, CRO_T128971"
M9H77_20750,"Cro001G.17221.2.p1, Cro001G.17221.3.p1"
M9H77_20751,"Cro001G.17220.12.p1, Cro001G.17220.13.p1, Cro001G.17220.14.p1, CrChr3.864"
M9H77_20752,"Cro001G.17220.1.p1, Cro001G.17220.10.p1, Cro001G.17220.11.p1, Cro001G.17220.2.p1, Cro001G.17220.3.p1, Cro001G.17220.4.p1, Cro001G.17220.5.p1, Cro001G.17220.6.p1, Cro001G.17220.8.p1, Cro001G.17220.9.p1, CrChr3.865"
M9H77_20754,"CRO_T032720, Cro001G.17218.1.p1, CrChr3.866, CRO_T128964"
M9H77_20759,"Cro001G.17205.1.p1, Cro001G.17205.2.p1"
M9H77_20760,"CRO_T018845, CRO_T128959"
M9H77_20761,"Cro001G.17204.1.p1, CrChr3.869"
M9H77_20762,CRO_T018844
M9H77_20763,"CRO_T018846, CRO_T128955"
M9H77_20764,"CRO_T031759, CRO_T128954"
M9H77_20765,"Cro001G.17202.1.p1, Cro001G.17202.2.p1"
M9H77_20766,CrChr3.872
M9H77_20768,CRO_T004471
M9H77_20769,"Cro001G.17201.1.p1, CrChr3.873, CRO_T128947"
M9H77_20770,"CRO_T031642, Cro001G.17199.1.p1, CrChr3.874, CRO_T128946"
M9H77_20771,"CRO_T021238, CRO_T128945"
M9H77_20773,Cro001G.17196.1.p1
M9H77_20774,CRO_T024862
M9H77_20775,CRO_T030051
M9H77_20776,"CRO_T030052, CrChr3.878, CRO_T128943"
M9H77_20777,"CRO_T030053, CRO_T128941"
M9H77_20778,"CRO_T030054, CrChr3.880"
M9H77_20779,"Cro001G.17194.1.p1, CrChr3.881"
M9H77_20780,CRO_T018751
M9H77_20781,"CRO_T018753, Cro001G.17190.1.p1, CrChr3.883, CRO_T128937"
M9H77_20782,"Cro001G.17191.2.p1, Cro001G.17191.3.p1"
M9H77_20783,"CRO_T003441, Cro001G.17189.1.p1, CrChr3.886, CRO_T128935"
M9H77_20784,CRO_T128933
M9H77_20785,"CRO_T003443, CrChr3.888, CRO_T128932"
M9H77_20786,"CRO_T016803, CRO_T128930"
M9H77_20787,CRO_T016804
M9H77_20788,"Cro001G.17185.1.p1, CrChr3.891"
M9H77_20790,"CRO_T030819, CRO_T128926"
M9H77_20792,CRO_T030818
M9H77_20794,"CRO_T031638, Cro001G.17187.1.p1, Cro001G.17187.2.p1, CrChr3.897, CRO_T128922"
M9H77_20795,"CRO_T031639, Cro001G.17182.1.p1"
M9H77_20796,"Cro001G.17181.1.p1, Cro001G.17181.2.p1"
M9H77_20797,CrChr3.901
M9H77_20798,"Cro001G.17183.1.p1, CrChr3.902"
M9H77_20799,"Cro001G.17180.1.p1, Cro001G.17180.2.p1, Cro001G.17180.3.p1, CrChr3.903"
M9H77_20802,"CRO_T032743, Cro001G.17177.1.p1, CRO_T128914"
M9H77_20803,CrChr3.911
M9H77_20805,CRO_T012039
M9H77_20806,"CRO_T012038, Cro001G.17176.1.p1, CRO_T128909"
M9H77_20808,"Cro001G.17174.1.p1, CrChr3.914"
M9H77_20809,CRO_T007267
M9H77_20810,Cro001G.17169.1.p1
M9H77_20811,"Cro001G.17170.1.p1, CrChr3.918"
M9H77_20812,"CRO_T007266, Cro001G.17172.1.p1, Cro001G.17172.2.p1"
M9H77_20813,"Cro001G.17171.1.p1, CrChr3.920"
M9H77_20814,"Cro001G.17168.1.p1, CrChr3.921"
M9H77_20815,"CRO_T032252, CRO_T128897"
M9H77_20816,"CRO_T032250, CRO_T128896"
M9H77_20817,"CRO_T032248, Cro001G.17164.1.p1, CrChr3.924"
M9H77_20818,Cro001G.17163.1.p1
M9H77_20820,"CRO_T009019, Cro001G.17162.1.p1, CrChr3.926"
M9H77_20822,CRO_T021427
M9H77_20823,CRO_T009700
M9H77_20824,"CRO_T015155, CRO_T128889"
M9H77_20828,"CRO_T019897, Cro001G.17157.2.p1, CRO_T128885"
M9H77_20831,CRO_T019514
M9H77_20833,CRO_T024456
M9H77_20834,"CRO_T024453, Cro001G.17155.1.p1, Cro001G.17155.2.p1, CRO_T128881"
M9H77_20835,"CRO_T024458, CRO_T128880"
M9H77_20836,"Cro001G.17153.1.p1, Cro001G.17153.2.p1, CrChr3.939"
M9H77_20837,"CRO_T024457, CRO_T128878"
M9H77_20838,"CRO_T021058, Cro001G.17151.2.p1, CrChr3.940, CRO_T128877"
M9H77_20839,CRO_T021060
M9H77_20840,CRO_T021059
M9H77_20841,CRO_T005244
M9H77_20842,"CrChr3.942, CRO_T128873"
M9H77_20843,CRO_T002546
M9H77_20845,CRO_T022643
M9H77_20846,CRO_T022642
M9H77_20847,"Cro001G.17141.1.p1, CrChr3.944"
M9H77_20848,Cro001G.17140.1.p1
M9H77_20849,"Cro001G.17150.1.p1, CrChr3.946"
M9H77_20850,CrChr3.947
M9H77_20852,"Cro001G.17149.7.p1, Cro001G.17149.8.p1, CrChr3.949, CRO_T128863"
M9H77_20853,CRO_T004581
M9H77_20854,"Cro001G.17136.1.p1, CrChr3.950"
M9H77_20856,"CRO_T019325, Cro001G.17139.1.p2, Cro001G.17139.2.p2, CrChr3.952, CRO_T128860"
M9H77_20857,"CRO_T019326, CRO_T128859"
M9H77_20858,"CRO_T019332, Cro001G.17137.1.p1, Cro001G.17137.3.p1, CrChr3.954, CRO_T128857"
M9H77_20859,"Cro001G.17135.1.p1, CrChr3.955"
M9H77_20860,CRO_T019328
M9H77_20861,"Cro001G.17129.1.p1, CrChr3.959, CRO_T128855"
M9H77_20862,CRO_T019329
M9H77_20863,"Cro001G.17130.1.p1, CrChr3.961"
M9H77_20864,"CRO_T019338, CRO_T128852"
M9H77_20865,"Cro001G.17125.1.p1, CrChr3.962"
M9H77_20866,CRO_T019334
M9H77_20867,"CRO_T019331, Cro001G.17132.1.p1, Cro001G.17132.2.p1, Cro001G.17132.3.p1, CRO_T128848"
M9H77_20868,CRO_T019335
M9H77_20869,CRO_T019336
M9H77_20870,"CRO_T023199, Cro001G.17128.1.p1, Cro001G.17128.2.p1, Cro001G.17128.3.p1, CrChr3.967, CRO_T128844"
M9H77_20872,"CRO_T023196, CRO_T128842"
M9H77_20874,"Cro001G.17126.1.p1, CrChr3.970"
M9H77_20876,"Cro001G.17121.1.p1, CrChr3.971"
M9H77_20877,CRO_T021446
M9H77_20878,"CRO_T021447, Cro001G.17117.1.p1, CrChr3.973"
M9H77_20879,"CRO_T023118, CRO_T128833"
M9H77_20880,CRO_T023119
M9H77_20884,"Cro001G.17115.1.p1, CrChr3.978"
M9H77_20885,"CRO_T002360, CRO_T004439, CRO_T021445, CrChr3.979, CrChr3.980, CrChr3.981, CrChr3.982, CrChr3.983, CrChr3.984, CrChr3.985"
M9H77_20888,"CRO_T002360, CRO_T004439, CRO_T021445, CrChr3.979, CrChr3.980, CrChr3.981, CrChr3.982, CrChr3.983, CrChr3.984, CrChr3.985"
M9H77_20890,"CRO_T002360, CRO_T004439, CRO_T021445, CrChr3.979, CrChr3.980, CrChr3.981, CrChr3.982, CrChr3.983, CrChr3.984, CrChr3.985"
M9H77_20891,"CRO_T002360, CRO_T004439, CRO_T021445, CrChr3.979, CrChr3.980, CrChr3.981, CrChr3.982, CrChr3.983, CrChr3.984, CrChr3.985"
M9H77_20892,CrChr3.987
M9H77_20893,"CRO_T031837, CRO_T128825"
M9H77_20894,CrChr3.988
M9H77_20895,"Cro001G.14271.1.p1, CrChr3.989"
M9H77_20896,Cro001G.14270.1.p1
M9H77_20898,"CRO_T006435, CRO_T118302"
M9H77_20899,CrChr3.992
M9H77_20901,"CRO_T000386, Cro001G.14240.1.p1, Cro001G.14240.2.p1, Cro001G.14240.3.p1, Cro001G.14240.4.p1, Cro001G.14240.5.p1, Cro001G.14240.6.p1, Cro001G.14240.7.p1, CrChr3.995, CRO_T118306"
M9H77_20902,"Cro001G.14239.1.p1, Cro001G.14239.2.p1, Cro001G.14239.3.p1"
M9H77_20903,Cro001G.14235.1.p1
M9H77_20905,CrChr3.999
M9H77_20906,CRO_T009189
M9H77_20908,"CRO_T000685, CRO_T118313"
M9H77_20909,CRO_T000684
M9H77_20917,"CRO_T003977, CRO_T106351"
M9H77_20921,CRO_T015838
M9H77_20922,CRO_T015839
M9H77_20924,"CRO_T013985, Cro001G.14225.1.p1, CRO_T106341"
M9H77_20925,Cro001G.14224.1.p1
M9H77_20926,"CRO_T013987, Cro001G.14223.1.p1, CrChr3.1009, CRO_T106338"
M9H77_20927,CRO_T009974
M9H77_20928,"Cro001G.14230.1.p1, CrChr3.1010"
M9H77_20929,"CRO_T018510, CRO_T106335"
M9H77_20930,"Cro001G.14233.1.p1, CrChr3.1012"
M9H77_20931,"CrChr3.1013, CRO_T106333"
M9H77_20932,"Cro001G.14232.1.p1, CrChr3.1014"
M9H77_20933,"CRO_T023451, Cro001G.14231.1.p1, CrChr3.1015, CRO_T106330"
M9H77_20934,Cro001G.14229.1.p1
M9H77_20935,CRO_T023453
M9H77_20936,"CRO_T006358, CRO_T106324"
M9H77_20938,"Cro001G.14219.1.p1, CrChr3.1021, CRO_T106322"
M9H77_20939,CRO_T006357
M9H77_20940,"Cro001G.14222.1.p1, CrChr3.1023"
M9H77_20941,"CRO_T029407, Cro001G.14220.1.p1, CrChr3.1025, CRO_T106319"
M9H77_20942,Cro001G.14218.1.p1
M9H77_20943,CRO_T003756
M9H77_20944,"CRO_T003757, CRO_T106316"
M9H77_20945,CRO_T003760
M9H77_20948,CRO_T021883
M9H77_20950,"CRO_T025026, CRO_T106311"
M9H77_20951,Cro001G.14214.2.p1
M9H77_20953,"CRO_T007914, CrChr3.1030, CRO_T106307"
M9H77_20954,"CRO_T022540, CRO_T106305"
M9H77_20955,Cro001G.14215.4.p2
M9H77_20956,"CRO_T022538, Cro001G.14215.1.p1, Cro001G.14215.4.p1, Cro001G.14215.5.p1, Cro001G.14215.6.p1, CRO_T106303"
M9H77_20957,"CRO_T022537, Cro001G.14212.1.p1, CrChr3.1032, CRO_T106302"
M9H77_20958,"CRO_T022539, Cro001G.14211.1.p1, CrChr3.1033, CRO_T106301"
M9H77_20959,"Cro001G.14213.1.p1, Cro001G.14213.4.p1, Cro001G.14213.6.p1"
M9H77_20960,"Cro001G.14207.2.p1, CRO_T106300"
M9H77_20961,CRO_T000889
M9H77_20963,CRO_T028675
M9H77_20964,"Cro001G.14209.1.p1, Cro001G.14209.2.p1, Cro001G.14209.3.p1, Cro001G.14209.5.p1, CRO_T106297"
M9H77_20965,"CRO_T028676, Cro001G.14210.1.p1, Cro001G.14210.2.p1, CrChr3.1038, CRO_T106296"
M9H77_20966,"Cro001G.14208.1.p1, CRO_T106295"
M9H77_20968,"CRO_T021272, CRO_T106294"
M9H77_20972,"CRO_T031319, Cro001G.14201.1.p1, CrChr3.1041, CRO_T106293"
M9H77_20974,Cro001G.14205.3.p1
M9H77_20975,"Cro001G.14204.1.p1, CrChr3.1044, CRO_T106290"
M9H77_20976,CRO_T015462
M9H77_20977,CRO_T015461
M9H77_20978,"CRO_T015460, Cro001G.14195.1.p1, CrChr3.1047, CRO_T106287"
M9H77_20980,CRO_T006272
M9H77_20981,CRO_T028241
M9H77_20982,"CRO_T028063, Cro001G.14194.1.p1, CrChr3.1049, CRO_T106285"
M9H77_20985,"Cro001G.14200.1.p1, Cro001G.14200.2.p1, CrChr3.1051"
M9H77_20986,"CRO_T013707, Cro001G.14198.1.p1, CRO_T106280"
M9H77_20987,Cro001G.14199.1.p1
M9H77_20990,"CRO_T004438, CRO_T106277"
M9H77_20991,"Cro001G.14191.1.p1, CrChr3.1054"
M9H77_20992,CRO_T033063
M9H77_20994,"Cro001G.14193.1.p1, Cro001G.14193.2.p1, Cro001G.14193.3.p1, CrChr3.1056, CRO_T106273"
M9H77_20995,"CRO_T032609, Cro001G.14192.1.p1, CrChr3.1057, CRO_T106272"
M9H77_20996,"CRO_T032607, Cro001G.14190.1.p1, CrChr3.1058, CRO_T106271"
M9H77_20997,"Cro001G.14189.1.p1, CrChr3.1059"
M9H77_20998,"CrChr3.1060, CRO_T106269"
M9H77_20999,"Cro001G.14188.1.p1, CrChr3.1061"
M9H77_21000,CRO_T029907
M9H77_21002,"CRO_T029906, Cro001G.14186.1.p1, Cro001G.14186.2.p1, CrChr3.1065, CRO_T106264"
M9H77_21003,"CRO_T000545, CRO_T106263"
M9H77_21005,Cro001G.14187.1.p1
M9H77_21009,Cro001G.14184.5.p1
M9H77_21010,Cro001G.14181.1.p1
M9H77_21011,CRO_T030971
M9H77_21012,"CRO_T030008, CrChr3.1077, CRO_T112299"
M9H77_21014,"CRO_T027547, CRO_T112301"
M9H77_21015,CRO_T016244
M9H77_21017,"CRO_T033609, Cro001G.14179.1.p1, CRO_T112304"
M9H77_21018,CRO_T033611
M9H77_21019,"CRO_T033610, Cro001G.14176.1.p1, CrChr3.1084, CRO_T112308"
M9H77_21020,"Cro001G.14175.1.p1, CrChr3.1085"
M9H77_21022,"CRO_T002965, CRO_T112311"
M9H77_21024,"CRO_T019978, CRO_T112313"
M9H77_21026,Cro001G.14174.1.p1
M9H77_21028,"CRO_T005238, CRO_T112316"
M9H77_21029,CRO_T005239
M9H77_21031,"CRO_T026739, Cro001G.14173.1.p1, CrChr3.1091, CRO_T112320"
M9H77_21032,"CRO_T026740, Cro001G.14172.1.p1, CrChr3.1092, CRO_T112321"
M9H77_21033,CRO_T026742
M9H77_21034,"CRO_T026741, CRO_T112322"
M9H77_21036,"CRO_T030188, CRO_T112324"
M9H77_21037,CRO_T006924
M9H77_21038,"Cro001G.14163.1.p1, Cro001G.14163.2.p1, CrChr3.1096"
M9H77_21039,CRO_T006923
M9H77_21041,"Cro001G.14162.1.p1, CrChr3.1097"
M9H77_21042,CRO_T024949
M9H77_21044,"CRO_T015918, Cro001G.14161.1.p1, CrChr3.1099, CRO_T134748, CRO_T134749"
M9H77_21045,"Cro001G.14160.1.p1, CrChr3.1100, CRO_T112335"
M9H77_21047,"Cro001G.14159.1.p1, CrChr3.1101, CRO_T112337"
M9H77_21048,"CRO_T016377, CRO_T112339"
M9H77_21049,CRO_T017540
M9H77_21050,"CRO_T033690, Cro001G.14157.1.p1, CrChr3.1102, CRO_T112342"
M9H77_21051,"CRO_T033691, CRO_T112343"
M9H77_21052,"Cro001G.14156.1.p1, CRO_T112344"
M9H77_21053,CRO_T112346
M9H77_21054,"Cro001G.14158.1.p1, CrChr3.1104"
M9H77_21055,"CRO_T031438, CrChr3.1105, CRO_T112348"
M9H77_21056,"Cro001G.14155.1.p1, CrChr3.1106, CRO_T112351"
M9H77_21057,"Cro001G.14154.1.p1, CrChr3.1107"
M9H77_21058,"CRO_T008362, Cro001G.14153.1.p1, Cro001G.14153.3.p1, CrChr3.1108, CRO_T112353"
M9H77_21059,"CRO_T006248, CRO_T112354"
M9H77_21060,CRO_T006246
M9H77_21061,CRO_T006245
M9H77_21062,CRO_T006244
M9H77_21063,"CRO_T006247, CRO_T112356"
M9H77_21064,"Cro001G.14148.1.p1, CrChr3.1111, CRO_T112357"
M9H77_21066,"CRO_T028123, CRO_T112359"
M9H77_21068,Cro001G.14150.1.p1
M9H77_21070,"CRO_T008567, Cro001G.14149.1.p1, CrChr3.1113, CRO_T112363"
M9H77_21071,Cro001G.14152.1.p1
M9H77_21072,Cro001G.14147.1.p1
M9H77_21077,"CRO_T016656, Cro001G.14145.1.p1, CrChr3.1136, CRO_T104113"
M9H77_21078,"CRO_T016658, CRO_T104112"
M9H77_21081,"CRO_T019314, Cro001G.14142.1.p1, CRO_T104109"
M9H77_21083,CRO_T021005
M9H77_21084,CRO_T021004
M9H77_21085,"CRO_T022617, CRO_T104106"
M9H77_21086,"CRO_T032896, Cro001G.14139.1.p1, CrChr3.1141, CRO_T104105"
M9H77_21088,CRO_T004270
M9H77_21089,"CRO_T004269, CrChr3.1142, CRO_T104104"
M9H77_21090,"CRO_T004268, CRO_T104103"
M9H77_21091,CRO_T002273
M9H77_21092,"CRO_T011441, CrChr3.1145, CRO_T104096"
M9H77_21093,CRO_T018242
M9H77_21095,CRO_T104091
M9H77_21096,"CRO_T016200, CRO_T104089"
M9H77_21097,CrChr3.1150
M9H77_21101,"CRO_T029199, Cro001G.14136.1.p1, CrChr3.1153, CRO_T104083"
M9H77_21102,CRO_T023753
M9H77_21104,CRO_T014220
M9H77_21105,CRO_T014221
M9H77_21109,"CRO_T029006, Cro001G.16040.1.p1, CrChr3.1158, CRO_T104076"
M9H77_21110,"Cro001G.16037.1.p1, CrChr3.1159"
M9H77_21111,"CRO_T025657, CRO_T104074"
M9H77_21112,"CRO_T025651, CrChr3.1160, CRO_T104073"
M9H77_21113,CRO_T104071
M9H77_21114,"CRO_T025654, Cro001G.16033.1.p1, Cro001G.16033.2.p1, CrChr3.1163, CRO_T104070"
M9H77_21115,"CRO_T025655, Cro001G.16035.1.p1, CrChr3.1164"
M9H77_21116,CRO_T025652
M9H77_21117,CRO_T025656
M9H77_21119,"Cro001G.16041.19.p1, Cro001G.16041.21.p1, Cro001G.16041.5.p1"
M9H77_21120,"Cro001G.16032.1.p2, Cro001G.16032.3.p2, Cro001G.16032.4.p3, Cro001G.16032.5.p3, Cro001G.16032.7.p3, CrChr3.1168"
M9H77_21121,"CRO_T004476, Cro001G.16032.1.p1, Cro001G.16032.2.p1, Cro001G.16032.3.p1, Cro001G.16032.4.p1, Cro001G.16032.5.p1, Cro001G.16032.6.p1, Cro001G.16032.7.p1, Cro001G.16032.8.p1, Cro001G.16032.9.p1, CrChr3.1169, CRO_T104064"
M9H77_21122,CRO_T004477
M9H77_21124,Cro001G.16031.1.p1
M9H77_21125,CRO_T002685
M9H77_21126,"Cro001G.16029.2.p1, CrChr3.1173, CRO_T104059"
M9H77_21127,"CRO_T012053, Cro001G.16026.1.p2, CrChr3.1174, CRO_T104058"
M9H77_21128,"CRO_T012052, Cro001G.16026.1.p1, CrChr3.1175, CRO_T104057"
M9H77_21129,Cro001G.16028.2.p1
M9H77_21130,"CRO_T007541, CrChr3.1177, CRO_T104053"
M9H77_21131,"Cro001G.16022.1.p1, CrChr3.1178, CRO_T104052"
M9H77_21132,CRO_T007543
M9H77_21133,"CRO_T029321, CrChr3.1180, CRO_T104049"
M9H77_21134,"Cro001G.16021.1.p1, CrChr3.1181"
M9H77_21136,"CRO_T029323, CRO_T104046"
M9H77_21138,CRO_T019069
M9H77_21141,CRO_T001306
M9H77_21142,"Cro001G.16011.1.p1, CrChr3.1193"
M9H77_21143,"CRO_T030012, Cro001G.16010.1.p1, CRO_T104033"
M9H77_21147,CRO_T030014
M9H77_21148,"CRO_T004127, Cro001G.16016.1.p1"
M9H77_21150,"Cro001G.16007.1.p1, CrChr3.1197, CRO_T104028"
M9H77_21151,CrChr3.1198
M9H77_21152,"Cro001G.16005.4.p1, CrChr3.1199"
M9H77_21154,"CRO_T000184, CRO_T104024"
M9H77_21155,Cro001G.16003.1.p1
M9H77_21156,"Cro001G.16002.1.p1, CrChr3.1201, CRO_T104022"
M9H77_21157,CRO_T012546
M9H77_21158,"CRO_T011547, CrChr3.1203, CRO_T104018"
M9H77_21159,"CRO_T004785, Cro001G.16000.1.p1, Cro001G.16000.2.p2, CRO_T104017"
M9H77_21160,"CRO_T027943, CRO_T104016"
M9H77_21162,CRO_T027942
M9H77_21163,Cro001G.15999.1.p1
M9H77_21166,"CRO_T018409, Cro001G.15997.1.p1, CrChr3.1207, CRO_T104009"
M9H77_21167,"CRO_T018408, Cro001G.15996.1.p2, CrChr3.1208"
M9H77_21169,CRO_T023237
M9H77_21170,"CRO_T023235, CRO_T104005"
M9H77_21172,"Cro001G.15993.1.p1, CrChr3.1210"
M9H77_21173,CrChr3.1211
M9H77_21175,"CRO_T029078, CRO_T104001"
M9H77_21176,CRO_T018292
M9H77_21177,CRO_T018293
M9H77_21180,"CRO_T024697, Cro001G.15988.1.p1, CRO_T103995"
M9H77_21181,"Cro001G.15990.1.p1, CrChr3.1215"
M9H77_21182,"Cro001G.15991.1.p1, Cro001G.15991.2.p1, CrChr3.1216"
M9H77_21184,"CRO_T012808, CRO_T103989"
M9H77_21186,"CRO_T017802, CRO_T103987"
M9H77_21187,"CRO_T017801, Cro001G.15984.1.p1, CrChr3.1217, CRO_T103986"
M9H77_21188,CRO_T021832
M9H77_21189,CRO_T021831
M9H77_21190,CRO_T003064
M9H77_21192,CRO_T003063
M9H77_21194,"CRO_T029755, CRO_T103976"
M9H77_21195,CRO_T029754
M9H77_21196,CRO_T028277
M9H77_21197,CRO_T029026
M9H77_21198,CRO_T016928
M9H77_21199,CRO_T025687
M9H77_21200,CRO_T025686
M9H77_21201,"CRO_T025684, CrChr3.1226, CRO_T103966"
M9H77_21202,Cro001G.15987.1.p1
M9H77_21203,CRO_T008734
M9H77_21205,CRO_T009045
M9H77_21206,CRO_T009046
M9H77_21208,"CRO_T032501, CRO_T103959"
M9H77_21210,"CRO_T032502, Cro001G.15979.1.p1, Cro001G.15979.3.p1, CrChr3.1233, CRO_T103957"
M9H77_21213,CRO_T014730
M9H77_21214,"CRO_T027433, CRO_T103946"
M9H77_21216,"Cro001G.15972.1.p1, CrChr3.1239"
M9H77_21217,"CRO_T030353, Cro001G.15970.1.p1, CrChr3.1241, CRO_T103942"
M9H77_21218,Cro001G.15969.1.p1
M9H77_21219,CRO_T030356
M9H77_21220,CRO_T030355
M9H77_21222,"CRO_T004412, Cro001G.15966.1.p1, CrChr3.1244, CRO_T103939"
M9H77_21223,"Cro001G.15967.1.p1, CrChr3.1245"
M9H77_21224,"Cro001G.15965.1.p1, CrChr3.1246"
M9H77_21225,CrChr3.1247
M9H77_21226,"CRO_T008597, CRO_T103935"
M9H77_21227,CRO_T008599
M9H77_21233,CRO_T007432
M9H77_21234,"CRO_T007431, Cro001G.15963.1.p1, CrChr3.1250, CRO_T103933"
M9H77_21235,"CRO_T007430, Cro001G.15962.1.p1, CrChr3.1251"
M9H77_21236,"Cro001G.15961.2.p1, CrChr3.1252, CRO_T103930"
M9H77_21237,"CRO_T013009, CRO_T103928"
M9H77_21238,CRO_T013010
M9H77_21239,"CRO_T005762, CRO_T103927"
M9H77_21242,"CRO_T032818, Cro001G.15959.1.p1, CrChr3.1257, CRO_T103925"
M9H77_21243,CRO_T013327
M9H77_21246,CRO_T006262
M9H77_21248,"CRO_T017621, CrChr3.1260, CRO_T103920"
M9H77_21249,"Cro001G.15955.1.p1, CrChr3.1261"
M9H77_21250,"Cro001G.15954.1.p1, CrChr3.1262, CRO_T103916"
M9H77_21251,CRO_T025228
M9H77_21252,CRO_T025224
M9H77_21253,"Cro001G.15956.1.p1, CrChr3.1263"
M9H77_21254,Cro001G.15958.1.p1
M9H77_21257,CRO_T011844
M9H77_21258,CRO_T011845
M9H77_21260,"CRO_T013386, Cro001G.15950.1.p1, Cro001G.15950.2.p1, Cro001G.15950.4.p1, CrChr3.1270, CRO_T103904"
M9H77_21261,CRO_T013385
M9H77_21262,"Cro001G.15952.2.p1, Cro001G.15952.4.p1, CrChr3.1272"
M9H77_21263,"CRO_T013387, CrChr3.1275, CRO_T103901"
M9H77_21264,"CRO_T013383, CrChr3.1276"
M9H77_21265,"CRO_T013388, CRO_T103899"
M9H77_21266,"CRO_T013382, CRO_T103898"
M9H77_21271,CRO_T012658
M9H77_21272,"CRO_T012656, Cro001G.15945.2.p1, CrChr3.1281, CRO_T103893"
M9H77_21273,"Cro001G.15946.1.p1, CrChr3.1282, CRO_T103892"
M9H77_21274,"CRO_T017919, Cro001G.15945.1.p1, CrChr3.1283, CRO_T103890"
M9H77_21276,CRO_T021383
M9H77_21281,"CRO_T015355, Cro001G.15943.1.p1, CRO_T103884"
M9H77_21283,CRO_T007473
M9H77_21284,"Cro001G.15944.1.p1, CrChr3.1287"
M9H77_21286,"CRO_T007471, CRO_T103878"
M9H77_21291,"CRO_T008280, CRO_T103875"
M9H77_21292,CRO_T009038
M9H77_21293,CRO_T016316
M9H77_21294,CRO_T013242
M9H77_21296,CRO_T013243
M9H77_21297,"CRO_T013245, Cro001G.15933.1.p1, CRO_T103866"
M9H77_21298,CRO_T013246
M9H77_21299,"Cro001G.15935.1.p1, Cro001G.15935.2.p1"
M9H77_21300,"CRO_T015034, CRO_T103861"
M9H77_21301,"CRO_T015031, CRO_T103860"
M9H77_21302,"CRO_T015033, Cro001G.15931.1.p1, Cro001G.15931.2.p1, CrChr3.1300"
M9H77_21303,CRO_T015032
M9H77_21304,"Cro001G.15930.1.p1, CrChr3.1302"
M9H77_21306,CRO_T017911
M9H77_21307,"Cro001G.15927.1.p1, Cro001G.15927.2.p1"
M9H77_21308,CrChr3.1307
M9H77_21309,CRO_T014877
M9H77_21311,"Cro001G.15925.1.p1, CrChr3.1308"
M9H77_21312,"CRO_T008506, Cro001G.15923.1.p1"
M9H77_21313,Cro001G.15920.1.p1
M9H77_21314,"CRO_T008504, CRO_T103848"
M9H77_21315,Cro001G.15924.1.p1
M9H77_21318,CRO_T014222
M9H77_21319,CRO_T014966
M9H77_21320,"Cro001G.15922.1.p1, CrChr3.1315"
M9H77_21321,"CRO_T014969, Cro001G.15921.1.p1, Cro001G.15921.2.p1, CRO_T103839"
M9H77_21322,Cro001G.15918.2.p1
M9H77_21324,CRO_T025699
M9H77_21325,"CRO_T025698, CRO_T103837"
M9H77_21327,"CRO_T027341, CRO_T103832"
M9H77_21328,CRO_T027342
M9H77_21329,"CRO_T022653, CRO_T103829"
M9H77_21331,"Cro001G.15917.2.p1, CRO_T103828"
M9H77_21332,CrChr3.1323
M9H77_21333,Cro001G.15912.1.p1
M9H77_21334,"CRO_T031848, CRO_T103823"
M9H77_21336,CRO_T016428
M9H77_21337,"CRO_T016429, CRO_T103821"
M9H77_21338,Cro001G.15911.1.p1
M9H77_21339,"Cro001G.15915.1.p1, Cro001G.15915.3.p1, CrChr3.1327"
M9H77_21341,CRO_T017398
M9H77_21342,"CRO_T017399, Cro001G.15906.1.p1, CRO_T103812"
M9H77_21343,CRO_T017400
M9H77_21344,"CRO_T017402, CRO_T103810"
M9H77_21345,"CRO_T021673, Cro001G.15910.1.p1, CrChr3.1331, CRO_T103808"
M9H77_21346,"CRO_T021675, Cro001G.15909.1.p1, CrChr3.1332, CRO_T103807"
M9H77_21347,"CRO_T021674, CrChr3.1333"
M9H77_21348,"Cro001G.15908.1.p1, CrChr3.1334, CRO_T103805"
M9H77_21349,"CRO_T001631, CrChr3.1337, CRO_T103803"
M9H77_21350,"Cro001G.15907.1.p1, CrChr3.1338"
M9H77_21351,"Cro001G.15899.1.p1, CrChr3.1339, CRO_T103801"
M9H77_21352,"CRO_T002517, CRO_T103800"
M9H77_21353,CRO_T015982
M9H77_21354,CRO_T015983
M9H77_21355,CRO_T015981
M9H77_21356,"Cro001G.15904.1.p1, CrChr3.1340, CRO_T103796"
M9H77_21357,"Cro001G.15903.1.p1, CrChr3.1341"
M9H77_21359,"Cro001G.15901.1.p1, CRO_T103793"
M9H77_21360,"Cro001G.15891.1.p1, CrChr3.1343, CRO_T103792"
M9H77_21361,"CRO_T007580, CRO_T103791"
M9H77_21362,"CRO_T007581, CrChr3.1346, CRO_T103790"
M9H77_21364,"CRO_T023013, CRO_T007731, Cro001G.15889.1.p1, CrChr3.1352, CRO_T103785"
M9H77_21366,CRO_T007734
M9H77_21368,CRO_T008972
M9H77_21369,"Cro001G.15887.1.p1, CRO_T103779"
M9H77_21372,CRO_T029317
M9H77_21373,"CRO_T016036, CrChr3.1360"
M9H77_21374,CRO_T032972
M9H77_21377,CRO_T007817
M9H77_21378,CrChr3.1365
M9H77_21379,Cro001G.15884.1.p1
M9H77_21380,"Cro001G.15883.1.p1, CrChr3.1367, CRO_T103767"
M9H77_21381,"CRO_T018161, CRO_T103766"
M9H77_21382,"CRO_T006979, CRO_T103765"
M9H77_21384,CRO_T012606
M9H77_21386,"Cro001G.15881.1.p1, CrChr3.1374"
M9H77_21387,CRO_T028270
M9H77_21388,"CRO_T028269, CRO_T103758"
M9H77_21389,"CRO_T028268, Cro001G.15878.1.p1, Cro001G.15878.2.p1, CrChr3.1376, CRO_T103757"
M9H77_21390,"CRO_T028751, Cro001G.15877.1.p1, CRO_T103755"
M9H77_21391,"CRO_T028752, CrChr3.1378, CRO_T103754"
M9H77_21392,"CRO_T010244, CRO_T103751"
M9H77_21393,"Cro001G.15882.8.p1, CRO_T103749"
M9H77_21395,CRO_T012033
M9H77_21396,CRO_T031285
M9H77_21398,CRO_T021204
M9H77_21401,"CRO_T014985, Cro001G.15872.1.p1, CrChr3.1384, CRO_T103737"
M9H77_21402,CRO_T006685
M9H77_21403,"CRO_T026785, Cro001G.15871.1.p1, CrChr3.1386, CRO_T103734"
M9H77_21405,"CRO_T007435, CRO_T103731"
M9H77_21406,CRO_T020313
M9H77_21407,CRO_T020311
M9H77_21408,CRO_T020312
M9H77_21409,CRO_T006925
M9H77_21410,"CRO_T028497, Cro001G.15856.1.p1, CrChr3.1395, CRO_T103723"
M9H77_21411,CRO_T028498
M9H77_21412,CRO_T004860
M9H77_21415,Cro001G.15862.1.p1
M9H77_21416,"CRO_T001248, Cro001G.15861.1.p2, CrChr3.1400, CRO_T103712"
M9H77_21417,"CRO_T001249, Cro001G.15861.1.p1, CrChr3.1401, CRO_T103711"
M9H77_21419,"CRO_T001250, CRO_T103710"
M9H77_21420,"CRO_T001251, CRO_T103709"
M9H77_21421,"CRO_T016756, Cro001G.15852.1.p1, CrChr3.1407, CRO_T103707"
M9H77_21422,"CRO_T016758, CRO_T103706"
M9H77_21424,"CRO_T016755, Cro001G.13356.1.p1, CrChr3.1414, CRO_T103704"
M9H77_21427,CRO_T017290
M9H77_21428,"CRO_T017292, CRO_T103700"
M9H77_21429,Cro001G.13359.1.p1
M9H77_21431,"Cro001G.13363.1.p1, Cro001G.13363.2.p1, CrChr3.1416"
M9H77_21432,CRO_T029247
M9H77_21434,"Cro001G.13360.1.p1, CrChr3.1418"
M9H77_21435,"CRO_T007687, Cro001G.13361.1.p1, CrChr3.1419, CRO_T103693"
M9H77_21437,CRO_T002597
M9H77_21438,"Cro001G.13364.1.p1, CrChr3.1422"
M9H77_21439,CRO_T002706
M9H77_21440,"Cro001G.13367.1.p1, CrChr3.1425, CRO_T106117"
M9H77_21441,"CRO_T012196, Cro001G.13366.1.p1, CrChr3.1426, CRO_T106116"
M9H77_21443,Cro001G.13369.1.p1
M9H77_21444,Cro001G.13370.1.p1
M9H77_21445,Cro001G.13373.1.p1
M9H77_21447,CRO_T106110
M9H77_21449,CRO_T026020
M9H77_21450,CRO_T014190
M9H77_21451,"CRO_T022661, CRO_T106107"
M9H77_21452,"CRO_T022658, CRO_T106105"
M9H77_21453,"CRO_T022659, Cro001G.13378.2.p2, CrChr3.1435"
M9H77_21454,Cro001G.13378.6.p1
M9H77_21457,CRO_T007180
M9H77_21458,"Cro001G.13380.1.p1, CrChr3.1438"
M9H77_21459,"Cro001G.13379.1.p1, CrChr3.1439"
M9H77_21462,"CRO_T025736, CRO_T106094"
M9H77_21464,CRO_T014978
M9H77_21466,"CRO_T014977, Cro001G.13384.1.p1, CrChr3.1441, CRO_T106091"
M9H77_21467,"CRO_T031824, CRO_T106090"
M9H77_21468,"CRO_T031823, Cro001G.13386.1.p1, CrChr3.1443, CRO_T106089"
M9H77_21469,"CRO_T027953, CrChr3.1445, CRO_T106088"
M9H77_21470,"Cro001G.13383.1.p1, Cro001G.13383.2.p1, CrChr3.1446"
M9H77_21472,CRO_T106085
M9H77_21474,"Cro001G.13381.1.p1, CrChr3.1447, CRO_T106083"
M9H77_21476,"Cro001G.13388.1.p1, Cro001G.13388.2.p1, CRO_T106081"
M9H77_21477,"Cro001G.13392.1.p1, CRO_T106080"
M9H77_21479,"Cro001G.13398.1.p1, CRO_T106074"
M9H77_21480,"Cro001G.13400.1.p1, CrChr3.1456"
M9H77_21482,"Cro001G.13397.1.p1, CrChr3.1458, CRO_T106071"
M9H77_21483,"CRO_T012938, Cro001G.13401.1.p2, CrChr3.1459, CRO_T106070"
M9H77_21484,"CRO_T012937, Cro001G.13401.1.p1, Cro001G.13401.3.p1, CRO_T106069"
M9H77_21485,CRO_T012936
M9H77_21487,"CRO_T028786, CrChr3.1463, CRO_T106064"
M9H77_21490,"CRO_T028784, CrChr3.1467, CRO_T106062"
M9H77_21491,"CRO_T007254, Cro001G.13402.2.p1, CrChr3.1468, CRO_T106061"
M9H77_21493,"CRO_T021808, Cro001G.13403.1.p1, CrChr3.1470, CRO_T106060"
M9H77_21496,Cro001G.13413.1.p1
M9H77_21498,CRO_T005245
M9H77_21500,"Cro001G.13404.1.p1, CrChr3.1476, CRO_T106053"
M9H77_21501,"CRO_T003445, Cro001G.13405.1.p1, CrChr3.1477, CRO_T106052"
M9H77_21502,CRO_T003449
M9H77_21504,CRO_T022061
M9H77_21506,"CrChr3.1482, CRO_T106047"
M9H77_21509,CRO_T010034
M9H77_21511,"Cro001G.13417.1.p1, CrChr3.1483"
M9H77_21512,CrChr3.1484
M9H77_21513,"CRO_T010032, CRO_T106042"
M9H77_21514,"CRO_T010033, Cro001G.13409.1.p1, CRO_T106041"
M9H77_21517,"CrChr3.1486, CRO_T106553"
M9H77_21518,CRO_T021000
M9H77_21519,"CRO_T009040, CRO_T106550"
M9H77_21521,CRO_T005815
M9H77_21523,"CRO_T004521, Cro001G.13419.1.p1, CRO_T106547"
M9H77_21525,"Cro001G.13420.1.p1, CrChr3.1492, CRO_T106545"
M9H77_21529,CRO_T031226
M9H77_21530,"CRO_T015059, CRO_T106542"
M9H77_21533,CRO_T023877
M9H77_21534,"CRO_T023876, CRO_T106536"
M9H77_21535,"CRO_T032968, CrChr3.1499"
M9H77_21536,"CRO_T032970, CRO_T106533"
M9H77_21537,CRO_T032971
M9H77_21538,CRO_T032969
M9H77_21541,CRO_T001166
M9H77_21542,CRO_T003584
M9H77_21543,"Cro001G.13432.1.p1, Cro001G.13432.2.p1"
M9H77_21544,CRO_T019652
M9H77_21545,"CRO_T019653, Cro001G.13426.1.p1, CRO_T106525"
M9H77_21548,CRO_T018108
M9H77_21550,CRO_T018107
M9H77_21551,"CRO_T031959, Cro001G.13424.1.p1, CrChr3.1507, CRO_T106517"
M9H77_21554,"CRO_T005587, CRO_T106511"
M9H77_21555,"CRO_T005588, Cro001G.13428.1.p2, CrChr3.1511, CRO_T106510"
M9H77_21556,"CRO_T005586, Cro001G.13427.1.p1, Cro001G.13428.1.p1, CrChr3.1512"
M9H77_21557,CRO_T005589
M9H77_21558,"Cro001G.13429.1.p1, CrChr3.1514"
M9H77_21560,"CRO_T028575, Cro001G.13430.1.p1, CrChr3.1515, CRO_T106506"
M9H77_21563,"CRO_T021852, Cro001G.13452.1.p2, Cro001G.13452.2.p2, CrChr3.1517, CRO_T106504"
M9H77_21564,"CRO_T021854, CRO_T106503"
M9H77_21565,"CRO_T021851, Cro001G.13452.1.p1"
M9H77_21566,"CRO_T021850, CRO_T106499"
M9H77_21567,Cro001G.13451.2.p4
M9H77_21568,"Cro001G.13434.1.p2, CrChr3.1522"
M9H77_21569,"Cro001G.13435.1.p1, CrChr3.1523, CRO_T106494"
M9H77_21571,CRO_T004174
M9H77_21573,"CrChr3.1525, CRO_T106493"
M9H77_21574,"CRO_T004172, CRO_T106492"
M9H77_21575,CRO_T004171
M9H77_21576,Cro001G.13436.1.p1
M9H77_21577,"Cro001G.13441.1.p1, Cro001G.13441.2.p1"
M9H77_21578,"CRO_T004170, CRO_T106488"
M9H77_21579,"Cro001G.13442.1.p1, Cro001G.13442.2.p1, Cro001G.13442.3.p1, CrChr3.1530"
M9H77_21580,"Cro001G.13443.1.p1, CrChr3.1531"
M9H77_21583,Cro001G.13445.1.p1
M9H77_21585,"CRO_T022003, Cro001G.13446.1.p1, CRO_T106482"
M9H77_21587,"Cro001G.13448.1.p1, CrChr3.1537"
M9H77_21588,"Cro001G.13453.1.p1, CrChr3.1538"
M9H77_21590,"CRO_T005276, CrChr3.1540, CRO_T106478"
M9H77_21591,"CRO_T005278, Cro001G.13450.1.p1, CrChr3.1541, CRO_T106477"
M9H77_21592,"CRO_T005281, CRO_T106476"
M9H77_21593,"CRO_T005279, Cro001G.13456.1.p1, Cro001G.13456.2.p1, Cro001G.13456.3.p1, Cro001G.13456.4.p1, Cro001G.13456.5.p1, Cro001G.13456.7.p1, CRO_T106475"
M9H77_21595,"CRO_T003639, CRO_T106473"
M9H77_21596,"CRO_T003640, Cro001G.13457.1.p1, CrChr3.1546, CRO_T106472"
M9H77_21597,"CrChr3.1547, CRO_T106471"
M9H77_21599,CRO_T003642
M9H77_21600,"CRO_T031727, CRO_T106466"
M9H77_21601,"CRO_T031728, CRO_T106465"
M9H77_21603,CRO_T019998
M9H77_21604,"CRO_T019996, Cro001G.13459.1.p1, CrChr3.1550, CRO_T106461"
M9H77_21606,CRO_T023655
M9H77_21607,"CRO_T023656, CRO_T106459"
M9H77_21609,"Cro001G.13463.1.p1, CrChr3.1557"
M9H77_21610,"Cro001G.13464.1.p1, CrChr3.1558"
M9H77_21611,"Cro001G.13462.1.p1, CrChr3.1559"
M9H77_21614,"Cro001G.13466.1.p1, CrChr3.1561, CRO_T113890"
M9H77_21615,"CRO_T030389, CrChr3.1562, CRO_T113889"
M9H77_21616,"CRO_T030391, CRO_T113888"
M9H77_21619,CRO_T030388
M9H77_21620,"CRO_T023145, CRO_T113880"
M9H77_21621,"CRO_T004317, CRO_T113879"
M9H77_21622,CRO_T007953
M9H77_21623,"CRO_T018777, Cro001G.13467.1.p1, CrChr3.1567, CRO_T113877"
M9H77_21624,"CRO_T005176, CrChr3.1568, CRO_T113876"
M9H77_21625,CRO_T018610
M9H77_21628,CRO_T029619
M9H77_21629,"CRO_T029620, CRO_T113872"
M9H77_21630,CRO_T029621
M9H77_21636,CRO_T026695
M9H77_21637,"CRO_T026694, CRO_T113868"
M9H77_21638,"CRO_T030807, CRO_T113867"
M9H77_21640,CRO_T011387
M9H77_21641,"CRO_T005406, CRO_T113864"
M9H77_21643,CRO_T006949
M9H77_21644,CRO_T017480
M9H77_21646,CRO_T031726
M9H77_21653,CRO_T030477
M9H77_21654,"CRO_T031211, CRO_T133342"
M9H77_21658,"CRO_T004469, CRO_T133346"
M9H77_21659,CRO_T014707
M9H77_21661,CRO_T033439
M9H77_21662,"CRO_T033438, CRO_T133355"
M9H77_21663,"Cro001G.13476.1.p1, CrChr3.1586"
M9H77_21664,Cro001G.13477.1.p1
M9H77_21665,"CRO_T025429, CrChr3.1589, CRO_T133360"
M9H77_21666,"CRO_T025428, CRO_T133361"
M9H77_21667,"CRO_T025427, Cro001G.13480.1.p1, CrChr3.1592, CRO_T133362"
M9H77_21668,CRO_T001293
M9H77_21669,"CRO_T022619, Cro001G.13479.1.p1, CrChr3.1593, CRO_T133363"
M9H77_21670,CRO_T018098
M9H77_21671,"CRO_T018099, Cro001G.13481.1.p1, Cro001G.13481.2.p1, CRO_T133364"
M9H77_21672,CRO_T007665
M9H77_21673,"Cro001G.13482.1.p1, CrChr3.1595"
M9H77_21674,"CRO_T007664, CRO_T133366"
M9H77_21675,"CRO_T009614, Cro001G.13483.1.p1, CrChr3.1596, CRO_T133367"
M9H77_21677,Cro001G.13485.1.p1
M9H77_21678,"Cro001G.13487.1.p1, Cro001G.13487.2.p1, CrChr3.1598, CRO_T133369"
M9H77_21679,CRO_T024816
M9H77_21680,"CRO_T003488, CRO_T133371"
M9H77_21683,"Cro001G.13488.1.p1, Cro001G.13488.2.p1, Cro001G.13488.3.p1, Cro001G.13488.4.p1"
M9H77_21685,"CRO_T011310, Cro001G.13489.2.p1, CrChr3.1603"
M9H77_21687,"Cro001G.13491.1.p1, Cro001G.13491.2.p1"
M9H77_21688,"CRO_T008580, Cro001G.13492.1.p1, CrChr3.1605, CRO_T133377"
M9H77_21689,CRO_T008584
M9H77_21690,"CrChr3.1607, CRO_T133378"
M9H77_21691,CrChr3.1608
M9H77_21692,"CRO_T008578, CrChr3.1609, CRO_T133380"
M9H77_21693,"CRO_T008583, CRO_T133381"
M9H77_21694,"CRO_T014086, Cro001G.13493.1.p1, CrChr3.1612, CRO_T133384"
M9H77_21695,"CRO_T014084, Cro001G.13494.1.p2, CrChr3.1613, CRO_T133385"
M9H77_21696,"CRO_T006873, CRO_T133386"
M9H77_21697,CRO_T006872
M9H77_21698,CRO_T016639
M9H77_21699,"CRO_T016638, Cro001G.13497.1.p1, Cro001G.13497.2.p1, Cro001G.13497.3.p1, CrChr3.1616, CRO_T133388"
M9H77_21700,Cro001G.13497.2.p2
M9H77_21701,"Cro001G.13498.1.p1, CRO_T133390"
M9H77_21702,"CRO_T011814, CRO_T133392"
M9H77_21703,"CRO_T011813, CRO_T133393"
M9H77_21705,"CRO_T028850, CRO_T133400"
M9H77_21707,"Cro001G.13500.1.p1, Cro001G.13500.2.p1, Cro001G.13500.3.p1, Cro001G.13500.4.p1, CrChr3.1623"
M9H77_21708,"Cro001G.13502.1.p1, CRO_T133403"
M9H77_21709,CRO_T014591
M9H77_21710,CRO_T014235
M9H77_21714,CRO_T000546
M9H77_21715,"CRO_T013657, Cro001G.13505.1.p1, CrChr3.1633, CRO_T133411"
M9H77_21716,"CRO_T013656, CrChr3.1634, CRO_T133412"
M9H77_21717,"CRO_T023109, Cro001G.13521.1.p1, CrChr3.1636, CRO_T133413"
M9H77_21718,"CRO_T023108, CrChr3.1637, CRO_T133414"
M9H77_21720,"CRO_T025129, CRO_T133417"
M9H77_21721,"CRO_T021269, CrChr3.1640, CRO_T133420"
M9H77_21722,"Cro001G.13524.1.p1, Cro001G.13524.2.p1, CrChr3.1641, CRO_T133421"
M9H77_21723,CRO_T021626
M9H77_21724,"Cro001G.13526.1.p1, CrChr3.1642, CRO_T133423"
M9H77_21725,"CRO_T020663, Cro001G.13527.1.p1, CrChr3.1643, CRO_T133424"
M9H77_21728,"CRO_T032374, CRO_T133429"
M9H77_21731,"CRO_T017607, Cro001G.13506.1.p1, CrChr3.1651, CRO_T133432"
M9H77_21732,"Cro001G.13507.1.p1, CrChr3.1652"
M9H77_21734,"Cro001G.13512.1.p1, CrChr3.1654"
M9H77_21737,CRO_T028133
M9H77_21738,"Cro001G.13513.1.p1, CrChr3.1656"
M9H77_21740,"Cro001G.13516.1.p1, CRO_T133441"
M9H77_21741,CRO_T026664
M9H77_21742,Cro001G.13517.1.p1
M9H77_21743,"CRO_T026665, CRO_T133447"
M9H77_21744,CRO_T026662
M9H77_21745,Cro001G.13518.1.p1
M9H77_21746,"CRO_T030716, Cro001G.13514.1.p1, CRO_T133450"
M9H77_21747,Cro001G.13519.1.p1
M9H77_21748,"CRO_T030714, Cro001G.13528.1.p1, CrChr3.1663, CRO_T133451"
M9H77_21749,"Cro001G.13529.2.p1, CrChr3.1664"
M9H77_21750,"CRO_T030715, Cro001G.13530.1.p1, Cro001G.13530.2.p1, Cro001G.13530.3.p1, Cro001G.13530.4.p1, CrChr3.1665, CRO_T133453"
M9H77_21755,"CRO_T027664, Cro001G.13531.1.p1, Cro001G.13531.2.p1, Cro001G.13531.3.p1, CrChr3.1666, CRO_T133459"
M9H77_21756,"CRO_T027663, Cro001G.13532.2.p1, CrChr3.1667"
M9H77_21761,"CRO_T025287, CRO_T133462"
M9H77_21763,"CRO_T033164, Cro001G.13535.1.p1, CrChr3.1672, CRO_T133466"
M9H77_21764,"CRO_T033165, Cro001G.13537.1.p1, CrChr3.1673, CRO_T133467"
M9H77_21765,CRO_T033166
M9H77_21767,"CRO_T008216, Cro001G.13540.1.p1, CrChr3.1674, CRO_T133472"
M9H77_21769,CRO_T032613
M9H77_21770,Cro001G.13542.1.p1
M9H77_21771,"Cro001G.13543.1.p1, CrChr3.1677"
M9H77_21772,"Cro001G.13545.1.p1, CrChr3.1679, CRO_T133479"
M9H77_21775,CRO_T008016
M9H77_21776,CRO_T008014
M9H77_21777,"CRO_T008013, Cro001G.13546.1.p1, CrChr3.1683, CRO_T133481"
M9H77_21778,Cro001G.13547.1.p1
M9H77_21780,"CRO_T012817, CRO_T133483"
M9H77_21781,CRO_T012820
M9H77_21782,"Cro001G.13549.1.p1, CrChr3.1687"
M9H77_21786,"CRO_T022683, CRO_T133487"
M9H77_21787,"Cro001G.13550.1.p1, CrChr3.1690, CRO_T133488"
M9H77_21788,"Cro001G.13551.1.p1, CrChr3.1691"
M9H77_21790,CrChr3.1694
M9H77_21794,CRO_T021183
M9H77_21795,CRO_T005932
M9H77_21801,"Cro001G.13560.1.p1, CrChr3.1702"
M9H77_21802,"CRO_T018598, Cro001G.13561.1.p1, CrChr3.1703"
M9H77_21805,"CRO_T017666, Cro001G.13558.1.p1, CrChr3.1704, CRO_T115998"
M9H77_21806,"CRO_T017668, CRO_T115997"
M9H77_21807,"Cro001G.13555.1.p1, CRO_T115996"
M9H77_21808,CrChr3.1706
M9H77_21809,CRO_T033144
M9H77_21810,"CRO_T033142, Cro001G.13557.1.p1, CrChr3.1707, CRO_T136928"
M9H77_21812,"CRO_T023125, Cro001G.13562.1.p1, CrChr3.1708, CRO_T136931"
M9H77_21814,Cro001G.13564.1.p1
M9H77_21815,"Cro001G.13565.1.p1, CrChr3.1711"
M9H77_21816,"CRO_T013582, CrChr3.1713, CRO_T136937"
M9H77_21819,CRO_T013584
M9H77_21820,CRO_T013585
M9H77_21821,"CRO_T013583, Cro001G.13568.1.p1, CrChr3.1716, CRO_T136942"
M9H77_21822,"Cro001G.13571.1.p1, CrChr3.1717, CRO_T136944"
M9H77_21826,CRO_T004124
M9H77_21827,CRO_T026295
M9H77_21828,CrChr3.1720
M9H77_21829,CRO_T000203
M9H77_21832,"Cro001G.13572.1.p1, CrChr3.1721"
M9H77_21833,CRO_T005093
M9H77_21834,"CRO_T005090, Cro001G.13580.1.p1, CrChr3.1723, CRO_T136959"
M9H77_21835,CRO_T005092
M9H77_21836,"CRO_T005089, Cro001G.13583.1.p2, CrChr3.1726, CRO_T136962"
M9H77_21837,"CRO_T005091, Cro001G.13584.1.p1, CrChr3.1727, CRO_T136963"
M9H77_21838,Cro001G.13585.1.p1
M9H77_21840,"CRO_T005095, CRO_T136965"
M9H77_21842,"CRO_T005094, CRO_T136967"
M9H77_21843,CRO_T024799
M9H77_21844,CRO_T013994
M9H77_21845,"CRO_T013993, CRO_T136974"
M9H77_21846,"Cro001G.13578.2.p1, CrChr3.1734"
M9H77_21847,CrChr3.1735
M9H77_21848,CrChr3.1736
M9H77_21849,Cro001G.13577.1.p1
M9H77_21850,CRO_T010519
M9H77_21851,"CRO_T010521, CRO_T136981"
M9H77_21852,CrChr3.1738
M9H77_21853,CRO_T010524
M9H77_21854,"CRO_T010523, CrChr3.1740, CRO_T136985"
M9H77_21856,CRO_T032282
M9H77_21857,"CRO_T032280, Cro001G.13586.1.p1, Cro001G.13586.2.p1, Cro001G.13586.3.p1, Cro001G.13586.4.p1, Cro001G.13586.6.p1, CrChr3.1745, CRO_T136994"
M9H77_21858,"CRO_T032283, CRO_T136995"
M9H77_21859,"Cro001G.13589.1.p1, CrChr3.1746"
M9H77_21860,CRO_T030332
M9H77_21862,"CrChr3.1747, CRO_T136998"
M9H77_21863,"Cro001G.13594.1.p1, Cro001G.13594.2.p1, CrChr3.1748"
M9H77_21864,"CRO_T005393, CrChr3.1749, CRO_T137001"
M9H77_21866,"CRO_T021246, Cro001G.13591.1.p1, CRO_T137002"
M9H77_21867,"CRO_T021247, Cro001G.13592.1.p1, CrChr3.1753, CRO_T137003"
M9H77_21868,"Cro001G.13595.1.p1, CRO_T137004"
M9H77_21869,CRO_T002850
M9H77_21870,CRO_T001320
M9H77_21871,CRO_T001319
M9H77_21872,CrChr3.1757
M9H77_21873,"Cro001G.13598.1.p1, CrChr3.1759"
M9H77_21878,"CRO_T018240, Cro001G.13600.1.p1, Cro001G.13600.2.p1, Cro001G.13600.3.p1, Cro001G.13600.5.p1, Cro001G.13600.6.p1, CrChr3.1761, CRO_T137014"
M9H77_21879,"Cro001G.13602.1.p1, Cro001G.13602.2.p1, Cro001G.13602.4.p1, Cro001G.13602.9.p1"
M9H77_21881,"CRO_T018241, CRO_T137017"
M9H77_21882,"CRO_T018238, Cro001G.13601.1.p1, CrChr3.1764, CRO_T137021"
M9H77_21883,CRO_T018237
M9H77_21885,CRO_T017305
M9H77_21887,CRO_T004451
M9H77_21888,"CRO_T002041, CRO_T137028"
M9H77_21889,"Cro001G.13607.1.p1, Cro001G.13607.2.p1, Cro001G.13607.3.p1"
M9H77_21890,"CRO_T002039, CrChr3.1769, CRO_T137031"
M9H77_21894,CRO_T024182
M9H77_21897,"Cro001G.13603.1.p1, CrChr3.1775"
M9H77_21898,Cro001G.13604.1.p1
M9H77_21899,CRO_T028968
M9H77_21900,"Cro001G.13613.1.p1, Cro001G.13613.2.p1, CrChr3.1778"
M9H77_21901,"CRO_T005043, Cro001G.13613.1.p2, Cro001G.13613.2.p2, CrChr3.1780"
M9H77_21902,"Cro001G.13614.1.p1, CrChr3.1781"
M9H77_21903,CRO_T005045
M9H77_21905,CRO_T005046
M9H77_21906,"CRO_T011811, CRO_T137046"
M9H77_21907,"CRO_T011810, Cro001G.13610.1.p1, CrChr3.1782"
M9H77_21908,"Cro001G.13611.1.p1, Cro001G.13611.2.p1, CrChr3.1783"
M9H77_21910,CRO_T020700
M9H77_21914,CRO_T029814
M9H77_21915,"CRO_T029811, Cro001G.13612.1.p1, Cro001G.13612.2.p1, CRO_T137052"
M9H77_21917,Cro001G.13616.1.p1
M9H77_21921,CRO_T025766
M9H77_21922,CRO_T025765
M9H77_21923,CRO_T010872
M9H77_21924,CRO_T010871
M9H77_21926,Cro001G.13619.1.p1
M9H77_21929,Cro001G.13620.1.p1
M9H77_21933,"Cro001G.13623.1.p1, CrChr3.1795"
M9H77_21935,"Cro001G.13630.1.p1, CrChr3.1798"
M9H77_21940,"CRO_T015054, Cro001G.13628.1.p1, CrChr3.1800"
M9H77_21941,"CRO_T015051, Cro001G.13626.1.p1, CrChr3.1801, CRO_T137075"
M9H77_21943,CRO_T015055
M9H77_21946,CRO_T004984
M9H77_21948,"Cro001G.13632.1.p1, CrChr3.1804, CRO_T137079"
M9H77_21951,CRO_T025816
M9H77_21955,CRO_T007131
M9H77_21956,CrChr3.1811
M9H77_21958,CRO_T007132
M9H77_21959,CRO_T011954
M9H77_21960,"CRO_T011951, Cro001G.13640.1.p1, Cro001G.13640.2.p1, CRO_T137089"
M9H77_21961,"CRO_T011955, CRO_T137090"
M9H77_21963,CRO_T011953
M9H77_21967,CRO_T007680
M9H77_21969,"CRO_T007679, CRO_T137099"
M9H77_21970,CRO_T031398
M9H77_21974,CRO_T009943
M9H77_21976,"Cro001G.13655.1.p1, CrChr3.1822"
M9H77_21977,"CRO_T000542, CRO_T137111"
M9H77_21978,CRO_T000543
M9H77_21982,CrChr3.1825
M9H77_21985,"CRO_T014426, CRO_T137120"
M9H77_21994,"CRO_T003042, Cro001G.13658.1.p1, CrChr3.1834, CRO_T137129"
M9H77_21996,CRO_T003044
M9H77_21997,"CRO_T003041, Cro001G.13661.1.p1, Cro001G.13661.2.p1, Cro001G.13661.3.p1, CrChr3.1835, CRO_T137131"
M9H77_22000,CrChr3.1839
M9H77_22001,CrChr3.1840
M9H77_22003,"CRO_T010085, Cro001G.13674.1.p1, Cro001G.13674.2.p1, CRO_T137139"
M9H77_22013,"Cro001G.13666.1.p1, CrChr3.1847"
M9H77_22014,CRO_T027736
M9H77_22017,"Cro001G.13670.1.p1, CrChr3.1850"
M9H77_22018,Cro001G.13669.1.p1
M9H77_22021,CRO_T003738
M9H77_22022,"CRO_T010973, CRO_T137158"
M9H77_22023,"CRO_T010972, Cro001G.13671.1.p1, CRO_T137159"
M9H77_22050,"CRO_T015612, Cro001G.13685.1.p1, CrChr3.1877, CRO_T137185"
M9H77_22053,"CRO_T004930, Cro001G.13687.1.p1"
M9H77_22063,CRO_T020462
M9H77_22069,"Cro001G.13704.1.p1, CrChr3.1894, CRO_T137206"
M9H77_22074,"CRO_T004654, CRO_T137213"
M9H77_22075,"CRO_T004651, Cro001G.13711.1.p1, CrChr3.1899, CRO_T137214"
M9H77_22084,"CRO_T030605, Cro001G.13715.1.p1, CrChr3.1906, CRO_T137226"
M9H77_22085,"Cro001G.13716.1.p1, CrChr3.1907, CRO_T137227"
M9H77_22090,"CRO_T020934, Cro001G.13722.1.p1, Cro001G.13722.2.p1, CrChr3.1915, CRO_T137235"
M9H77_22091,"CRO_T020936, CRO_T137236"
M9H77_22094,"Cro001G.13725.1.p1, CrChr3.1918"
M9H77_22095,CRO_T032634
M9H77_22097,"CRO_T001474, Cro001G.13728.1.p1, Cro001G.13728.2.p1, CrChr3.1922, CRO_T137243"
M9H77_22101,CRO_T023209
M9H77_22102,CRO_T005407
M9H77_22106,"Cro001G.13730.2.p1, Cro001G.13730.4.p1"
M9H77_22108,"Cro001G.13731.1.p1, CrChr3.1928, CRO_T137256"
M9H77_22109,Cro001G.13732.1.p1
M9H77_22115,Cro001G.13743.1.p1
M9H77_22116,CrChr3.1935
M9H77_22117,"Cro001G.13745.1.p1, CrChr3.1936"
M9H77_22118,"Cro001G.13754.1.p1, Cro001G.13754.11.p1, Cro001G.13754.12.p1, Cro001G.13754.13.p1, Cro001G.13754.15.p1, Cro001G.13754.16.p1, Cro001G.13754.17.p1, Cro001G.13754.18.p1, Cro001G.13754.2.p1, Cro001G.13754.3.p1, Cro001G.13754.4.p1, Cro001G.13754.5.p1, Cro001G.13754.6.p1, Cro001G.13754.8.p1, CRO_T137270"
M9H77_22119,"CRO_T006361, CRO_T137272"
M9H77_22120,CrChr3.1942
M9H77_22123,"Cro001G.13752.1.p1, CrChr3.1945, CRO_T137277"
M9H77_22124,"Cro001G.13750.1.p1, CrChr3.1947"
M9H77_22129,"CrChr3.1952, CRO_T137282"
M9H77_22131,Cro001G.13761.1.p1
M9H77_22133,CRO_T007444
M9H77_22134,CRO_T005233
M9H77_22137,"Cro001G.13766.1.p1, Cro001G.13766.2.p1, CrChr3.1958"
M9H77_22140,CRO_T013621
M9H77_22143,CRO_T013623
M9H77_22144,Cro001G.13768.1.p1
M9H77_22146,Cro001G.13771.1.p1
M9H77_22148,"CRO_T025466, CRO_T137299"
M9H77_22149,CRO_T009015
M9H77_22151,CRO_T011457
M9H77_22152,"Cro001G.13777.1.p1, CrChr3.1971, CRO_T137304"
M9H77_22153,CRO_T002755
M9H77_22154,CRO_T014836
M9H77_22155,CRO_T014838
M9H77_22156,CRO_T014835
M9H77_22157,CRO_T014837
M9H77_22158,CRO_T014834
M9H77_22169,CRO_T007260
M9H77_22174,CRO_T023768
M9H77_22175,CRO_T023767
M9H77_22178,CRO_T009253
M9H77_22179,CRO_T025198
M9H77_22180,CRO_T001521
M9H77_22187,"CRO_T021353, Cro001G.13788.1.p1"
M9H77_22188,Cro001G.13789.1.p1
M9H77_22190,"Cro001G.13792.2.p1, CrChr3.1998"
M9H77_22191,"CRO_T026105, Cro001G.13790.1.p1, CrChr3.1999, CRO_T137345"
M9H77_22193,CRO_T009132
M9H77_22195,"Cro001G.13796.1.p1, Cro001G.13796.2.p1, CrChr3.2004"
M9H77_22196,CRO_T024128
M9H77_22202,CRO_T026107
M9H77_22207,"CRO_T019546, Cro001G.13802.1.p1, CrChr3.2010"
M9H77_22209,"CRO_T019548, CRO_T137369"
M9H77_22212,"CRO_T029973, CRO_T137372"
M9H77_22213,"CRO_T024259, CrChr3.2015, CRO_T137373"
M9H77_22218,"CRO_T008261, CrChr3.2021, CRO_T137376"
M9H77_22222,CRO_T019693
M9H77_22225,"CRO_T019692, Cro001G.13808.1.p1, CrChr3.2025, CRO_T126642"
M9H77_22228,"CRO_T028885, CRO_T126638"
M9H77_22233,"CRO_T028886, CrChr3.2032, CRO_T126633"
M9H77_22236,CRO_T006485
M9H77_22237,CRO_T006484
M9H77_22240,"CRO_T019017, CRO_T126627"
M9H77_22241,CrChr3.2036
M9H77_22244,CRO_T012348
M9H77_22247,"Cro001G.13842.1.p1, Cro001G.13842.5.p1, Cro001G.13842.6.p1, CrChr3.2039"
M9H77_22249,CRO_T020574
M9H77_22251,CRO_T020575
M9H77_22259,"CRO_T024569, Cro001G.13829.1.p1, CRO_T126614"
M9H77_22265,"CRO_T005643, CRO_T126604"
M9H77_22267,"Cro001G.13833.1.p1, CrChr3.2055, CRO_T126601"
M9H77_22268,CRO_T033655
M9H77_22271,"CRO_T010436, CRO_T006915, CRO_T025392, CRO_T007317, Cro001G.13852.1.p1, CrChr3.2057, CrChr3.2061, CRO_T126593, CRO_T126597"
M9H77_22273,"Cro001G.13848.6.p1, CRO_T126595"
M9H77_22274,CRO_T033655
M9H77_22276,"CRO_T010436, CRO_T006915, CRO_T025392, CRO_T007317, Cro001G.13852.1.p1, CrChr3.2057, CrChr3.2061, CRO_T126593, CRO_T126597"
M9H77_22286,CRO_T009542
M9H77_22287,"CRO_T009540, Cro001G.13841.1.p1, Cro001G.13841.2.p1"
M9H77_22288,"CRO_T009541, Cro001G.13838.1.p1, CrChr3.2070, CRO_T126580"
M9H77_22290,"CRO_T030586, CRO_T126577"
M9H77_22292,CRO_T030584
M9H77_22293,CRO_T012301
M9H77_22295,"Cro001G.13847.2.p1, Cro001G.13847.3.p1"
M9H77_22296,"CRO_T025983, CRO_T126571"
M9H77_22300,"Cro001G.13846.1.p1, CrChr3.2079"
M9H77_22301,"Cro001G.13854.1.p1, Cro001G.13854.2.p1, Cro001G.13854.3.p1, CrChr3.2081"
M9H77_22302,"Cro001G.13853.1.p1, CRO_T126564"
M9H77_22304,CRO_T010591
M9H77_22305,"CRO_T010592, CRO_T126561"
M9H77_22306,CRO_T010589
M9H77_22307,CRO_T010587
M9H77_22308,CrChr3.2089
M9H77_22310,"CRO_T010588, CRO_T126558"
M9H77_22312,"CRO_T021602, Cro001G.13861.1.p1, CrChr3.2093, CRO_T126557"
M9H77_22316,"CRO_T033524, CRO_T126555"
M9H77_22319,"CRO_T022780, CrChr3.2096, CRO_T126553"
M9H77_22320,CRO_T003959
M9H77_22321,"CRO_T011428, Cro001G.13865.1.p1, CrChr3.2098, CRO_T126550"
M9H77_22322,CRO_T011429
M9H77_22324,Cro001G.13867.1.p1
M9H77_22326,CRO_T004835
M9H77_22329,CRO_T029558
M9H77_22330,CRO_T029559
M9H77_22331,CRO_T029561
M9H77_22335,CRO_T002515
M9H77_22336,CRO_T002516
M9H77_22337,"CRO_T001756, CRO_T126531"
M9H77_22338,"CRO_T001054, Cro001G.13875.1.p1, Cro001G.13875.2.p1, CRO_T126530"
M9H77_22339,"CRO_T010489, CrChr3.2116"
M9H77_22340,"CRO_T010488, Cro001G.13874.1.p1, CrChr3.2118, CRO_T126527"
M9H77_22344,"CRO_T031790, Cro001G.13877.1.p1, CrChr3.2119, CRO_T126523"
M9H77_22346,CRO_T031791
M9H77_22349,CRO_T008249
M9H77_22350,"CRO_T027063, CRO_T126513"
M9H77_22351,CRO_T027061
M9H77_22352,CRO_T027062
M9H77_22353,CRO_T027059
M9H77_22355,CRO_T027058
M9H77_22356,CRO_T126506
M9H77_22357,"CRO_T014028, CRO_T126505"
M9H77_22358,CRO_T014029
M9H77_22359,CRO_T014030
M9H77_22361,"Cro001G.13878.1.p1, CRO_T126499"
M9H77_22362,Cro001G.13887.1.p1
M9H77_22363,CRO_T004958
M9H77_22365,CRO_T015120
M9H77_22367,"CRO_T020662, CRO_T126490"
M9H77_22368,CRO_T005066
M9H77_22371,"CRO_T026445, CRO_T126485"
M9H77_22372,"CRO_T010499, CrChr3.2135, CRO_T126482"
M9H77_22373,"CRO_T000728, CRO_T126481"
M9H77_22377,"CRO_T031935, Cro001G.13891.2.p1, CrChr3.2138, CRO_T126478"
M9H77_22378,CRO_T031936
M9H77_22379,Cro001G.13896.2.p1
M9H77_22380,"CRO_T010469, CRO_T126473"
M9H77_22382,CRO_T010470
M9H77_22386,Cro001G.13897.1.p1
M9H77_22387,"CRO_T004755, CRO_T126469"
M9H77_22390,CRO_T030956
M9H77_22391,Cro001G.13899.1.p1
M9H77_22393,CRO_T011575
M9H77_22394,"CRO_T011573, CRO_T126463"
M9H77_22397,"CRO_T011572, CRO_T126460"
M9H77_22400,CRO_T011570
M9H77_22402,"CRO_T026205, CRO_T126455"
M9H77_22403,"CRO_T026203, Cro001G.13901.1.p1, CrChr3.2151, CRO_T126453"
M9H77_22405,Cro001G.13902.1.p1
M9H77_22406,"CRO_T000167, Cro001G.13903.1.p1, CrChr3.2153, CRO_T126451"
M9H77_22407,CRO_T022552
M9H77_22410,"Cro001G.13905.1.p1, CrChr3.2155"
M9H77_22411,"CRO_T017901, CrChr3.2156, CRO_T126441"
M9H77_22412,"Cro001G.13907.1.p1, Cro001G.13907.2.p1, CrChr3.2157, CRO_T126440"
M9H77_22413,CRO_T027858
M9H77_22414,"CRO_T027857, CRO_T126437"
M9H77_22415,"CRO_T010461, CRO_T126433"
M9H77_22416,"Cro001G.13910.1.p1, Cro001G.13910.2.p1, Cro001G.13910.3.p1, Cro001G.13910.4.p1, Cro001G.13910.5.p1"
M9H77_22418,CRO_T011950
M9H77_22419,"Cro001G.13908.1.p1, CrChr3.2165, CRO_T126429"
M9H77_22420,"CRO_T026506, Cro001G.13909.1.p1, CrChr3.2166, CRO_T126427"
M9H77_22422,"CRO_T028521, CRO_T126424"
M9H77_22425,CRO_T022884
M9H77_22429,"CRO_T013282, CRO_T116636"
M9H77_22431,"CRO_T018208, CRO_T116633"
M9H77_22432,"Cro001G.13914.1.p1, CrChr3.2175"
M9H77_22434,CRO_T018207
M9H77_22436,"Cro001G.13917.2.p1, CrChr3.2177"
M9H77_22438,CRO_T003599
M9H77_22440,CRO_T003598
M9H77_22444,"CRO_T033341, CRO_T116623"
M9H77_22445,Cro001G.13918.1.p1
M9H77_22447,CRO_T033340
M9H77_22450,CRO_T031360
M9H77_22451,"CRO_T025072, CRO_T116618"
M9H77_22452,CRO_T000164
M9H77_22455,Cro001G.13925.1.p1
M9H77_22456,"CRO_T001549, CRO_T116611"
M9H77_22457,"Cro001G.13927.1.p1, CrChr3.2193"
M9H77_22458,"Cro001G.13926.1.p1, CrChr3.2194"
M9H77_22460,"CRO_T023647, CRO_T116605"
M9H77_22461,"CRO_T023649, CRO_T116604"
M9H77_22462,"CRO_T002506, Cro001G.13930.1.p1, CrChr3.2197, CRO_T115797"
M9H77_22464,Cro001G.13929.1.p1
M9H77_22465,"CRO_T025135, Cro001G.13931.1.p1, CRO_T115795"
M9H77_22466,"Cro001G.13938.2.p1, Cro001G.13938.9.p1, CrChr3.2201"
M9H77_22468,"CRO_T016685, Cro001G.13934.1.p2, CrChr3.2202, CRO_T115793"
M9H77_22469,"CRO_T016686, Cro001G.13935.2.p1, CrChr3.2203, CRO_T115792"
M9H77_22471,CrChr3.2206
M9H77_22472,"CRO_T004913, Cro001G.13932.1.p1, CrChr3.2207, CRO_T115788"
M9H77_22473,"CRO_T004914, CRO_T115787"
M9H77_22475,CRO_T008318
M9H77_22477,CRO_T008319
M9H77_22478,"Cro001G.13936.1.p1, CrChr3.2212"
M9H77_22479,"CRO_T015291, CRO_T115784"
M9H77_22480,"CRO_T015290, Cro001G.13940.1.p1, CrChr3.2213, CRO_T115783"
M9H77_22481,"CRO_T015289, Cro001G.13941.1.p1, CrChr3.2214, CRO_T115782"
M9H77_22485,CRO_T013052
M9H77_22488,"Cro001G.13939.1.p1, CrChr3.2217"
M9H77_22491,CRO_T005187
M9H77_22492,"CrChr3.2218, CRO_T115776"
M9H77_22493,"CRO_T017230, Cro001G.13945.1.p1, CRO_T115775"
M9H77_22496,CRO_T007527
M9H77_22497,CRO_T007528
M9H77_22498,"CRO_T020260, Cro001G.13946.1.p1, CRO_T115770"
M9H77_22500,CRO_T022194
M9H77_22501,CRO_T022193
M9H77_22503,"CrChr3.2223, CRO_T115766"
M9H77_22506,CRO_T013714
M9H77_22510,Cro001G.13948.1.p1
M9H77_22512,"CRO_T016609, CrChr3.2226"
M9H77_22513,"CRO_T023394, CRO_T136299"
M9H77_22514,"CRO_T023393, CrChr3.2229"
M9H77_22516,Cro001G.13949.2.p1
M9H77_22517,"CRO_T007538, CRO_T136295"
M9H77_22518,"CRO_T016167, CRO_T136294"
M9H77_22519,"Cro001G.13951.1.p1, CrChr3.2235"
M9H77_22520,"CRO_T016168, CRO_T136292"
M9H77_22521,"CRO_T016162, CRO_T136291"
M9H77_22522,"CRO_T016165, CRO_T136290"
M9H77_22523,"Cro001G.13953.1.p2, Cro001G.13953.2.p2, Cro001G.13953.3.p1, CrChr3.2236"
M9H77_22524,"Cro001G.13953.1.p1, Cro001G.13953.2.p1, CrChr3.2237"
M9H77_22526,"Cro001G.13963.6.p1, CrChr3.2238"
M9H77_22527,CRO_T021699
M9H77_22528,CRO_T006105
M9H77_22531,Cro001G.13965.2.p1
M9H77_22533,"Cro001G.13966.1.p1, CrChr3.2241, CRO_T136280"
M9H77_22534,"CRO_T014413, Cro001G.13964.1.p1, CrChr3.2242, CRO_T136279"
M9H77_22535,"CRO_T003395, CRO_T136275"
M9H77_22536,"CRO_T003396, CRO_T136274"
M9H77_22537,"CRO_T003394, CRO_T136273"
M9H77_22539,"CRO_T026488, CRO_T136270"
M9H77_22540,"CRO_T007426, Cro001G.13957.1.p1, CrChr3.2245, CRO_T136268"
M9H77_22541,CRO_T019085
M9H77_22542,CrChr3.2247
M9H77_22544,CRO_T011726
M9H77_22547,CRO_T011729
M9H77_22548,"CRO_T011727, CRO_T136259"
M9H77_22549,"Cro001G.13960.1.p1, Cro001G.13961.1.p1, CrChr3.2254, CRO_T136257"
M9H77_22550,CRO_T004296
M9H77_22551,"CRO_T010189, Cro001G.13967.1.p1, CrChr3.2257, CRO_T136253"
M9H77_22552,CRO_T010192
M9H77_22553,"CRO_T010193, CRO_T136251"
M9H77_22555,CRO_T010194
M9H77_22557,"CRO_T031093, CRO_T017364, Cro001G.13970.1.p1, CrChr3.2261, CRO_T136247"
M9H77_22558,"CRO_T031094, CRO_T136246"
M9H77_22559,"CRO_T014284, CrChr3.2264, CRO_T136242"
M9H77_22560,Cro001G.13968.2.p1
M9H77_22562,"CRO_T014282, CRO_T136239"
M9H77_22563,CRO_T014283
M9H77_22566,"CRO_T033235, CRO_T136236"
M9H77_22567,CRO_T033236
M9H77_22568,CRO_T021777
M9H77_22570,Cro001G.13972.1.p1
M9H77_22571,CrChr3.2269
M9H77_22572,"CRO_T012116, Cro001G.13977.1.p1, CrChr3.2270, CRO_T136227"
M9H77_22575,CRO_T003158
M9H77_22576,"CRO_T026155, CrChr3.2272, CRO_T136225"
M9H77_22577,CRO_T026156
M9H77_22578,CRO_T026154
M9H77_22581,"CRO_T005146, CRO_T136222"
M9H77_22582,"CRO_T005148, CRO_T136221"
M9H77_22583,"CRO_T005145, CRO_T136220"
M9H77_22584,"CRO_T005147, CRO_T136219"
M9H77_22586,"CRO_T003748, Cro001G.13978.1.p1, CrChr3.2274, CRO_T136217"
M9H77_22587,"Cro001G.13981.1.p1, CRO_T136216"
M9H77_22588,CRO_T002471
M9H77_22591,"CRO_T025937, CrChr3.2277, CRO_T136212"
M9H77_22593,CRO_T011756
M9H77_22595,CRO_T029142
M9H77_22597,"CRO_T025763, Cro001G.13987.1.p1, CrChr3.2282, CRO_T136200"
M9H77_22599,"CRO_T011468, CRO_T136197"
M9H77_22600,"CRO_T029527, CRO_T136195"
M9H77_22601,CRO_T029528
M9H77_22602,CRO_T029526
M9H77_22603,"CRO_T002863, CRO_T136189"
M9H77_22604,"CRO_T002860, Cro001G.13988.1.p1, CrChr3.2286, CRO_T136188"
M9H77_22605,"CRO_T002864, CRO_T136187"
M9H77_22607,CRO_T002862
M9H77_22608,CRO_T031189
M9H77_22609,CRO_T016021
M9H77_22610,"CRO_T002563, CRO_T136183"
M9H77_22614,CRO_T023272
M9H77_22615,CRO_T008842
M9H77_22616,"CRO_T008841, CRO_T136179"
M9H77_22617,"CRO_T008840, CRO_T136178"
M9H77_22622,CRO_T010382
M9H77_22623,"CRO_T010381, CRO_T136175"
M9H77_22628,"CrChr3.2298, CRO_T136170"
M9H77_22629,CRO_T004758
M9H77_22630,"CRO_T004759, CrChr3.2299, CRO_T136169"
M9H77_22631,CRO_T002393
M9H77_22632,"CRO_T028414, CrChr3.2302, CRO_T136165"
M9H77_22633,"CRO_T028415, CRO_T136164"
M9H77_22634,CRO_T028413
M9H77_22636,CRO_T028416
M9H77_22637,CRO_T005792
M9H77_22639,CRO_T008011
M9H77_22640,"CRO_T008009, Cro001G.14005.1.p1, CrChr3.2307"
M9H77_22642,"CRO_T002637, CRO_T136157"
M9H77_22643,CRO_T003204
M9H77_22644,"CRO_T003205, CRO_T136154"
M9H77_22646,Cro001G.14007.1.p1
M9H77_22647,"Cro001G.14006.1.p1, CrChr3.2309"
M9H77_22648,CRO_T015061
M9H77_22649,CRO_T015060
M9H77_22651,CRO_T004898
M9H77_22652,CRO_T030029
M9H77_22653,CrChr3.2313
M9H77_22654,CRO_T011597
M9H77_22655,CRO_T011599
M9H77_22656,Cro001G.14014.1.p1
M9H77_22657,"Cro001G.14010.1.p1, CrChr3.2316"
M9H77_22659,"Cro001G.14011.1.p1, CrChr3.2317"
M9H77_22660,"CRO_T002324, CRO_T136131"
M9H77_22663,CRO_T004853
M9H77_22664,"CRO_T004852, Cro001G.14012.1.p1, CrChr3.2319, CRO_T137384"
M9H77_22665,CRO_T009267
M9H77_22668,CRO_T011295
M9H77_22669,"CRO_T010004, CrChr3.2326, CRO_T137392"
M9H77_22671,"CRO_T020217, Cro001G.14017.1.p1, CrChr3.2328"
M9H77_22672,CRO_T002261
M9H77_22677,CRO_T003026
M9H77_22679,CRO_T021972
M9H77_22681,"CRO_T017823, CRO_T137401"
M9H77_22682,CRO_T009652
M9H77_22683,CRO_T009651
M9H77_22684,CRO_T009653
M9H77_22686,CRO_T009655
M9H77_22687,CRO_T025092
M9H77_22690,CRO_T005518
M9H77_22691,CRO_T005519
M9H77_22692,CRO_T019379
M9H77_22693,CRO_T032536
M9H77_22694,CRO_T033766
M9H77_22695,CRO_T027277
M9H77_22697,"CRO_T021454, CRO_T137424"
M9H77_22698,CRO_T021452
M9H77_22701,CRO_T027036
M9H77_22703,CRO_T015472
M9H77_22704,"CRO_T015471, CRO_T137433"
M9H77_22705,CRO_T001790
M9H77_22706,CRO_T001140
M9H77_22707,"CRO_T001142, CRO_T137436"
M9H77_22708,"CRO_T001139, CRO_T137438"
M9H77_22709,CRO_T001143
M9H77_22710,CRO_T001141
M9H77_22711,"CRO_T007556, CRO_T137439"
M9H77_22712,CRO_T007558
M9H77_22713,"CRO_T007559, CRO_T137441"
M9H77_22714,CRO_T007557
M9H77_22715,"Cro001G.14028.1.p1, CrChr3.2354, CRO_T137443"
M9H77_22716,CRO_T020316
M9H77_22720,CRO_T032118
M9H77_22722,CRO_T021917
M9H77_22724,"CRO_T031889, Cro001G.14025.1.p1, CrChr3.2360, CRO_T137452"
M9H77_22726,CRO_T001516
M9H77_22728,Cro001G.14039.1.p1
M9H77_22729,"CRO_T032264, Cro001G.14040.1.p1, CrChr3.2367, CRO_T137462"
M9H77_22731,CRO_T032266
M9H77_22732,Cro001G.14041.1.p1
M9H77_22733,"CRO_T003620, CrChr3.2369"
M9H77_22735,"CRO_T014741, Cro001G.14032.1.p1, CrChr3.2370, CRO_T137468"
M9H77_22738,"CRO_T029575, CRO_T137473"
M9H77_22740,CRO_T015498
M9H77_22741,CRO_T015500
M9H77_22742,CRO_T015499
M9H77_22743,"CRO_T015497, CRO_T137478"
M9H77_22744,"Cro001G.14034.1.p1, CrChr3.2377"
M9H77_22745,CRO_T023589
M9H77_22746,CRO_T023591
M9H77_22747,CRO_T023590
M9H77_22748,"CRO_T023588, CRO_T137483"
M9H77_22749,CRO_T021574
M9H77_22751,"Cro001G.14044.1.p1, CrChr3.2380"
M9H77_22752,Cro001G.14035.1.p1
M9H77_22753,CRO_T004370
M9H77_22754,CRO_T004371
M9H77_22755,CRO_T004369
M9H77_22756,CRO_T004368
M9H77_22760,"CRO_T011321, Cro001G.14037.1.p1, CrChr3.2385, CRO_T137492"
M9H77_22761,CRO_T032913
M9H77_22763,"CRO_T005339, CRO_T137495"
M9H77_22764,CRO_T005338
M9H77_22766,CRO_T028348
M9H77_22767,"CRO_T028349, CRO_T137500"
M9H77_22768,CRO_T028350
M9H77_22770,"Cro001G.14042.1.p1, CrChr3.2390, CRO_T137503"
M9H77_22772,CRO_T027895
M9H77_22773,Cro001G.14046.1.p1
M9H77_22774,"CRO_T033718, CRO_T137508"
M9H77_22777,"CRO_T030518, CRO_T140567"
M9H77_22778,"CRO_T025394, CRO_T140568"
M9H77_22779,"Cro001G.14048.1.p1, Cro001G.14048.3.p1, CrChr3.2397"
M9H77_22781,"CRO_T031749, CRO_T140574"
M9H77_22782,"CRO_T004769, Cro001G.14050.11.p1, Cro001G.14050.13.p1, Cro001G.14050.14.p1, Cro001G.14050.6.p1, CrChr3.2403, CRO_T140577"
M9H77_22783,"CRO_T004768, Cro001G.14051.1.p1"
M9H77_22784,CRO_T017716
M9H77_22786,Cro001G.14053.1.p1
M9H77_22788,CRO_T011152
M9H77_22793,"Cro001G.14052.1.p1, Cro001G.14052.2.p1, Cro001G.14052.3.p1"
M9H77_22795,"CRO_T013701, CrChr3.2411, CRO_T140598"
M9H77_22796,Cro001G.14055.3.p1
M9H77_22798,"CRO_T017090, CRO_T140600"
M9H77_22799,CRO_T017089
M9H77_22802,"CRO_T031233, CRO_T140606"
M9H77_22805,"CRO_T022614, CRO_T140609"
M9H77_22806,"Cro001G.14059.1.p1, CrChr3.2421"
M9H77_22807,CrChr3.19
M9H77_22808,"Cro001G.14062.1.p1, CrChr3.2423"
M9H77_22810,CRO_T033574
M9H77_22811,"CRO_T003533, Cro001G.14063.1.p1, CrChr3.2426, CRO_T140618"
M9H77_22813,"CRO_T003534, CRO_T140619"
M9H77_22816,"CRO_T016582, Cro001G.14069.1.p1"
M9H77_22817,CRO_T012984
M9H77_22818,CRO_T012985
M9H77_22819,"CRO_T012986, CRO_T140629"
M9H77_22821,CRO_T012983
M9H77_22822,Cro001G.14072.1.p1
M9H77_22823,"Cro001G.14082.1.p1, CrChr3.2432"
M9H77_22824,"CRO_T009129, CRO_T140632"
M9H77_22825,"CRO_T009131, CRO_T140634"
M9H77_22826,"CRO_T009130, CRO_T140636"
M9H77_22827,"CRO_T007805, CRO_T140637"
M9H77_22830,CRO_T024232
M9H77_22831,CRO_T024231
M9H77_22832,"CRO_T025770, Cro001G.14076.1.p1, CrChr3.2438"
M9H77_22836,CRO_T011530
M9H77_22837,CRO_T026297
M9H77_22839,CRO_T018204
M9H77_22841,"CRO_T008728, Cro001G.14078.2.p1, CrChr3.2443, CRO_T140657"
M9H77_22844,CRO_T007042
M9H77_22845,CRO_T140664
M9H77_22846,CRO_T027876
M9H77_22848,"Cro001G.14079.1.p1, CrChr3.2447"
M9H77_22849,"CRO_T031446, CRO_T140672"
M9H77_22850,"Cro001G.14080.1.p1, CrChr3.2450"
M9H77_22853,"CRO_T027177, CRO_T140676"
M9H77_22854,CRO_T027178
M9H77_22856,CRO_T024003
M9H77_22857,CRO_T024486
M9H77_22859,"Cro001G.14088.1.p1, Cro001G.14088.5.p1, CrChr3.2457, CRO_T140680"
M9H77_22860,CRO_T032778
M9H77_22861,CRO_T001074
M9H77_22863,CRO_T005151
M9H77_22864,CRO_T005152
M9H77_22865,CRO_T004066
M9H77_22866,"CRO_T012421, Cro001G.14087.1.p1, CrChr3.2461, CRO_T140687"
M9H77_22867,"Cro001G.14093.1.p1, CRO_T140688"
M9H77_22868,"CRO_T005646, Cro001G.14094.1.p1, CrChr3.2463, CRO_T140690"
M9H77_22869,CRO_T013514
M9H77_22870,"CRO_T001565, CRO_T140694"
M9H77_22871,"CRO_T001566, CRO_T140696"
M9H77_22873,CRO_T004538
M9H77_22874,"CRO_T014394, CRO_T124921"
M9H77_22876,CRO_T018857
M9H77_22884,CRO_T020210
M9H77_22885,"CRO_T000335, Cro001G.3675.1.p1, CrChr3.2474, CRO_T140249"
M9H77_22886,"CRO_T000334, CrChr3.2475, CRO_T140248"
M9H77_22887,"CRO_T000336, CRO_T140247"
M9H77_22888,CRO_T014623
M9H77_22889,"CRO_T032237, CRO_T140244"
M9H77_22892,"Cro001G.3677.1.p1, CRO_T140242"
M9H77_22894,"CRO_T021677, CRO_T140241"
M9H77_22895,CRO_T021678
M9H77_22897,"CRO_T004495, CRO_T140233"
M9H77_22898,CRO_T111643
M9H77_22900,"CRO_T004931, CRO_T140228"
M9H77_22902,CRO_T005997
M9H77_22907,"CRO_T009112, Cro001G.3689.1.p1, CrChr3.2489, CRO_T140222"
M9H77_22909,CRO_T023325
M9H77_22910,"Cro001G.3691.1.p1, CrChr3.2491"
M9H77_22911,Cro001G.3700.1.p1
M9H77_22912,"CRO_T012233, Cro001G.3692.1.p1, CrChr3.2493, CRO_T140215"
M9H77_22914,CRO_T006086
M9H77_22916,Cro001G.3695.1.p1
M9H77_22917,"CRO_T005069, CRO_T140208"
M9H77_22918,Cro001G.3698.1.p1
M9H77_22919,"CRO_T014328, Cro001G.3697.1.p1, CrChr3.2497, CRO_T140205"
M9H77_22920,"CRO_T014332, CRO_T140204"
M9H77_22921,CRO_T014327
M9H77_22923,CRO_T014329
M9H77_22924,CRO_T019796
M9H77_22927,CRO_T012592
M9H77_22928,"Cro001G.3705.1.p1, CrChr3.2503, CRO_T140193"
M9H77_22933,"CRO_T004377, Cro001G.3710.1.p1, CrChr3.2505, CRO_T140189"
M9H77_22935,CRO_T020200
M9H77_22939,"CRO_T030091, CRO_T140179"
M9H77_22940,"Cro001G.3719.14.p1, Cro001G.3719.2.p1, Cro001G.3719.5.p1, Cro001G.3719.8.p1, Cro001G.3719.9.p1"
M9H77_22941,"CRO_T015448, Cro001G.3715.1.p1, CrChr3.2510, CRO_T140176"
M9H77_22942,"CRO_T015451, CRO_T140175"
M9H77_22943,"CRO_T015450, CRO_T140174"
M9H77_22945,CRO_T009736
M9H77_22946,"CRO_T009737, CRO_T140171"
M9H77_22947,CRO_T025412
M9H77_22948,"CRO_T018987, CRO_T140169"
M9H77_22950,"CRO_T019940, Cro001G.3716.1.p1, CrChr3.2518, CRO_T140165"
M9H77_22952,CrChr3.2522
M9H77_22954,"CRO_T026043, CRO_T140158"
M9H77_22955,"CRO_T026042, Cro001G.3718.1.p1, CrChr3.2526, CRO_T140157"
M9H77_22957,CRO_T009035
M9H77_22959,CRO_T013578
M9H77_22964,"CRO_T029074, Cro001G.3724.1.p2, CrChr3.2530, CRO_T140149"
M9H77_22966,"CRO_T029752, CRO_T140147"
M9H77_22968,CRO_T031095
M9H77_22970,CRO_T032442
M9H77_22972,"CRO_T032440, CRO_T140143"
M9H77_22973,"Cro001G.3721.1.p1, CrChr3.2533, CRO_T140141"
M9H77_22976,CRO_T000676
M9H77_22979,CRO_T021161
M9H77_22980,"Cro001G.3728.1.p1, Cro001G.3728.2.p1, Cro001G.3728.3.p1, Cro001G.3728.4.p1, Cro001G.3728.6.p1"
M9H77_22981,CRO_T003025
M9H77_22982,"CRO_T004077, Cro001G.3730.1.p2, CrChr3.2545, CRO_T125355"
M9H77_22986,"Cro001G.3726.1.p1, CrChr3.2547, CRO_T125358"
M9H77_22987,"Cro001G.3725.1.p2, CRO_T125359"
M9H77_22988,"Cro001G.3727.1.p1, CrChr3.2549"
M9H77_22989,"Cro001G.3734.1.p1, Cro001G.3734.2.p1, Cro001G.3734.3.p1, Cro001G.3734.4.p1"
M9H77_22991,"CRO_T012256, CRO_T125367"
M9H77_22996,Cro001G.3735.1.p1
M9H77_22997,CRO_T013191
M9H77_23000,CRO_T029682
M9H77_23001,CRO_T031772
M9H77_23004,CRO_T011721
M9H77_23005,"CRO_T002430, CRO_T125380"
M9H77_23007,"CRO_T002429, CRO_T125381"
M9H77_23008,CRO_T013630
M9H77_23009,CRO_T013629
M9H77_23011,"CRO_T015163, Cro001G.3740.1.p1"
M9H77_23012,"CRO_T008571, CRO_T125390"
M9H77_23013,CRO_T008570
M9H77_23015,CRO_T022963
M9H77_23020,CRO_T006085
M9H77_23022,Cro001G.3749.1.p1
M9H77_23023,"CRO_T027165, Cro001G.3748.1.p1, Cro001G.3748.2.p1, CRO_T125402"
M9H77_23026,CRO_T022955
M9H77_23027,CRO_T001284
M9H77_23028,"CRO_T022468, CRO_T125408"
M9H77_23029,CRO_T000984
M9H77_23032,CRO_T012757
M9H77_23033,"CRO_T012758, CRO_T125415"
M9H77_23034,"CRO_T026450, CRO_T125419"
M9H77_23035,"CRO_T026451, CRO_T125420"
M9H77_23037,"CRO_T007149, CRO_T125423"
M9H77_23038,"CRO_T007151, CRO_T125424"
M9H77_23039,CRO_T007150
M9H77_23040,"CRO_T031434, CRO_T133677"
M9H77_23041,"CRO_T031433, Cro001G.3752.1.p1, Cro001G.3752.2.p1, CrChr3.2595, CRO_T125428"
M9H77_23042,"CRO_T016679, CRO_T125430"
M9H77_23043,"CRO_T009673, CRO_T125433"
M9H77_23047,CRO_T006180
M9H77_23050,"CRO_T028302, CRO_T125438"
M9H77_23056,CRO_T005638
M9H77_23057,"CRO_T005639, CRO_T125450"
M9H77_23058,"CRO_T005634, CRO_T125451"
M9H77_23059,"CRO_T005635, CRO_T125452"
M9H77_23060,CRO_T015269
M9H77_23062,"CRO_T015270, CRO_T125455"
M9H77_23064,CRO_T009244
M9H77_23065,CRO_T009243
M9H77_23066,Cro001G.3764.1.p1
M9H77_23068,CRO_T029024
M9H77_23070,"CRO_T014351, CRO_T125465"
M9H77_23071,Cro001G.3762.1.p1
M9H77_23072,CRO_T006833
M9H77_23073,CRO_T006834
M9H77_23074,CRO_T006892
M9H77_23075,Cro001G.3763.1.p1
M9H77_23079,CRO_T032225
M9H77_23081,CRO_T025093
M9H77_23083,Cro001G.3766.1.p1
M9H77_23084,"CRO_T001760, CRO_T125489"
M9H77_23085,CRO_T007819
M9H77_23086,CRO_T031008
M9H77_23087,CRO_T031007
M9H77_23088,CRO_T031006
M9H77_23090,"CRO_T028925, CRO_T125493"
M9H77_23091,"CRO_T028922, Cro001G.3768.1.p1, CrChr3.2629, CRO_T125494"
M9H77_23093,CRO_T028924
M9H77_23097,CRO_T031136
M9H77_23098,CRO_T031510
M9H77_23099,"CRO_T033604, CRO_T125504"
M9H77_23102,Cro001G.3767.1.p1
M9H77_23103,CRO_T023584
M9H77_23104,CRO_T023585
M9H77_23105,"CRO_T023583, CRO_T125508"
M9H77_23108,CRO_T018663
M9H77_23109,"Cro001G.3769.1.p1, CrChr3.2635"
M9H77_23110,"CRO_T004922, CRO_T125515"
M9H77_23114,Cro001G.3774.2.p1
M9H77_23118,"CRO_T033177, CRO_T125523"
M9H77_23120,"Cro001G.3771.1.p1, CrChr3.2644"
M9H77_23121,"CRO_T016275, Cro001G.3772.1.p1, CrChr3.2645, CRO_T125527"
M9H77_23122,"Cro001G.3779.1.p1, Cro001G.3779.3.p1, CrChr3.2646"
M9H77_23124,"CRO_T032485, Cro001G.3780.1.p1, CrChr3.2649, CRO_T125531"
M9H77_23125,"Cro001G.3781.1.p1, CrChr3.2650"
M9H77_23129,"CRO_T007725, CRO_T125536"
M9H77_23130,"CRO_T007723, CRO_T125537"
M9H77_23131,CRO_T006600
M9H77_23132,"CRO_T004033, CRO_T125545"
M9H77_23133,"Cro001G.3787.1.p1, CrChr3.2654, CRO_T125546"
M9H77_23134,CRO_T020147
M9H77_23138,"CRO_T014758, Cro001G.3789.1.p1, CRO_T125548"
M9H77_23139,CRO_T014761
M9H77_23140,CRO_T014759
M9H77_23141,CRO_T005734
M9H77_23143,CRO_T005730
M9H77_23144,CRO_T005731
M9H77_23145,CRO_T005732
M9H77_23146,CRO_T005733
M9H77_23147,CRO_T005729
M9H77_23149,CRO_T004207
M9H77_23154,CRO_T009363
M9H77_23155,CRO_T009365
M9H77_23156,"Cro001G.3790.1.p1, CrChr3.2668"
M9H77_23157,CRO_T015422
M9H77_23159,"CRO_T011639, CRO_T120879"
M9H77_23161,CRO_T013228
M9H77_23163,"CRO_T025603, CRO_T120881"
M9H77_23164,"CRO_T008746, CRO_T120882"
M9H77_23168,"CRO_T014471, Cro001G.3795.1.p1, CrChr3.2675, CRO_T125683"
M9H77_23170,CRO_T031230
M9H77_23171,CRO_T031231
M9H77_23172,CRO_T004690
M9H77_23173,CRO_T004690
M9H77_23174,"CRO_T027591, Cro001G.3796.1.p1, Cro001G.3796.2.p1, CrChr3.2680, CRO_T125219"
M9H77_23175,"CRO_T030217, CRO_T125216"
M9H77_23176,CRO_T022848
M9H77_23177,"CRO_T022849, CRO_T125214"
M9H77_23178,CRO_T015798
M9H77_23179,CRO_T026118
M9H77_23181,"CRO_T022053, CRO_T125211"
M9H77_23182,CRO_T022052
M9H77_23184,CRO_T012246
M9H77_23185,"Cro001G.3798.1.p1, CrChr3.2687"
M9H77_23188,"CRO_T028303, CRO_T125204"
M9H77_23189,"CRO_T028304, CRO_T125203"
M9H77_23194,CRO_T014319
M9H77_23196,"Cro001G.3812.12.p1, Cro001G.3812.16.p1, Cro001G.3812.2.p1, Cro001G.3812.4.p1, Cro001G.3812.5.p1, Cro001G.3812.6.p1, Cro001G.3812.9.p1"
M9H77_23197,CRO_T004018
M9H77_23198,CRO_T032203
M9H77_23199,CRO_T011947
M9H77_23200,CRO_T017752
M9H77_23201,CRO_T017753
M9H77_23204,CRO_T033222
M9H77_23206,CRO_T030444
M9H77_23207,"CRO_T023031, CRO_T125171"
M9H77_23208,CRO_T023032
M9H77_23210,"CRO_T013433, CRO_T125167"
M9H77_23214,CRO_T017843
M9H77_23216,CRO_T021920
M9H77_23217,CRO_T021918
M9H77_23218,CRO_T021919
M9H77_23219,CRO_T015329
M9H77_23220,CRO_T022752
M9H77_23227,CRO_T000237
M9H77_23229,"Cro001G.3815.1.p1, CrChr3.2715"
M9H77_23231,CRO_T015359
M9H77_23234,"CRO_T015489, CRO_T125144"
M9H77_23236,"CRO_T015488, CRO_T125143"
M9H77_23238,CRO_T015490
M9H77_23239,"CRO_T015654, CRO_T104644"
M9H77_23240,CRO_T012639
M9H77_23241,"CRO_T012640, CRO_T125139"
M9H77_23242,CRO_T012641
M9H77_23244,CRO_T027492
M9H77_23246,"CRO_T017511, CRO_T125134"
M9H77_23247,CRO_T009360
M9H77_23248,CRO_T008688
M9H77_23249,CRO_T008689
M9H77_23250,CRO_T017720
M9H77_23251,CRO_T017719
M9H77_23252,CRO_T017721
M9H77_23255,CRO_T011115
M9H77_23256,CRO_T009801
M9H77_23257,CRO_T002029
M9H77_23258,"CRO_T017895, Cro001G.3819.1.p1, CrChr3.2732, CRO_T125117"
M9H77_23259,"CRO_T021482, CRO_T125115"
M9H77_23262,CRO_T021483
M9H77_23263,CrChr3.2733
M9H77_23264,CRO_T021856
M9H77_23269,"CRO_T028618, CRO_T125106"
M9H77_23270,"CRO_T028619, CRO_T125105"
M9H77_23272,"CRO_T026732, CRO_T125104"
M9H77_23273,"CRO_T026731, CRO_T125103"
M9H77_23274,"Cro001G.3821.1.p1, CrChr3.2739"
M9H77_23275,CRO_T010716
M9H77_23276,"CRO_T005012, CrChr3.2740, CRO_T125097"
M9H77_23277,"Cro001G.3825.1.p1, Cro001G.3825.3.p1, Cro001G.3825.4.p1, Cro001G.3825.7.p1, CrChr3.2741, CRO_T125096"
M9H77_23278,"CRO_T013817, CRO_T125094"
M9H77_23280,CRO_T015863
M9H77_23281,"Cro001G.3822.1.p1, CrChr3.2745, CRO_T125090"
M9H77_23283,CRO_T002150
M9H77_23287,CRO_T015119
M9H77_23288,CRO_T015118
M9H77_23289,CRO_T015835
M9H77_23291,CRO_T032917
M9H77_23292,"Cro001G.3824.1.p1, Cro001G.3824.4.p1, CRO_T125075"
M9H77_23294,"CRO_T013326, CRO_T125071"
M9H77_23298,"CRO_T013325, CRO_T125069"
M9H77_23299,"CRO_T021484, CrChr3.2758, CRO_T125068"
M9H77_23300,"CRO_T021485, CRO_T125067"
M9H77_23302,CRO_T025676
M9H77_23304,CRO_T003785
M9H77_23305,"Cro001G.3830.1.p1, CrChr3.2765"
M9H77_23306,"CRO_T003786, CRO_T125057"
M9H77_23307,"CRO_T003783, CRO_T125055"
M9H77_23312,"Cro001G.3833.1.p1, CrChr3.2768, CRO_T125053"
M9H77_23313,"Cro001G.3834.1.p1, CrChr3.2769, CRO_T125052"
M9H77_23314,CRO_T018163
M9H77_23316,CRO_T006654
M9H77_23317,Cro001G.3835.1.p1
M9H77_23319,CRO_T006652
M9H77_23321,"CRO_T024290, Cro001G.3836.1.p1, CrChr3.2774, CRO_T125041"
M9H77_23322,"Cro001G.3840.1.p1, Cro001G.3840.3.p1"
M9H77_23323,CRO_T024291
M9H77_23324,"CRO_T031108, CRO_T125039"
M9H77_23325,CRO_T029389
M9H77_23326,"CRO_T026926, CRO_T125036"
M9H77_23328,"CRO_T026927, CRO_T125034"
M9H77_23329,CRO_T012271
M9H77_23331,"CRO_T021631, CRO_T125025"
M9H77_23333,"Cro001G.3845.1.p1, CrChr3.2794, CRO_T125019"
M9H77_23334,CRO_T000581
M9H77_23336,CRO_T016436
M9H77_23337,CRO_T016437
M9H77_23342,CRO_T002118
M9H77_23343,CRO_T014769
M9H77_23344,CRO_T014900
M9H77_23345,CRO_T014901
M9H77_23346,CRO_T011645
M9H77_23349,"CRO_T005111, CRO_T118913"
M9H77_23350,CRO_T005112
M9H77_23351,CRO_T016833
M9H77_23352,CRO_T023595
M9H77_23354,CRO_T004600
M9H77_23356,CRO_T004603
M9H77_23358,CRO_T022126
M9H77_23359,CRO_T010791
M9H77_23361,CRO_T030021
M9H77_23362,CRO_T013319
M9H77_23363,"CRO_T022735, CRO_T118900"
M9H77_23365,CRO_T012502
M9H77_23371,CRO_T011494
M9H77_23372,"Cro001G.3849.1.p1, Cro001G.3849.3.p1"
M9H77_23375,CRO_T003604
M9H77_23377,CRO_T013087
M9H77_23378,"CRO_T013088, CRO_T111799"
M9H77_23382,CRO_T003474
M9H77_23383,"CRO_T002436, CRO_T111805"
M9H77_23384,CRO_T002437
M9H77_23386,CRO_T020844
M9H77_23387,CRO_T020845
M9H77_23388,CRO_T010709
M9H77_23390,"CRO_T007973, Cro001G.3856.1.p1, Cro001G.3856.2.p1, CrChr3.2827, CRO_T111816"
M9H77_23391,"CRO_T007344, CRO_T111818"
M9H77_23392,CRO_T007345
M9H77_23394,"CRO_T022909, CRO_T111823"
M9H77_23396,CRO_T015420
M9H77_23397,CRO_T017636
M9H77_23399,CRO_T012482
M9H77_23400,CRO_T014739
M9H77_23402,CRO_T023997
M9H77_23403,CRO_T003303
M9H77_23404,CRO_T001740
M9H77_23406,CRO_T026668
M9H77_23408,"CRO_T000541, CRO_T111837"
M9H77_23409,"CRO_T028008, CRO_T111839"
M9H77_23412,CRO_T015116
M9H77_23415,"CRO_T021714, CRO_T111845"
M9H77_23418,CRO_T004482
M9H77_23419,CRO_T004483
M9H77_23420,CRO_T022356
M9H77_23421,CRO_T022354
M9H77_23422,"Cro001G.3857.1.p2, CrChr3.2843, CRO_T111849"
M9H77_23423,CRO_T022353
M9H77_23424,"CRO_T004609, CRO_T111851"
M9H77_23425,"CRO_T004608, CRO_T111852"
M9H77_23426,"CRO_T004611, CRO_T111853"
M9H77_23427,"CRO_T004610, CRO_T111855"
M9H77_23428,CRO_T013719
M9H77_23430,"CRO_T030155, CRO_T111860"
M9H77_23431,"CRO_T030154, CRO_T111861"
M9H77_23432,"CRO_T020769, Cro001G.3861.2.p1, CRO_T111864"
M9H77_23433,"CRO_T018004, CRO_T111865"
M9H77_23435,CRO_T005769
M9H77_23438,"CRO_T017580, CRO_T111871"
M9H77_23439,"CRO_T022451, CRO_T111875"
M9H77_23441,"Cro001G.3865.1.p1, CrChr3.2854"
M9H77_23442,"CRO_T015260, CRO_T111882"
M9H77_23446,CRO_T010218
M9H77_23447,"CRO_T010220, CRO_T111884"
M9H77_23449,CRO_T010217
M9H77_23450,CRO_T018379
M9H77_23453,CRO_T018380
M9H77_23455,"CRO_T012826, CRO_T111894"
M9H77_23456,CRO_T012825
M9H77_23457,CRO_T014754
M9H77_23458,CRO_T010131
M9H77_23461,CRO_T003014
M9H77_23462,CrChr3.2865
M9H77_23464,CRO_T007624
M9H77_23465,"CRO_T012500, CRO_T111906"
M9H77_23466,CRO_T012501
M9H77_23467,CRO_T013328
M9H77_23468,CrChr3.2867
M9H77_23469,CRO_T111912
M9H77_23470,CRO_T029705
M9H77_23473,CRO_T029555
M9H77_23476,CRO_T029554
M9H77_23477,CRO_T002469
M9H77_23481,"CRO_T025039, CRO_T111923"
M9H77_23482,"CRO_T019116, CRO_T111925"
M9H77_23483,"Cro001G.3881.2.p1, CrChr3.2881"
M9H77_23484,"Cro001G.3880.1.p1, CrChr3.2882"
M9H77_23485,CRO_T015167
M9H77_23486,CRO_T015166
M9H77_23488,CRO_T015164
M9H77_23489,"CRO_T012169, Cro001G.3885.1.p1, CrChr3.2884"
M9H77_23490,"CRO_T027304, CRO_T111932"
M9H77_23491,"Cro001G.3886.1.p1, Cro001G.3886.2.p1, Cro001G.3886.3.p1, Cro001G.3886.4.p1, CrChr3.2886"
M9H77_23493,Cro001G.3887.1.p1
M9H77_23494,"Cro001G.3888.1.p1, CrChr3.2890"
M9H77_23496,CRO_T015782
M9H77_23497,Cro001G.3890.1.p1
M9H77_23498,"CRO_T000324, CRO_T111943"
M9H77_23499,CRO_T020768
M9H77_23500,"CRO_T005555, CRO_T111949"
M9H77_23501,CRO_T005556
M9H77_23502,"CRO_T005558, CRO_T111950"
M9H77_23504,CRO_T006867
M9H77_23505,"CRO_T006866, Cro001G.3895.1.p1, CrChr3.2898, CRO_T111954"
M9H77_23506,"Cro001G.3896.1.p1, Cro001G.3896.3.p1, Cro001G.3896.5.p1, Cro001G.3896.6.p1, Cro001G.3896.7.p1, CrChr3.2899"
M9H77_23507,CRO_T029761
M9H77_23508,CRO_T029762
M9H77_23509,"CRO_T008161, CRO_T111962"
M9H77_23510,CRO_T008160
M9H77_23511,CRO_T008159
M9H77_23512,CRO_T021608
M9H77_23514,"CRO_T027238, CRO_T111967"
M9H77_23515,CRO_T027236
M9H77_23516,"CRO_T027237, CRO_T111969"
M9H77_23517,CRO_T019022
M9H77_23518,CRO_T019021
M9H77_23519,CRO_T017394
M9H77_23520,"CRO_T017395, CRO_T111972"
M9H77_23522,"CRO_T016788, CRO_T111975"
M9H77_23523,"Cro001G.3889.1.p1, CrChr3.2909, CRO_T111980"
M9H77_23527,CRO_T014853
M9H77_23528,CRO_T014854
M9H77_23530,"CRO_T019247, CRO_T111986"
M9H77_23531,CRO_T020685
M9H77_23535,CRO_T015064
M9H77_23536,"CRO_T015066, CRO_T111993"
M9H77_23537,CRO_T015068
M9H77_23538,CRO_T015067
M9H77_23539,"CRO_T015063, CRO_T111995"
M9H77_23540,CRO_T015069
M9H77_23545,"CRO_T017130, CRO_T112005"
M9H77_23546,CRO_T020454
M9H77_23547,CRO_T007087
M9H77_23549,CRO_T002913
M9H77_23552,CRO_T001811
M9H77_23553,CRO_T001810
M9H77_23559,"CRO_T031776, CRO_T112023"
M9H77_23560,CRO_T017608
M9H77_23561,CRO_T017610
M9H77_23563,CRO_T028629
M9H77_23565,"CRO_T018546, CRO_T112030"
M9H77_23566,CRO_T018547
M9H77_23568,CRO_T008424
M9H77_23569,CRO_T008423
M9H77_23570,CRO_T020287
M9H77_23571,CRO_T004711
M9H77_23573,CRO_T004712
M9H77_23577,CRO_T008551
M9H77_23578,CRO_T028959
M9H77_23579,CRO_T028960
M9H77_23583,"CRO_T031418, CRO_T112044"
M9H77_23586,CRO_T028038
M9H77_23587,CRO_T028039
M9H77_23589,CRO_T002933
M9H77_23591,CRO_T017132
M9H77_23592,CRO_T029496
M9H77_23593,CRO_T005350
M9H77_23595,CRO_T011320
M9H77_23597,CRO_T005592
M9H77_23598,"CRO_T009017, CRO_T112063"
M9H77_23600,CRO_T014785
M9H77_23601,CRO_T006806
M9H77_23603,CRO_T014081
M9H77_23604,CRO_T014080
M9H77_23605,CRO_T003750
M9H77_23609,CRO_T029098
M9H77_23610,CRO_T029099
M9H77_23612,CRO_T022493
M9H77_23613,CRO_T022494
M9H77_23614,CRO_T022492
M9H77_23615,"CRO_T022491, CRO_T112079"
M9H77_23619,CRO_T019806
M9H77_23621,"CRO_T004133, CRO_T112093"
M9H77_23624,CRO_T000054
M9H77_23625,CRO_T031427
M9H77_23628,CRO_T031432
M9H77_23631,CRO_T029214
M9H77_23632,CRO_T002257
M9H77_23633,CRO_T016555
M9H77_23637,"CRO_T022695, CRO_T112109"
M9H77_23638,"CRO_T022696, CRO_T112110"
M9H77_23640,CRO_T010394
M9H77_23641,"CRO_T007867, CRO_T112114"
M9H77_23642,"CRO_T007868, CRO_T112115"
M9H77_23644,CRO_T015867
M9H77_23645,"CRO_T018469, CRO_T112118"
M9H77_23647,CRO_T018468
M9H77_23649,"CRO_T016866, CRO_T112121"
M9H77_23652,CRO_T011150
M9H77_23653,CRO_T004510
M9H77_23654,CRO_T004509
M9H77_23655,CRO_T011423
M9H77_23656,CRO_T011422
M9H77_23657,CRO_T002143
M9H77_23658,"CRO_T031462, CRO_T112135"
M9H77_23660,CRO_T004842
M9H77_23661,CRO_T026635
M9H77_23663,CRO_T028065
M9H77_23667,CRO_T011751
M9H77_23668,CRO_T008607
M9H77_23669,CRO_T008606
M9H77_23673,CRO_T010880
M9H77_23676,CRO_T010883
M9H77_23678,"CRO_T031523, CRO_T112152"
M9H77_23681,CRO_T031524
M9H77_23682,CRO_T031522
M9H77_23683,CRO_T025822
M9H77_23684,CRO_T024507
M9H77_23685,CRO_T024508
M9H77_23687,CRO_T019903
M9H77_23689,CRO_T001089
M9H77_23690,CRO_T032262
M9H77_23697,"CRO_T031614, CRO_T117583"
M9H77_23699,CRO_T019067
M9H77_23700,"CRO_T019066, CRO_T117581"
M9H77_23703,"CRO_T014147, CRO_T117576"
M9H77_23707,CRO_T024510
M9H77_23709,CRO_T000832
M9H77_23710,"CRO_T000830, CRO_T117570"
M9H77_23711,"CRO_T000831, CRO_T117569"
M9H77_23712,"CRO_T000833, CRO_T117568"
M9H77_23713,"Cro001G.2059.1.p1, CrChr3.2977"
M9H77_23714,Cro001G.2058.1.p1
M9H77_23715,"CRO_T005163, CRO_T117566"
M9H77_23717,CRO_T005164
M9H77_23718,CRO_T027921
M9H77_23721,CRO_T011237
M9H77_23722,CRO_T016588
M9H77_23724,Cro001G.150.1.p1
M9H77_23726,"CRO_T032945, CRO_T114424"
M9H77_23727,"CRO_T032947, CRO_T114426"
M9H77_23728,"CRO_T032948, CRO_T114428"
M9H77_23732,Cro001G.149.2.p1
M9H77_23733,"CRO_T019200, Cro001G.146.1.p1, CrChr3.2993, CRO_T114438"
M9H77_23735,"CRO_T000210, CRO_T114440"
M9H77_23737,CRO_T020103
M9H77_23738,CRO_T007921
M9H77_23739,CRO_T007922
M9H77_23740,"CRO_T007134, Cro001G.144.1.p1, CrChr3.2998"
M9H77_23742,"CRO_T016049, CRO_T114452"
M9H77_23743,CRO_T010417
M9H77_23744,"CRO_T032275, CRO_T114456"
M9H77_23745,CRO_T032277
M9H77_23746,CRO_T032276
M9H77_23747,CRO_T019222
M9H77_23748,CRO_T008869
M9H77_23750,CRO_T010041
M9H77_23751,CRO_T010043
M9H77_23752,CRO_T010042
M9H77_23755,CRO_T114468
M9H77_23758,CRO_T015810
M9H77_23759,CRO_T009090
M9H77_23760,CRO_T000689
M9H77_23761,CRO_T007412
M9H77_23763,"Cro001G.128.2.p1, Cro001G.128.4.p1, Cro001G.128.5.p1, Cro001G.128.6.p1"
M9H77_23764,"CRO_T007409, Cro001G.127.1.p1, CrChr3.3017, CRO_T104649"
M9H77_23769,CRO_T003403
M9H77_23770,"CRO_T003402, CRO_T104659"
M9H77_23772,"Cro001G.124.1.p1, CrChr3.3023"
M9H77_23775,CRO_T013655
M9H77_23776,"CRO_T013654, CRO_T104662"
M9H77_23777,CrChr3.3030
M9H77_23781,"CRO_T006376, CRO_T104665"
M9H77_23782,CRO_T021737
M9H77_23784,"CRO_T021740, CRO_T104668"
M9H77_23785,CRO_T021738
M9H77_23786,CRO_T020885
M9H77_23787,"CRO_T018904, Cro001G.122.1.p1, Cro001G.122.2.p1, Cro001G.122.3.p1, Cro001G.122.4.p1, Cro001G.122.5.p1, CrChr3.3035, CRO_T104672"
M9H77_23792,CRO_T012037
M9H77_23793,"CRO_T001652, CRO_T104677"
M9H77_23794,"CRO_T001653, CRO_T104678"
M9H77_23795,CRO_T001651
M9H77_23797,"CRO_T025702, CRO_T104682"
M9H77_23801,CRO_T025705
M9H77_23802,"Cro001G.121.1.p1, CrChr3.3043"
M9H77_23803,"CRO_T015436, CRO_T104688"
M9H77_23804,CRO_T015437
M9H77_23805,Cro001G.118.1.p1
M9H77_23806,CRO_T032997
M9H77_23808,"CRO_T029207, CRO_T104693"
M9H77_23809,CRO_T010786
M9H77_23810,CRO_T010784
M9H77_23811,CRO_T007892
M9H77_23812,"CRO_T018515, CRO_T104697"
M9H77_23813,"CRO_T018516, Cro001G.113.1.p1, CrChr3.3050, CRO_T104698"
M9H77_23814,"CRO_T018517, CRO_T104699"
M9H77_23816,CRO_T032140
M9H77_23818,CRO_T018162
M9H77_23819,CRO_T017613
M9H77_23820,CRO_T020930
M9H77_23821,CRO_T020931
M9H77_23822,CRO_T018333
M9H77_23823,CRO_T018332
M9H77_23826,"CRO_T009350, CRO_T104718"
M9H77_23828,CRO_T013683
M9H77_23829,CRO_T013682
M9H77_23830,"CRO_T013684, CRO_T104722"
M9H77_23832,CRO_T013678
M9H77_23834,CRO_T013679
M9H77_23835,"CRO_T013680, CRO_T104729"
M9H77_23837,CRO_T000640
M9H77_23838,CRO_T000641
M9H77_23842,CRO_T032385
M9H77_23843,"CRO_T032386, Cro001G.107.1.p1, Cro001G.107.4.p1, Cro001G.107.5.p1, Cro001G.107.9.p1, CRO_T134345"
M9H77_23844,CRO_T027016
M9H77_23846,CRO_T017774
M9H77_23847,"Cro001G.106.1.p1, CrChr3.3074"
M9H77_23848,CrChr3.3075
M9H77_23853,CRO_T028206
M9H77_23854,CRO_T028208
M9H77_23855,CRO_T003428
M9H77_23856,CRO_T003428
M9H77_23859,CRO_T022996
M9H77_23860,CRO_T022995
M9H77_23862,"CRO_T022994, CRO_T134362"
M9H77_23863,CRO_T022997
M9H77_23864,CRO_T022998
M9H77_23865,CRO_T022999
M9H77_23866,CRO_T134366
M9H77_23868,"CRO_T014869, CRO_T134370"
M9H77_23870,CRO_T022041
M9H77_23871,CRO_T022040
M9H77_23872,CRO_T022039
M9H77_23873,"CRO_T018047, CRO_T134373"
M9H77_23874,"CRO_T000008, CRO_T134376"
M9H77_23877,"CRO_T010252, CRO_T134378"
M9H77_23881,CRO_T017266
M9H77_23882,"CRO_T023697, CRO_T134385"
M9H77_23883,"CRO_T031176, CRO_T134390"
M9H77_23884,"CRO_T006869, CRO_T134391"
M9H77_23888,"CRO_T005778, CRO_T134399"
M9H77_23890,CRO_T027586
M9H77_23891,"CRO_T014658, CRO_T134403"
M9H77_23892,"CRO_T014659, CRO_T134404"
M9H77_23894,"CRO_T014660, CRO_T134405"
M9H77_23896,CRO_T014664
M9H77_23897,"CRO_T014663, CRO_T134408"
M9H77_23898,"CRO_T014665, CRO_T134411"
M9H77_23900,CRO_T014666
M9H77_23901,CRO_T014657
M9H77_23904,"Cro001G.94.1.p1, CrChr3.3104, CRO_T134420"
M9H77_23907,"CRO_T005902, Cro001G.92.1.p1, CrChr3.3106, CRO_T134422"
M9H77_23909,"Cro001G.90.1.p1, CrChr3.3108, CRO_T134423"
M9H77_23912,"Cro001G.87.1.p1, Cro001G.87.2.p1, Cro001G.87.5.p1"
M9H77_23913,CRO_T021231
M9H77_23914,CRO_T021232
M9H77_23916,"Cro001G.86.1.p1, CrChr3.3112"
M9H77_23917,"CRO_T021227, Cro001G.84.1.p1, CRO_T134432"
M9H77_23920,CRO_T013296
M9H77_23921,"Cro001G.82.1.p1, CrChr3.3116"
M9H77_23922,"CRO_T013298, CRO_T134436"
M9H77_23923,CRO_T001569
M9H77_23924,CRO_T001568
M9H77_23925,CRO_T021212
M9H77_23926,CrChr3.3120
M9H77_23927,CRO_T009671
M9H77_23930,CRO_T009672
M9H77_23934,"CRO_T003110, CrChr3.3125, CRO_T134455"
M9H77_23938,"CRO_T027991, CrChr3.3128, CRO_T134459"
M9H77_23940,"CRO_T028005, CRO_T134461"
M9H77_23941,"Cro001G.62.2.p1, CrChr3.3130"
M9H77_23945,"CRO_T028000, Cro001G.67.1.p1, CRO_T134468"
M9H77_23946,"CRO_T028001, CrChr3.3135, CRO_T134469"
M9H77_23949,"CRO_T028003, CrChr3.3139, CRO_T134473"
M9H77_23955,CRO_T019488
M9H77_23959,CRO_T027930
M9H77_23961,"CRO_T027931, CRO_T134475"
M9H77_23963,CRO_T014046
M9H77_23968,"CRO_T000447, Cro001G.57.1.p1, Cro001G.57.2.p1, CRO_T134477"
M9H77_23970,"Cro001G.56.1.p1, CrChr3.3143"
M9H77_23972,"CRO_T022682, Cro001G.54.1.p2, CRO_T134480"
M9H77_23973,"CRO_T013377, Cro001G.53.1.p1, CrChr3.3146, CRO_T134482"
M9H77_23975,"Cro001G.52.1.p1, Cro001G.52.2.p1"
M9H77_23982,"Cro001G.49.1.p1, Cro001G.49.2.p1, Cro001G.49.3.p1"
M9H77_23984,"Cro001G.48.1.p1, Cro001G.48.2.p1, CrChr3.3153, CRO_T134494"
M9H77_23986,"Cro001G.46.1.p1, CrChr3.3155, CRO_T134496"
M9H77_23988,"CRO_T032658, CRO_T134499"
M9H77_23989,"CRO_T032660, Cro001G.45.1.p2, Cro001G.45.2.p2, Cro001G.45.3.p2, Cro001G.45.5.p2, CrChr3.3157, CRO_T134500"
M9H77_23990,"Cro001G.45.1.p1, Cro001G.45.2.p1, Cro001G.45.3.p1, Cro001G.45.5.p1, CrChr3.3158"
M9H77_23992,Cro001G.42.1.p1
M9H77_23993,CRO_T016621
M9H77_23994,CRO_T013647
M9H77_23995,"Cro001G.41.1.p1, CRO_T134504"
M9H77_23997,CRO_T134507
M9H77_24002,"CRO_T005144, CRO_T134512"
M9H77_24003,"CRO_T010513, Cro001G.34.1.p1, CrChr3.3170, CRO_T134513"
M9H77_24004,"CRO_T010511, Cro001G.33.1.p1, CrChr3.3171, CRO_T134514"
M9H77_24006,"Cro001G.29.1.p1, CrChr3.3173, CRO_T134516"
M9H77_24007,"CRO_T010510, Cro001G.28.1.p1, CrChr3.3174, CRO_T134517"
M9H77_24009,"CRO_T019218, Cro001G.26.1.p1, CRO_T134520"
M9H77_24010,"CRO_T019217, Cro001G.23.1.p1, CRO_T134521"
M9H77_24013,CRO_T019219
M9H77_24015,Cro001G.31.7.p1
M9H77_24019,"CRO_T019344, CRO_T134528"
M9H77_24022,CRO_T134531
M9H77_24024,Cro001G.16.1.p1
M9H77_24026,CRO_T018143
M9H77_24027,CRO_T006716
M9H77_24029,"Cro001G.14.1.p1, Cro001G.14.2.p1, CrChr3.3190"
M9H77_24030,Cro001G.11.1.p1
M9H77_24033,"CRO_T021392, CRO_T134542"
M9H77_24039,CRO_T007676
M9H77_24040,CRO_T002381
M9H77_24044,CrChr3.3200
M9H77_24045,"CRO_T002379, Cro001G.3.1.p1, CRO_T134552"
M9H77_24046,CRO_T003467
M9H77_24047,CRO_T004560
M9H77_24049,CRO_T005413
M9H77_24053,"CRO_T029586, CRO_T113954"
M9H77_24055,CRO_T029584
M9H77_24056,"CRO_T029583, Cro001G.14880.1.p1, CrChr3.3208, CRO_T113952"
M9H77_24057,"CRO_T033412, Cro001G.14882.1.p1, CrChr3.3210, CRO_T113951"
M9H77_24058,"CRO_T033414, Cro001G.14885.1.p1, CrChr3.3212, CRO_T113950"
M9H77_24061,CRO_T016878
M9H77_24063,"CRO_T016881, Cro001G.14889.1.p1, CrChr3.3215, CRO_T113946"
M9H77_24064,"CRO_T016879, Cro001G.14891.1.p1, CrChr3.3216, CRO_T113945"
M9H77_24065,Cro001G.14892.1.p2
M9H77_24066,"CRO_T014514, Cro001G.14892.1.p1, Cro001G.14893.1.p1, CrChr3.3218, CRO_T113943"
M9H77_24067,CRO_T014515
M9H77_24069,"CRO_T014517, CRO_T113941"
M9H77_24070,CRO_T014518
M9H77_24072,"Cro001G.14895.1.p1, CrChr3.3220"
M9H77_24073,"Cro001G.14896.1.p1, CrChr3.3221"
M9H77_24074,"CRO_T029868, Cro001G.14897.1.p1, Cro001G.14897.2.p1, Cro001G.14897.3.p1, CrChr3.3223, CRO_T113936"
M9H77_24075,"Cro001G.14898.1.p1, CrChr3.3224"
M9H77_24077,"CRO_T005382, Cro001G.14900.1.p1, CrChr3.3226"
M9H77_24078,"CRO_T005381, Cro001G.14906.1.p1, CrChr3.3227, CRO_T113932"
M9H77_24080,CRO_T022544
M9H77_24090,"CRO_T003304, CrChr3.3235, CRO_T113921"
M9H77_24092,"CRO_T012383, Cro001G.14908.1.p1, CrChr3.3236, CRO_T113919"
M9H77_24094,"Cro001G.14909.1.p1, CrChr3.3237"
M9H77_24098,"CRO_T012025, Cro001G.14912.1.p1, CrChr3.3239, CRO_T113913"
M9H77_24099,"Cro001G.14914.1.p1, CRO_T113912"
M9H77_24102,CRO_T002950
M9H77_24105,"CRO_T024061, CrChr3.3247, CRO_T113905"
M9H77_24106,"Cro001G.14920.1.p1, Cro001G.14920.2.p1"
M9H77_24108,"Cro001G.14918.1.p1, CrChr3.3250"
M9H77_24109,"CRO_T024550, Cro001G.14919.1.p1, CrChr3.3251, CRO_T113901"
M9H77_24110,"CRO_T024551, Cro001G.14925.1.p1, CrChr3.3252, CRO_T113900"
M9H77_24111,CRO_T006230
M9H77_24112,"CRO_T024791, Cro001G.14926.1.p1, Cro001G.14927.1.p1, Cro001G.14927.4.p1, Cro001G.14927.5.p1, CRO_T113898"
M9H77_24117,CRO_T017943
M9H77_24118,"Cro001G.14928.1.p1, CrChr3.3258"
M9H77_24119,"CRO_T005388, Cro001G.14929.1.p1, CrChr3.3260, CRO_T116600"
M9H77_24120,"CRO_T005387, Cro001G.14929.1.p3, CrChr3.3261, CRO_T116599"
M9H77_24121,CRO_T005386
M9H77_24122,"CrChr3.3263, CRO_T116597"
M9H77_24123,"CRO_T003031, Cro001G.14931.1.p1, Cro001G.14931.2.p1"
M9H77_24125,"Cro001G.14933.1.p1, CrChr3.3266"
M9H77_24132,"Cro001G.14946.1.p1, CrChr3.3273, CRO_T116587"
M9H77_24133,"CRO_T011351, Cro001G.14947.1.p1, CrChr3.3274"
M9H77_24135,"CRO_T002911, Cro001G.14945.1.p1, CrChr3.3276, CRO_T116584"
M9H77_24137,"CRO_T025273, Cro001G.14935.1.p1, CrChr3.3277, CRO_T116583"
M9H77_24138,CrChr3.3278
M9H77_24140,"CRO_T021842, Cro001G.14936.1.p1, CrChr3.3280, CRO_T116581"
M9H77_24142,"CRO_T006721, Cro001G.14937.1.p1, CrChr3.3281, CRO_T116578"
M9H77_24144,CRO_T014651
M9H77_24149,CRO_T019025
M9H77_24150,"CRO_T019024, Cro001G.14942.1.p1, CRO_T116572"
M9H77_24159,Cro001G.20596.3.p1
M9H77_24160,Cro001G.20597.1.p1
M9H77_24164,Cro001G.20608.2.p1
M9H77_24166,"CRO_T003458, CRO_T138981"
M9H77_24168,"Cro001G.20620.1.p1, CrChr3.3295"
M9H77_24169,"Cro001G.20621.1.p1, CrChr3.3294, CRO_T138984"
M9H77_24170,"CRO_T006255, Cro001G.20617.1.p1, Cro001G.20617.2.p1, Cro001G.20617.3.p1, Cro001G.20617.4.p1, Cro001G.20617.5.p1, Cro001G.20617.6.p1, CrChr3.3293, CRO_T138985"
M9H77_24172,"CrChr3.3291, CrScaffold5.6"
M9H77_24173,CrScaffold5.1
M9H77_24174,"CRO_T015477, Cro001G.20613.1.p1, CRO_T138992"
M9H77_24176,CrChr3.3316
M9H77_24177,"CRO_T006322, CRO_T138995"
M9H77_24178,CRO_T138997
M9H77_24182,"CRO_T006980, CrChr3.3319"
M9H77_24183,CrChr3.3320
M9H77_24184,"CRO_T030325, CRO_T139000"
M9H77_24186,CrChr3.3323
M9H77_24187,"Cro001G.20627.2.p1, CrChr3.3324"
M9H77_24188,"Cro001G.20630.1.p1, Cro001G.20630.2.p1, CrChr3.3326, CRO_T139005"
M9H77_24190,CrChr3.3328
M9H77_24191,CrChr3.3330
M9H77_24195,"Cro001G.20632.1.p1, CrChr3.3332"
M9H77_24198,CrChr3.3334
M9H77_24199,CrChr3.3335
M9H77_24200,CrChr3.3336
M9H77_24201,CrChr3.3337
M9H77_24203,CrChr3.3338
M9H77_24205,CrChr3.3340
M9H77_24207,"Cro001G.20645.1.p1, CrChr3.3343, CRO_T139021"
M9H77_24208,"Cro001G.20647.1.p1, CrChr3.3345"
M9H77_24209,CRO_T032382
M9H77_24211,CrChr3.3348
M9H77_24213,CrChr3.3350
M9H77_24214,CrChr3.3351
M9H77_24215,"Cro001G.20650.1.p1, CrChr3.3352, CRO_T139031"
M9H77_24220,"Cro001G.20657.1.p1, CrChr3.3360, CRO_T139040"
M9H77_24225,"CRO_T023369, CRO_T139046"
M9H77_24226,CRO_T023372
M9H77_24227,"CRO_T023371, CRO_T139049"
M9H77_24229,"CRO_T023375, CRO_T139050"
M9H77_24236,"CRO_T000722, CRO_T139052"
M9H77_24237,"CRO_T013992, Cro001G.20664.1.p1, CrChr3.3366, CRO_T139054"
M9H77_24239,CrChr3.3368
M9H77_24241,"CRO_T028873, Cro001G.20667.1.p1, CrChr3.3369, CRO_T139057"
M9H77_24242,CRO_T028872
M9H77_24244,"CrChr3.3371, CRO_T139058"
M9H77_24247,"CRO_T003993, CRO_T139060"
M9H77_24249,"CRO_T029340, Cro001G.20673.1.p1, CrChr3.3375, CRO_T139063"
M9H77_24250,"Cro001G.20674.1.p1, CrChr3.3376"
M9H77_24251,"CRO_T016762, CrChr3.3377, CRO_T139066"
M9H77_24252,Cro001G.20676.1.p1
M9H77_24253,"CRO_T016761, Cro001G.20672.1.p1, CrChr3.3379, CRO_T139068"
M9H77_24254,CRO_T024885
M9H77_24255,"CRO_T024887, CRO_T139071"
M9H77_24256,CRO_T024886
M9H77_24257,"CRO_T031171, CRO_T139073"
M9H77_24258,CrChr3.3380
M9H77_24259,"CRO_T008188, Cro001G.20682.1.p1, CrChr3.3381, CRO_T139075"
M9H77_24261,CrChr3.3383
M9H77_24262,"CRO_T025242, Cro001G.20684.1.p1, CrChr3.3384, CRO_T139078"
M9H77_24263,"CRO_T025241, Cro001G.20680.2.p1, CrChr3.3385"
M9H77_24264,"Cro001G.20685.1.p1, Cro001G.20685.2.p1, CrChr3.3386"
M9H77_24265,Cro001G.20677.1.p1
M9H77_24267,CRO_T018924
M9H77_24268,CRO_T018925
M9H77_24269,CRO_T018923
M9H77_24270,CRO_T018922
M9H77_24273,"CRO_T030394, Cro001G.20689.1.p1, CRO_T139087"
M9H77_24274,CrChr3.3393
M9H77_24276,CrChr3.3395
M9H77_24278,CrChr3.3397
M9H77_24279,CrChr3.3398
M9H77_24282,CrChr3.3401
M9H77_24284,CrChr3.3404
M9H77_24285,"Cro001G.20709.1.p1, CrChr3.3405"
M9H77_24286,"CRO_T016016, Cro001G.20710.1.p1, CrChr3.3406, CRO_T139101"
M9H77_24288,CrChr3.3408
M9H77_24293,CrChr3.3414
M9H77_24298,CRO_T010494
M9H77_24299,CrChr3.3419
M9H77_24301,"Cro001G.20841.1.p1, Cro001G.20841.3.p1, CrChr3.3421"
M9H77_24302,CrChr3.3422
M9H77_24303,"CRO_T027897, Cro001G.20823.1.p1, CrChr3.3423, CRO_T139121"
M9H77_24308,"CRO_T004512, CRO_T139123"
M9H77_24309,CRO_T004511
M9H77_24311,CRO_T002707
M9H77_24312,CRO_T002708
M9H77_24314,CrChr3.3427
M9H77_24316,CrChr3.3430
M9H77_24317,CrChr3.3431
M9H77_24318,"Cro001G.20822.1.p1, CrChr3.3432, CRO_T139134"
M9H77_24319,Cro001G.20828.1.p1
M9H77_24320,"CRO_T008803, CRO_T139136"
M9H77_24321,CRO_T008804
M9H77_24324,"CRO_T028068, CRO_T139141"
M9H77_24325,"Cro001G.20834.1.p1, CrChr3.3438, CRO_T111352"
M9H77_24326,"CRO_T011181, CRO_T111351"
M9H77_24327,CRO_T011180
M9H77_24328,"CRO_T011179, CRO_T111348"
M9H77_24330,"Cro001G.20814.1.p1, CRO_T111346"
M9H77_24331,"CRO_T020002, CRO_T111345"
M9H77_24332,CRO_T020284
M9H77_24333,CRO_T002834
M9H77_24335,Cro001G.20807.2.p1
M9H77_24336,Cro001G.20805.1.p1
M9H77_24347,CRO_T011778
M9H77_24350,"CRO_T001298, CRO_T111324"
M9H77_24352,"Cro001G.20815.2.p1, Cro001G.20815.6.p1, Cro001G.20815.7.p1, Cro001G.20815.9.p1, CrChr3.3463"
M9H77_24361,"CRO_T024924, Cro001G.21057.1.p1, CrChr3.3467, CRO_T111316"
M9H77_24362,"CRO_T024926, CRO_T111315"
M9H77_24363,CRO_T024923
M9H77_24364,"CRO_T024922, CrChr3.3468, CRO_T111314"
M9H77_24365,"CRO_T024921, Cro001G.21056.1.p1, Cro001G.21056.2.p1, CrChr3.3469, CRO_T111312, CRO_T111313"
M9H77_24366,"CRO_T024925, CRO_T111311"
M9H77_24367,"CRO_T024920, CrChr3.3471, CRO_T111310"
M9H77_24368,CRO_T024927
M9H77_24369,"CRO_T019845, CRO_T111308"
M9H77_24370,"CRO_T004031, Cro001G.21054.1.p1, Cro001G.21054.2.p1, CRO_T111307"
M9H77_24371,CRO_T004032
M9H77_24372,"CRO_T006177, Cro001G.21046.1.p1, CrChr3.3479, CRO_T111303"
M9H77_24373,CrChr3.3480
M9H77_24374,"Cro001G.21047.1.p3, CrChr3.3481"
M9H77_24375,"CRO_T019986, CrChr3.3482, CRO_T111300"
M9H77_24376,"CRO_T019987, Cro001G.21049.1.p1, Cro001G.21049.10.p1, Cro001G.21049.2.p1, Cro001G.21049.3.p1, Cro001G.21049.4.p1, Cro001G.21049.5.p1, Cro001G.21049.6.p1, Cro001G.21049.7.p1, Cro001G.21049.8.p1, Cro001G.21049.9.p1, CrChr3.3483, CRO_T111299"
M9H77_24377,"Cro001G.21045.1.p1, CrChr3.3484"
M9H77_24378,CrChr3.3485
M9H77_24379,"CRO_T004722, Cro001G.21039.1.p1, CrChr3.3486, CRO_T111296"
M9H77_24380,"CrChr3.3487, CRO_T111295"
M9H77_24381,"CRO_T004723, CRO_T111294"
M9H77_24382,"CRO_T004724, CRO_T111293"
M9H77_24383,Cro001G.21037.1.p1
M9H77_24384,"CRO_T032163, CRO_T111291"
M9H77_24386,"CRO_T032160, CrChr3.3494, CRO_T111289"
M9H77_24387,"Cro001G.21043.1.p1, CrChr3.3495, CRO_T111288"
M9H77_24389,Cro001G.21042.1.p1
M9H77_24390,CrChr3.3498
M9H77_24391,Cro001G.21036.2.p1
M9H77_24393,"Cro001G.21035.1.p1, Cro001G.21035.2.p1, CrChr3.3500"
M9H77_24394,"CRO_T018535, Cro001G.21034.1.p1"
M9H77_24395,CRO_T019039
M9H77_24396,"Cro001G.21032.1.p1, CrChr3.3504"
M9H77_24397,"Cro001G.21033.1.p1, CrChr3.3505"
M9H77_24398,"Cro001G.21031.2.p3, Cro001G.21031.3.p2, CrChr3.3506"
M9H77_24399,"CRO_T012318, Cro001G.21031.2.p1, CrChr3.3507, CRO_T111278"
M9H77_24400,"CRO_T012317, CRO_T111277"
M9H77_24401,CRO_T025434
M9H77_24403,"Cro001G.21021.1.p1, CrChr3.3511"
M9H77_24404,CRO_T033267
M9H77_24407,"Cro001G.21018.1.p1, CrChr3.3512"
M9H77_24408,"CRO_T024056, Cro001G.21017.1.p1, CrChr3.3513, CRO_T111267"
M9H77_24409,"CRO_T024059, CRO_T111266"
M9H77_24410,CRO_T024060
M9H77_24411,"CRO_T024057, CrChr3.3516, CRO_T111264"
M9H77_24413,CRO_T007704
M9H77_24414,"CRO_T005527, Cro001G.21026.1.p1"
M9H77_24415,"CRO_T005528, CrChr3.3519, CRO_T111258"
M9H77_24416,CRO_T005526
M9H77_24417,"Cro001G.21029.1.p1, CRO_T111255"
M9H77_24419,"Cro001G.21027.1.p1, CrChr3.3523"
M9H77_24420,CRO_T023437
M9H77_24421,CRO_T023438
M9H77_24422,CRO_T023436
M9H77_24423,CrChr3.3526
M9H77_24424,CRO_T001646
M9H77_24427,CRO_T032341
M9H77_24428,CRO_T032340
M9H77_24429,"CRO_T032339, CRO_T135845"
M9H77_24430,CRO_T017251
M9H77_24431,"CRO_T022148, Cro001G.20983.1.p1, CrChr3.3533"
M9H77_24432,"CRO_T011839, CrChr3.3534, CRO_T123009"
M9H77_24433,"CRO_T015390, CrChr3.3535, CRO_T123008"
M9H77_24436,CRO_T025883
M9H77_24437,"CRO_T009662, CrChr3.3537, CRO_T123004"
M9H77_24438,"CRO_T009661, CRO_T123003"
M9H77_24439,"CRO_T009660, Cro001G.21005.1.p1, CrChr3.3539, CRO_T123002"
M9H77_24440,"CRO_T025798, CRO_T123001"
M9H77_24441,Cro001G.21004.1.p1
M9H77_24442,CRO_T025797
M9H77_24444,CRO_T014655
M9H77_24448,CRO_T002806
M9H77_24452,CRO_T027012
M9H77_24453,"CRO_T009120, Cro001G.21001.1.p1, CrChr3.3550, CRO_T121662"
M9H77_24454,Cro001G.21000.2.p1
M9H77_24455,"CRO_T009122, CRO_T121660"
M9H77_24456,"Cro001G.20998.1.p1, Cro001G.20998.2.p1, CRO_T121659"
M9H77_24457,"CRO_T018155, Cro001G.20997.1.p1, CrChr3.3553, CRO_T121658"
M9H77_24458,"CRO_T018157, Cro001G.20997.1.p3, CrChr3.3554, CRO_T121657"
M9H77_24459,"CRO_T018156, Cro001G.20994.1.p1, Cro001G.20994.4.p1, CrChr3.3555, CRO_T121656"
M9H77_24460,"CRO_T018158, CrChr3.3556, CRO_T121655"
M9H77_24461,CRO_T018160
M9H77_24462,"CRO_T026619, Cro001G.20995.1.p1, Cro001G.20995.2.p1, CrChr3.3558, CRO_T121652"
M9H77_24463,"CRO_T026620, CRO_T121651"
M9H77_24464,"CRO_T026621, CrChr3.3560, CRO_T121650"
M9H77_24466,Cro001G.20993.1.p1
M9H77_24469,"CRO_T009984, CrChr3.3566, CRO_T119986"
M9H77_24470,"CRO_T009983, Cro001G.20982.1.p1, CRO_T119985"
M9H77_24471,"CRO_T009982, Cro001G.20981.1.p1, CRO_T119983"
M9H77_24472,"Cro001G.20980.1.p1, CrChr3.3569, CRO_T119980"
M9H77_24473,"CRO_T032579, CrChr3.3570, CRO_T119978"
M9H77_24474,"CRO_T032580, CrChr3.3571, CRO_T119977"
M9H77_24475,"CRO_T000966, Cro001G.20979.1.p1, CrChr3.3572, CRO_T119976"
M9H77_24476,"CRO_T000967, CrChr3.3573, CRO_T119975"
M9H77_24477,"CRO_T000965, CrChr3.3574, CRO_T119974"
M9H77_24478,"Cro001G.20985.2.p1, Cro001G.20985.4.p2, CrChr3.3575, CRO_T119973"
M9H77_24479,"CRO_T028111, Cro001G.20992.1.p1"
M9H77_24481,"CRO_T028116, Cro001G.20985.3.p1, CrChr3.3578, CRO_T119970"
M9H77_24482,Cro001G.20990.3.p1
M9H77_24483,"CRO_T028118, Cro001G.20989.1.p2, CRO_T119966"
M9H77_24484,"Cro001G.20988.1.p1, CrChr3.3582"
M9H77_24485,"CRO_T028119, CRO_T119964"
M9H77_24487,Cro001G.20986.1.p2
M9H77_24488,"CRO_T028114, Cro001G.20984.1.p1, Cro001G.20984.2.p1, CrChr3.3586, CRO_T119961"
M9H77_24490,"CRO_T006635, CRO_T119958"
M9H77_24495,"Cro001G.20975.1.p1, Cro001G.20975.2.p1, CrChr3.3599, CRO_T123757"
M9H77_24496,Cro001G.20970.1.p1
M9H77_24498,"Cro001G.20968.1.p1, CrChr3.3602"
M9H77_24499,"CRO_T020906, Cro001G.20967.1.p1, CrChr3.3603"
M9H77_24500,"Cro001G.20965.1.p1, CrChr3.3604"
M9H77_24501,Cro001G.20966.1.p1
M9H77_24502,CRO_T033309
M9H77_24503,"CRO_T033307, CrChr3.3608"
M9H77_24504,"CRO_T004041, Cro001G.21016.1.p1, CRO_T123766"
M9H77_24505,"CRO_T004045, Cro001G.21008.1.p1, Cro001G.21008.2.p1, CrChr3.3610, CRO_T123767"
M9H77_24506,"CRO_T004042, Cro001G.21015.1.p1, CrChr3.3611, CRO_T123768"
M9H77_24507,"CRO_T004043, Cro001G.21014.1.p1"
M9H77_24513,CRO_T011809
M9H77_24514,CRO_T027606
M9H77_24516,CRO_T011809
M9H77_24517,CRO_T027606
M9H77_24521,"Cro001G.21010.1.p1, CrChr3.3625"
M9H77_24523,"CRO_T009393, CrChr3.3628, CRO_T111459"
M9H77_24524,"CRO_T009392, CrChr3.3629, CRO_T111458"
M9H77_24525,"Cro001G.21007.1.p1, CrChr3.3630, CRO_T111457"
M9H77_24527,Cro001G.20961.1.p1
M9H77_24529,CrChr3.3633
M9H77_24531,"CRO_T029535, Cro001G.20958.1.p1, CrChr3.3634, CRO_T111450"
M9H77_24532,"Cro001G.20963.1.p1, Cro001G.20963.2.p1, Cro001G.20963.4.p1, CrChr3.3636"
M9H77_24533,Cro001G.20957.1.p1
M9H77_24534,CrChr3.3638
M9H77_24535,"Cro001G.20952.1.p1, CrChr3.3639"
M9H77_24536,"CRO_T015392, CrChr3.3640, CRO_T111443"
M9H77_24537,"CRO_T015393, CrChr3.3641, CRO_T111442"
M9H77_24539,"Cro001G.20954.1.p1, CrChr3.3643, CRO_T111440"
M9H77_24540,"CRO_T024548, Cro001G.20949.1.p1, CrChr3.3645, CRO_T111439"
M9H77_24541,"CRO_T002926, Cro001G.20950.1.p1, CRO_T111437"
M9H77_24543,"CRO_T011820, Cro001G.20948.1.p1, CRO_T111435"
M9H77_24544,"CRO_T011818, Cro001G.20946.1.p1, CRO_T111434"
M9H77_24545,Cro001G.20945.1.p1
M9H77_24547,"CRO_T008731, Cro001G.20942.1.p1, CrChr3.3653, CRO_T111430"
M9H77_24548,Cro001G.20941.1.p1
M9H77_24549,"Cro001G.20937.1.p1, CrChr3.3655"
M9H77_24550,"Cro001G.20938.1.p1, Cro001G.20938.2.p1, Cro001G.20938.3.p1, Cro001G.20938.4.p1, CrChr3.3656"
M9H77_24552,"CRO_T011252, CrChr3.3658, CRO_T111424"
M9H77_24553,"CRO_T011250, Cro001G.20936.1.p1, CrChr3.3659, CRO_T111423"
M9H77_24555,"Cro001G.20932.3.p1, Cro001G.20932.4.p1"
M9H77_24558,CRO_T018863
M9H77_24564,"CRO_T030280, Cro001G.20915.1.p1, CRO_T111403"
M9H77_24565,CrChr3.3676
M9H77_24566,"Cro001G.20918.1.p1, CrChr3.3677"
M9H77_24570,"CRO_T027369, Cro001G.20910.1.p1, CRO_T111396"
M9H77_24571,"Cro001G.20911.1.p1, Cro001G.20911.4.p1, CrChr3.3683, CRO_T111395"
M9H77_24577,"CRO_T026116, Cro001G.20905.1.p1, CRO_T111389"
M9H77_24578,CrChr3.3691
M9H77_24579,"CRO_T026111, CRO_T111387"
M9H77_24580,"CRO_T026115, Cro001G.20901.1.p1, CrChr3.3693, CRO_T111386"
M9H77_24581,Cro001G.20902.1.p1
M9H77_24582,"CRO_T026114, Cro001G.20881.1.p1, CrChr3.3695, CRO_T111384"
M9H77_24583,CRO_T026109
M9H77_24587,"Cro001G.20876.1.p1, CrChr3.3697"
M9H77_24588,"CRO_T031852, CrChr3.3698"
M9H77_24590,CRO_T031857
M9H77_24591,"Cro001G.20874.1.p2, CrChr3.3701"
M9H77_24592,"CRO_T031854, Cro001G.20871.1.p1, CRO_T111374"
M9H77_24593,"CRO_T031858, Cro001G.20879.1.p2, CrChr3.3703, CRO_T111372"
M9H77_24595,CrChr3.3705
M9H77_24596,"Cro001G.20870.1.p1, CrChr3.3706"
M9H77_24598,CRO_T011496
M9H77_24599,"Cro001G.20867.1.p1, CrChr3.3708, CRO_T111369"
M9H77_24600,Cro001G.20869.1.p1
M9H77_24601,"CRO_T028914, CRO_T111367"
M9H77_24602,"Cro001G.20866.1.p1, Cro001G.20866.2.p1, Cro001G.20866.3.p1, Cro001G.20866.4.p1"
M9H77_24603,Cro001G.20865.1.p1
M9H77_24604,"Cro001G.20864.1.p1, CrChr3.3713"
M9H77_24607,"CRO_T017915, CrChr3.3719, CRO_T111360"
M9H77_24608,"CRO_T017916, Cro001G.20900.1.p1, CrChr3.3720, CRO_T111359"
M9H77_24610,"CRO_T013530, Cro001G.20899.1.p1, CrChr3.3722, CRO_T111357"
M9H77_24611,"CRO_T013529, Cro001G.20898.1.p1, CrChr3.3723, CRO_T111356"
M9H77_24612,"CRO_T006810, CRO_T111355"
M9H77_24613,CRO_T006809
M9H77_24614,"CRO_T030101, CRO_T126667"
M9H77_24615,CrChr3.3726
M9H77_24616,"CRO_T018520, CrChr3.3727, CRO_T126669"
M9H77_24617,CrChr3.3729
M9H77_24618,"Cro001G.20895.1.p1, CrChr3.3730"
M9H77_24619,CRO_T014453
M9H77_24620,"CRO_T023928, CrChr3.3732, CRO_T123770"
M9H77_24623,"CRO_T023925, CRO_T123772"
M9H77_24624,"CRO_T023924, CrChr3.3736, CRO_T123773"
M9H77_24625,"CRO_T000757, CrChr3.3737, CRO_T123774"
M9H77_24626,"Cro001G.20892.1.p1, CrChr3.3738, CRO_T123775"
M9H77_24627,"Cro001G.20892.1.p2, CrChr3.3739"
M9H77_24628,"CRO_T020080, Cro001G.20891.1.p1, CrChr3.3740"
M9H77_24629,CRO_T023384
M9H77_24630,Cro001G.20889.1.p1
M9H77_24632,"CRO_T003414, CRO_T124974"
M9H77_24633,"Cro001G.20886.1.p1, CrChr3.3749"
M9H77_24634,CrChr3.3750
M9H77_24635,Cro001G.20885.1.p1
M9H77_24636,"Cro001G.9973.1.p1, Cro001G.9973.2.p1, Cro001G.9973.3.p1, Cro001G.9973.4.p1, Cro001G.9973.5.p1, Cro001G.9973.6.p1, Cro001G.9973.7.p1"
M9H77_24638,CRO_T009690
M9H77_24640,"CRO_T009692, Cro001G.20883.1.p1, CRO_T124968"
M9H77_24641,CrChr3.3757
M9H77_24642,CrChr3.3758
M9H77_24643,"CRO_T009688, Cro001G.20860.1.p1, CrChr3.3759, CRO_T124965"
M9H77_24644,"CRO_T002961, Cro001G.9950.1.p1, CrChr3.3760, CRO_T125257"
M9H77_24645,"CRO_T002963, CrChr3.3761, CRO_T125256"
M9H77_24655,"CRO_T023829, Cro001G.9961.1.p1, Cro001G.9961.2.p2, CrChr3.3770, CRO_T125245"
M9H77_24656,"CRO_T023823, Cro001G.9960.1.p1, CRO_T125244"
M9H77_24657,CRO_T023828
M9H77_24658,CRO_T023827
M9H77_24659,"Cro001G.9958.1.p1, Cro001G.9958.2.p1, Cro001G.9958.3.p1, Cro001G.9958.4.p1, Cro001G.9958.5.p1, Cro001G.9958.6.p1, Cro001G.9958.8.p1"
M9H77_24660,"CRO_T015311, CRO_T125242"
M9H77_24661,"CRO_T032295, CRO_T015312, Cro001G.4557.1.p1, Cro001G.9955.1.p1, CrChr2.2901, CRO_T125241, CRO_T130822"
M9H77_24662,Cro001G.9956.1.p1
M9H77_24663,"CRO_T018229, CRO_T123786"
M9H77_24664,"Cro001G.9979.10.p2, Cro001G.9979.11.p1, Cro001G.9979.4.p1, Cro001G.9980.1.p1, CRO_T123787"
M9H77_24665,CRO_T018227
M9H77_24666,Cro001G.9979.3.p1
M9H77_24667,CRO_T018224
M9H77_24668,"CRO_T018223, CRO_T123792"
M9H77_24669,Cro001G.9941.1.p1
M9H77_24670,"CRO_T018221, Cro001G.9944.1.p1, Cro001G.9944.2.p1"
M9H77_24672,"CRO_T004964, Cro001G.9940.1.p1, Cro001G.9940.2.p1, CrChr3.3786, CRO_T123796"
M9H77_24673,"CRO_T004965, CRO_T123797"
M9H77_24674,Cro001G.9939.1.p1
M9H77_24675,CRO_T123799
M9H77_15206,Cro001G.16953.1.p1
M9H77_15207,Cro001G.16958.9.p2
M9H77_15208,"Cro001G.16958.10.p2, Cro001G.16958.6.p3, Cro001G.16958.7.p2, Cro001G.16958.9.p1"
M9H77_15209,CRO_T032463
M9H77_15213,CRO_T029873
M9H77_15214,CRO_T009033
M9H77_15215,"CRO_T009032, CRO_T124614"
M9H77_15216,"CRO_T009031, Cro001G.16970.2.p1"
M9H77_15218,"Cro001G.16968.1.p1, Cro001G.16968.2.p1, CRO_T124611"
M9H77_15219,"CRO_T009030, CRO_T124610"
M9H77_15220,"Cro001G.16966.1.p1, Cro001G.16966.13.p1, Cro001G.16966.19.p1, Cro001G.16966.2.p1, Cro001G.16966.21.p1, Cro001G.16966.22.p1, Cro001G.16966.25.p1, Cro001G.16966.4.p1, Cro001G.16966.8.p1"
M9H77_15221,"Cro001G.16966.1.p2, Cro001G.16966.29.p1"
M9H77_15222,"Cro001G.16966.1.p3, Cro001G.16966.10.p2, Cro001G.16966.17.p1, Cro001G.16966.18.p2, Cro001G.16966.19.p2, Cro001G.16966.2.p2, Cro001G.16966.3.p2, Cro001G.16966.5.p2, Cro001G.16966.6.p2, Cro001G.16966.7.p1"
M9H77_15224,Cro001G.16941.1.p1
M9H77_15226,CrChr2.3747
M9H77_15227,"CRO_T010315, Cro001G.16949.1.p1, CRO_T123412"
M9H77_15228,CRO_T023554
M9H77_15229,CRO_T023557
M9H77_15230,"CRO_T023558, Cro001G.16946.1.p2, CRO_T123417"
M9H77_15231,"CRO_T023559, Cro001G.16944.1.p1"
M9H77_15232,"CRO_T023555, Cro001G.16944.1.p2, CRO_T123416"
M9H77_15234,Cro001G.16942.1.p2
M9H77_15235,Cro001G.16940.5.p1
M9H77_15237,"Cro001G.16939.1.p1, Cro001G.16939.4.p1"
M9H77_15258,"Cro001G.8733.1.p1, Cro001G.8733.2.p1, Cro001G.8733.3.p1"
M9H77_15263,Cro001G.5283.1.p1
M9H77_15272,CRO_T112492
M9H77_15279,"Cro001G.1331.1.p1, CrChr2.3692"
M9H77_15288,"Cro001G.3905.1.p1, CrChr2.3678"
M9H77_15298,CRO_T031719
M9H77_15305,"CRO_T029414, Cro001G.3930.1.p1"
M9H77_15306,"CRO_T029415, CRO_T138000"
M9H77_15308,"CRO_T029416, CrChr2.3656, CRO_T137999"
M9H77_15309,CrChr2.3655
M9H77_15310,"CRO_T014525, CrChr2.3654"
M9H77_15312,"Cro001G.3932.1.p1, Cro001G.3932.2.p1, Cro001G.3932.3.p1, CrChr2.3652"
M9H77_15314,"Cro001G.3934.1.p1, CrChr2.3650"
M9H77_15315,"Cro001G.3936.1.p1, CrChr2.3649"
M9H77_15316,Cro001G.3937.1.p1
M9H77_15317,"Cro001G.3938.1.p1, Cro001G.3938.2.p1, CrChr2.3646"
M9H77_15318,"CRO_T014521, Cro001G.3947.1.p1, CrChr2.3645, CRO_T137990"
M9H77_15321,"CRO_T014526, CRO_T137986"
M9H77_15325,CrChr2.3638
M9H77_15326,CRO_T029592
M9H77_15328,CRO_T029595
M9H77_15330,Cro001G.3948.1.p1
M9H77_15331,"CRO_T004407, Cro001G.3939.1.p1"
M9H77_15332,"CRO_T004406, CrChr2.3631, CRO_T137975"
M9H77_15333,Cro001G.3941.2.p1
M9H77_15335,"CRO_T004404, CRO_T137971"
M9H77_15336,"CRO_T004398, Cro001G.3944.1.p2, CrChr2.3627, CRO_T137970"
M9H77_15337,"CRO_T004403, Cro001G.3945.1.p1, CrChr2.3626, CRO_T137969"
M9H77_15338,"CRO_T004397, CRO_T137968"
M9H77_15340,"CRO_T004396, CrChr2.3623, CRO_T137966"
M9H77_15341,"CRO_T004401, Cro001G.3979.1.p1, CrChr2.3622, CRO_T137965"
M9H77_15342,CRO_T004400
M9H77_15344,CrChr2.3619
M9H77_15346,"Cro001G.3976.1.p1, CrChr2.3615, CRO_T137959"
M9H77_15347,"Cro001G.3957.1.p1, CrChr2.3614"
M9H77_15348,CRO_T033814
M9H77_15349,"CRO_T026304, Cro001G.3967.14.p1, Cro001G.3967.16.p1, Cro001G.3967.18.p1, Cro001G.3967.20.p1, Cro001G.3967.24.p1, CrChr2.3612"
M9H77_15354,CrChr2.3603
M9H77_15355,"CRO_T030710, Cro001G.3964.1.p1, CRO_T137951"
M9H77_15356,"CRO_T030709, CRO_T137950"
M9H77_15357,"CRO_T030707, Cro001G.3966.1.p1, CrChr2.3601, CRO_T137949"
M9H77_15359,"Cro001G.3969.1.p1, CrChr2.3599"
M9H77_15360,"Cro001G.3970.1.p1, CrChr2.3598, CRO_T137943"
M9H77_15362,"Cro001G.3974.1.p1, Cro001G.3974.2.p1, CrChr2.3596, CRO_T137941"
M9H77_15363,CRO_T000534
M9H77_15364,"CRO_T000532, Cro001G.3972.1.p1, CrChr2.3593"
M9H77_15365,CRO_T000536
M9H77_15366,"Cro001G.3987.1.p1, CRO_T137937"
M9H77_15367,"CRO_T022199, Cro001G.3989.1.p1, CRO_T137936"
M9H77_15368,"Cro001G.3990.1.p1, CrChr2.3590"
M9H77_15370,"Cro001G.3991.1.p1, CRO_T137932"
M9H77_15371,"CRO_T001039, Cro001G.3988.1.p1, Cro001G.3988.2.p1, Cro001G.3992.1.p1, Cro001G.3992.2.p1, CRO_T137931"
M9H77_15372,"Cro001G.3993.1.p1, CrChr2.3586"
M9H77_15373,"Cro001G.3994.1.p1, CrChr2.3585"
M9H77_15374,CrChr2.3584
M9H77_15375,Cro001G.3995.1.p1
M9H77_15376,"CRO_T001038, Cro001G.3996.1.p1"
M9H77_15378,Cro001G.3985.1.p1
M9H77_15379,"CRO_T001036, Cro001G.3984.1.p1, CRO_T137923"
M9H77_15380,Cro001G.3986.1.p1
M9H77_15381,"CRO_T001034, Cro001G.3998.1.p1, Cro001G.3998.2.p1, CRO_T137921"
M9H77_15382,Cro001G.3999.1.p1
M9H77_15383,Cro001G.4000.2.p1
M9H77_15384,"Cro001G.4001.1.p1, Cro001G.4001.2.p1, CrChr2.3573, CRO_T137919"
M9H77_15385,"CRO_T001027, Cro001G.4002.1.p1, CRO_T137918"
M9H77_15386,"CRO_T025947, CRO_T137917"
M9H77_15387,CRO_T025954
M9H77_15388,"Cro001G.4006.1.p1, CrChr2.3568"
M9H77_15389,"CRO_T025949, Cro001G.4007.1.p1, CRO_T137913"
M9H77_15391,"CRO_T025955, Cro001G.4009.1.p1, CrChr2.3565, CRO_T137911"
M9H77_15392,"Cro001G.4011.1.p1, CRO_T137910"
M9H77_15394,"Cro001G.4015.1.p1, CrChr2.3562"
M9H77_15395,"Cro001G.4014.1.p1, Cro001G.4014.3.p1, Cro001G.4014.4.p1, CrChr2.3561, CRO_T137908"
M9H77_15396,"CrChr2.3560, CRO_T137907"
M9H77_15397,Cro001G.4012.1.p1
M9H77_15398,"CRO_T001236, Cro001G.4013.1.p1, Cro001G.4013.2.p1, CRO_T137905"
M9H77_15399,"CRO_T001237, Cro001G.4013.1.p2, CrChr2.3556, CRO_T137904"
M9H77_15400,"CRO_T001238, Cro001G.4019.1.p2, Cro001G.4019.2.p2, Cro001G.4019.3.p2, Cro001G.4019.4.p2, Cro001G.4019.5.p1, Cro001G.4019.6.p1, Cro001G.4019.7.p1, Cro001G.4019.8.p1, Cro001G.4019.9.p1, CRO_T137903"
M9H77_15402,"CRO_T001240, CrChr2.3554, CRO_T137901"
M9H77_15403,Cro001G.4018.1.p1
M9H77_15404,"CRO_T033076, CrChr2.3550, CRO_T137898"
M9H77_15405,Cro001G.4025.1.p2
M9H77_15406,"Cro001G.4025.1.p1, CrChr2.3548"
M9H77_15407,"CRO_T033071, Cro001G.4026.1.p1, CrChr2.3547, CRO_T137895"
M9H77_15409,"Cro001G.4028.1.p1, CrChr2.3545"
M9H77_15410,"Cro001G.4028.5.p1, CrChr2.3544"
M9H77_15411,CRO_T031305
M9H77_15412,CRO_T031304
M9H77_15414,CRO_T031298
M9H77_15416,"Cro001G.4035.1.p2, CrChr2.3532"
M9H77_15417,"CRO_T031299, Cro001G.4036.1.p1, CrChr2.3531, CRO_T137884"
M9H77_15419,"Cro001G.4042.3.p1, CrChr2.3528"
M9H77_15420,CRO_T032925
M9H77_15421,"Cro001G.4045.1.p1, CrChr2.3526"
M9H77_15422,"CRO_T032928, Cro001G.4037.1.p1, CrChr2.3525, CRO_T137879"
M9H77_15423,"CRO_T032927, Cro001G.4040.1.p1, CrChr2.3524, CRO_T137878"
M9H77_15426,"CRO_T028019, Cro001G.4046.1.p2, Cro001G.4047.1.p1, Cro001G.4047.2.p1, Cro001G.4047.3.p1, CrChr2.3518, CRO_T137874"
M9H77_15429,"CRO_T028012, Cro001G.4049.2.p1, CrChr2.3514, CRO_T137871"
M9H77_15430,"CRO_T028017, Cro001G.4051.1.p1, Cro001G.4051.2.p1, CrChr2.3513, CRO_T137870"
M9H77_15440,"CRO_T020944, Cro001G.4062.1.p1, CrChr2.3502, CRO_T137859"
M9H77_15441,"Cro001G.4071.11.p2, Cro001G.4071.12.p3, Cro001G.4071.13.p3, Cro001G.4071.14.p3, Cro001G.4071.2.p3, Cro001G.4071.4.p3, Cro001G.4071.5.p3, Cro001G.4071.6.p3, Cro001G.4071.7.p3, Cro001G.4071.9.p2, CrChr2.3501"
M9H77_15449,"CRO_T008984, CrChr2.3492, CRO_T137849"
M9H77_15451,"CRO_T008976, Cro001G.4070.1.p1, CrChr2.3490"
M9H77_15452,"CRO_T008982, Cro001G.4072.1.p1, Cro001G.4072.2.p1, CrChr2.3489, CRO_T137846"
M9H77_15453,"CRO_T008975, CRO_T137845"
M9H77_15454,CRO_T008981
M9H77_15455,CRO_T008980
M9H77_15456,"CRO_T013135, Cro001G.4074.1.p1, Cro001G.4074.2.p1, Cro001G.4074.3.p1, CrChr2.3484, CRO_T137842"
M9H77_15457,Cro001G.4075.1.p1
M9H77_15458,Cro001G.4077.3.p1
M9H77_15459,"Cro001G.4079.1.p1, Cro001G.4079.2.p1, Cro001G.4079.3.p1, Cro001G.4079.4.p1, Cro001G.4079.5.p1, Cro001G.4079.6.p1, Cro001G.4079.7.p1, Cro001G.4079.8.p1, Cro001G.4079.9.p1"
M9H77_15461,"Cro001G.4080.1.p1, Cro001G.4080.2.p1, Cro001G.4080.3.p1, CrChr2.3480, CRO_T137838"
M9H77_15462,"CRO_T024390, Cro001G.4088.1.p1, CrChr2.3478, CRO_T137836"
M9H77_15466,"Cro001G.4091.1.p1, CrChr2.3473"
M9H77_15467,"Cro001G.4091.16.p1, Cro001G.4091.3.p1, Cro001G.4091.5.p1, CrChr2.3472"
M9H77_15469,"CRO_T016873, Cro001G.4082.1.p1, CrChr2.3470, CRO_T137830"
M9H77_15471,"CRO_T015730, Cro001G.4082.3.p1, CrChr2.3468, CRO_T137828"
M9H77_15472,"CRO_T015733, Cro001G.4100.1.p1, CrChr2.3467, CRO_T137826"
M9H77_15476,"Cro001G.4105.2.p1, Cro001G.4105.3.p1, Cro001G.4105.5.p1, Cro001G.4105.6.p1, Cro001G.4105.7.p1"
M9H77_15477,"Cro001G.4106.1.p1, Cro001G.4106.2.p1"
M9H77_15478,CRO_T021825
M9H77_15480,"CrChr2.3458, CRO_T137815"
M9H77_15481,"Cro001G.4101.1.p1, Cro001G.4101.2.p1, CrChr2.3457"
M9H77_15482,"Cro001G.4084.1.p1, CrChr2.3456, CRO_T137813"
M9H77_15483,"CRO_T021828, Cro001G.4083.1.p1, CrChr2.3455, CRO_T137812"
M9H77_15486,CrChr2.3452
M9H77_15488,"Cro001G.4094.1.p1, CrChr2.3450, CRO_T137807"
M9H77_15490,"CRO_T003834, Cro001G.4097.1.p1, CrChr2.3448, CRO_T137805"
M9H77_15494,"CrChr2.3444, CRO_T137801"
M9H77_15495,"CRO_T013891, Cro001G.4112.1.p1, CrChr2.3443, CRO_T137800"
M9H77_15497,"CRO_T013893, CrChr2.3441, CRO_T137798"
M9H77_15499,Cro001G.4121.1.p1
M9H77_15500,"CRO_T026098, Cro001G.4119.5.p1, CrChr2.3438, CRO_T137796"
M9H77_15502,"Cro001G.4122.1.p1, Cro001G.4122.2.p1, Cro001G.4124.1.p1, CrChr2.3436"
M9H77_15507,"CRO_T026093, Cro001G.4129.1.p1, CRO_T137790"
M9H77_15512,"Cro001G.4117.1.p1, Cro001G.4117.2.p1"
M9H77_15516,"CRO_T025185, Cro001G.4134.1.p1, CrChr2.3419, CRO_T137779"
M9H77_15518,"Cro001G.4139.1.p1, CrChr2.3417"
M9H77_15520,"CRO_T026604, Cro001G.4140.1.p1, CrChr2.3415, CRO_T137775"
M9H77_15521,"CRO_T026607, Cro001G.4143.1.p1, CrChr2.3414, CRO_T137774"
M9H77_15523,"CRO_T026603, Cro001G.4145.1.p1, CrChr2.3412, CRO_T137772"
M9H77_15524,Cro001G.4145.1.p2
M9H77_15525,Cro001G.4146.1.p1
M9H77_15526,"CRO_T021515, Cro001G.4150.1.p1, CrChr2.3408, CRO_T137769"
M9H77_15528,Cro001G.4149.1.p1
M9H77_15529,"CRO_T001410, Cro001G.4151.1.p1, Cro001G.4151.2.p1, Cro001G.4151.3.p1, CRO_T137765"
M9H77_15530,"CRO_T001405, Cro001G.4152.1.p1, Cro001G.4152.2.p1, Cro001G.4152.3.p1, CRO_T137764"
M9H77_15531,"Cro001G.4153.1.p1, CrChr2.3403"
M9H77_15532,"CRO_T001412, Cro001G.4157.5.p1, CrChr2.3402, CRO_T137762"
M9H77_15533,"CRO_T001413, Cro001G.4157.2.p1, Cro001G.4157.6.p1, Cro001G.4157.7.p1, Cro001G.4157.9.p1, CrChr2.3400, CRO_T137761"
M9H77_15534,CRO_T137760
M9H77_15535,"Cro001G.4158.1.p1, Cro001G.4158.2.p1, CRO_T137759"
M9H77_15537,"Cro001G.4157.3.p1, CrChr2.3396"
M9H77_15540,"CRO_T001408, Cro001G.4160.1.p1, Cro001G.4161.1.p3, CrChr2.3392, CRO_T137753"
M9H77_15543,"CRO_T019081, CrChr2.3389, CRO_T137750"
M9H77_15548,"Cro001G.4167.1.p1, CRO_T137746"
M9H77_15550,"CRO_T019073, Cro001G.4172.1.p3, CrChr2.3382, CRO_T137744"
M9H77_15553,"CRO_T019076, Cro001G.4174.1.p1, CRO_T137741"
M9H77_15556,"CRO_T014035, Cro001G.4177.1.p1, CrChr2.3377, CRO_T137738"
M9H77_15557,"CRO_T014037, Cro001G.4178.1.p1, CrChr2.3376, CRO_T137737"
M9H77_15558,"Cro001G.4179.1.p1, CrChr2.3375"
M9H77_15561,"Cro001G.4180.2.p1, CrChr2.3372, CRO_T137733"
M9H77_15563,"CRO_T007795, Cro001G.4182.1.p1, CrChr2.3370, CRO_T137731"
M9H77_15565,Cro001G.4154.1.p1
M9H77_15566,"CRO_T001504, CRO_T137728"
M9H77_15568,CRO_T001502
M9H77_15570,Cro001G.4169.1.p1
M9H77_15572,"CRO_T033187, Cro001G.4170.1.p1, CrChr2.3363, CRO_T137723"
M9H77_15573,"CRO_T019649, Cro001G.4188.1.p1, CrChr2.3361, CRO_T137721"
M9H77_15583,"CRO_T000261, Cro001G.4183.1.p1, CRO_T137710"
M9H77_15584,"CRO_T000262, Cro001G.4184.1.p1, CrChr2.3347, CRO_T137709"
M9H77_15585,Cro001G.4185.2.p1
M9H77_15595,CRO_T001012
M9H77_15597,"CRO_T005019, Cro001G.4213.1.p1, CrChr2.3335, CRO_T132918"
M9H77_15598,CRO_T005020
M9H77_15599,"Cro001G.4197.1.p2, Cro001G.4197.2.p3"
M9H77_15600,"Cro001G.4198.1.p1, Cro001G.4198.2.p1, CrChr2.3330"
M9H77_15603,CrChr2.3326
M9H77_15604,"Cro001G.4203.1.p1, CrChr2.3325, CRO_T132925"
M9H77_15606,"CRO_T007047, Cro001G.4215.1.p1, CrChr2.3323, CRO_T132927"
M9H77_15609,"CRO_T030859, CrChr2.3320, CRO_T132929"
M9H77_15611,"Cro001G.4217.1.p1, CrChr2.3318, CRO_T132931"
M9H77_15612,"Cro001G.4218.1.p1, CrChr2.3317"
M9H77_15616,"Cro001G.4223.1.p1, Cro001G.4223.2.p1"
M9H77_15623,"Cro001G.4224.1.p1, Cro001G.4224.2.p1, CrChr2.3308, CRO_T132941"
M9H77_15626,Cro001G.4229.1.p1
M9H77_15628,Cro001G.4232.1.p1
M9H77_15630,Cro001G.4236.1.p1
M9H77_15635,"CRO_T029226, CRO_T132954"
M9H77_15636,Cro001G.4241.1.p1
M9H77_15638,"CRO_T029233, CRO_T132957"
M9H77_15647,"Cro001G.4247.1.p1, CrChr2.3284, CRO_T132966"
M9H77_15651,"CRO_T000952, Cro001G.4249.1.p1, Cro001G.4249.2.p1, Cro001G.4249.3.p1, Cro001G.4249.4.p1, CrChr2.3279, CRO_T132970"
M9H77_15653,"CRO_T000957, Cro001G.4248.1.p1, CRO_T132972"
M9H77_15656,"CRO_T024419, Cro001G.4254.1.p1, CrChr2.3275, CRO_T132974"
M9H77_15657,CRO_T024418
M9H77_15659,"CRO_T024416, CRO_T132979"
M9H77_15664,CRO_T016071
M9H77_15666,CrChr2.3260
M9H77_15668,CrChr2.3258
M9H77_15669,CrChr2.3257
M9H77_15670,"CRO_T009277, Cro001G.4267.1.p1, CrChr2.3256, CRO_T132988"
M9H77_15671,"CRO_T009278, Cro001G.4268.1.p1, CrChr2.3255, CRO_T132989"
M9H77_15672,CRO_T009279
M9H77_15674,Cro001G.4359.1.p1
M9H77_15675,"CRO_T009284, Cro001G.4360.1.p1, Cro001G.4360.2.p1, CrChr2.3249, CRO_T132995"
M9H77_15676,"Cro001G.4361.1.p1, CrChr2.3248"
M9H77_15678,"CRO_T009283, Cro001G.4363.1.p1, CrChr2.3246"
M9H77_15680,"CRO_T009287, CRO_T133000"
M9H77_15684,"CRO_T012417, Cro001G.4367.3.p1, CrChr2.3240, CRO_T133003"
M9H77_15686,"CRO_T015931, Cro001G.4368.1.p1, CRO_T133005"
M9H77_15687,"CRO_T015930, Cro001G.4369.1.p1, CRO_T133006"
M9H77_15690,"CRO_T015929, Cro001G.4372.1.p1, CRO_T133009"
M9H77_15699,"Cro001G.4376.1.p1, CrChr2.3228"
M9H77_15700,"Cro001G.4377.1.p1, CRO_T133017"
M9H77_15705,"CRO_T000151, Cro001G.4380.1.p1, CrChr2.3223, CRO_T133022"
M9H77_15707,"CRO_T000153, Cro001G.4382.1.p1, CrChr2.3220"
M9H77_15708,"Cro001G.4383.1.p1, CrChr2.3219, CRO_T133025"
M9H77_15709,"CRO_T004677, CrChr2.3218, CRO_T133026"
M9H77_15712,"Cro001G.4384.1.p2, Cro001G.4385.1.p1"
M9H77_15714,Cro001G.4386.1.p1
M9H77_15715,"CRO_T004680, Cro001G.4387.1.p1, CrChr2.3212, CRO_T133031"
M9H77_15718,"CRO_T004679, CrChr2.3209"
M9H77_15719,"CRO_T006819, Cro001G.4388.1.p1, CrChr2.3208, CRO_T133035"
M9H77_15726,"Cro001G.4394.1.p1, CrChr2.3200"
M9H77_15727,"CRO_T012222, Cro001G.4395.1.p1, CrChr2.3199, CRO_T133044"
M9H77_15728,"CRO_T012221, Cro001G.4396.1.p1, CrChr2.3198, CRO_T133046"
M9H77_15732,CrChr2.3194
M9H77_15744,"CRO_T015220, CrChr2.3181, CRO_T133061"
M9H77_15745,"Cro001G.4408.1.p1, Cro001G.4408.4.p1"
M9H77_15748,Cro001G.4412.1.p1
M9H77_15750,"CRO_T008965, Cro001G.4414.1.p1, CrChr2.3175, CRO_T133067"
M9H77_15752,"Cro001G.4416.1.p1, CrChr2.3173"
M9H77_15753,"CRO_T011332, Cro001G.4417.1.p1, CrChr2.3172, CRO_T133071"
M9H77_15757,Cro001G.4421.1.p1
M9H77_15764,"Cro001G.4271.1.p1, CrChr2.3159, CRO_T133085"
M9H77_15765,"CRO_T013919, CRO_T133086"
M9H77_15767,"CRO_T017031, Cro001G.4273.1.p1, CrChr2.3157, CRO_T133088"
M9H77_15768,"CRO_T017032, CRO_T133089"
M9H77_15769,"Cro001G.4277.1.p1, Cro001G.4277.2.p1"
M9H77_15770,"Cro001G.4278.1.p1, Cro001G.4278.2.p1, Cro001G.4278.3.p1, Cro001G.4278.5.p1, CrChr2.3154"
M9H77_15772,"CRO_T032228, CRO_T133093"
M9H77_15773,CRO_T032226
M9H77_15774,CrChr2.3151
M9H77_15775,"CRO_T018964, CrChr2.3150, CRO_T133098"
M9H77_15776,CRO_T009409
M9H77_15778,"CRO_T009405, Cro001G.4276.1.p1, CrChr2.3147, CRO_T133099"
M9H77_15779,"Cro001G.4279.1.p1, CrChr2.3146, CRO_T133100"
M9H77_15780,"Cro001G.4280.1.p1, CrChr2.3145"
M9H77_15781,"CRO_T009407, Cro001G.4282.1.p1, CrChr2.3144, CRO_T133102"
M9H77_15782,"Cro001G.4284.1.p1, CrChr2.3143"
M9H77_15783,"Cro001G.4285.1.p1, CrChr2.3142, CRO_T133104"
M9H77_15786,Cro001G.4287.2.p1
M9H77_15787,"CRO_T003005, Cro001G.4286.1.p1, CrChr2.3139, CRO_T133106"
M9H77_15790,"CRO_T028534, CRO_T133109"
M9H77_15792,CrChr2.3135
M9H77_15793,"CRO_T028429, CRO_T133111"
M9H77_15794,"Cro001G.4294.1.p1, CrChr2.3132, CRO_T133113"
M9H77_15795,"CRO_T028425, CRO_T133115"
M9H77_15796,"Cro001G.4295.1.p1, CrChr2.3131"
M9H77_15797,"CRO_T028426, Cro001G.4296.1.p1, CRO_T133116"
M9H77_15799,"Cro001G.4298.1.p1, Cro001G.4298.2.p1"
M9H77_15800,"CRO_T022314, CRO_T133120"
M9H77_15801,"CRO_T022313, Cro001G.4303.1.p2, CrChr2.3126, CRO_T133121"
M9H77_15802,"CRO_T022312, Cro001G.4304.1.p1, CrChr2.3125, CRO_T133122"
M9H77_15803,Cro001G.4305.1.p1
M9H77_15806,"CRO_T011626, Cro001G.4308.1.p1, CrChr2.3122"
M9H77_15807,CRO_T011628
M9H77_15808,CRO_T006216
M9H77_15811,"Cro001G.4303.1.p1, Cro001G.4303.2.p1, CrChr2.3119, CRO_T133130"
M9H77_15812,"CRO_T014890, Cro001G.4300.1.p1, CrChr2.3118, CRO_T133131"
M9H77_15813,"CRO_T014892, Cro001G.4299.1.p1, CrChr2.3117, CRO_T133132"
M9H77_15818,CRO_T008026
M9H77_15819,"CRO_T008025, Cro001G.4315.1.p1, CRO_T133135"
M9H77_15823,"Cro001G.4301.1.p1, CrChr2.3112"
M9H77_15825,"Cro001G.4314.1.p1, Cro001G.4314.2.p2, Cro001G.4314.3.p1, CrChr2.3110"
M9H77_15826,CRO_T004962
M9H77_15827,"CRO_T004963, CrChr2.3107, CRO_T133142"
M9H77_15828,"CRO_T004153, Cro001G.4321.1.p1, CrChr2.3106, CRO_T133143"
M9H77_15829,"CRO_T004151, Cro001G.4322.1.p3, CrChr2.3105, CRO_T133144"
M9H77_15830,"CRO_T004152, Cro001G.4322.1.p1, Cro001G.4322.3.p1, CrChr2.3104"
M9H77_15831,CRO_T133146
M9H77_15832,"CRO_T018657, CrChr2.3101, CRO_T133148"
M9H77_15833,"Cro001G.4319.1.p1, Cro001G.4319.2.p1, CrChr2.3100, CRO_T133149"
M9H77_15834,"Cro001G.4320.1.p1, CrChr2.3098"
M9H77_15835,"Cro001G.4324.2.p1, Cro001G.4324.3.p1, Cro001G.4324.4.p1"
M9H77_15836,"CRO_T005812, CrChr2.3096"
M9H77_15837,CrChr2.3095
M9H77_15838,"Cro001G.4325.1.p1, CrChr2.3094, CRO_T133154"
M9H77_15840,CRO_T028862
M9H77_15841,"CRO_T028861, Cro001G.4332.1.p1, Cro001G.4332.2.p1, Cro001G.4332.3.p1, CrChr2.3088, CRO_T136922"
M9H77_15842,"Cro001G.4328.1.p1, Cro001G.4328.2.p1, CrChr2.3086"
M9H77_15843,"CRO_T027292, Cro001G.4334.1.p1, CrChr2.3085, CRO_T133160"
M9H77_15845,Cro001G.4336.1.p1
M9H77_15846,"Cro001G.4338.1.p1, CrChr2.3081"
M9H77_15847,"CRO_T014100, Cro001G.4337.1.p1, CrChr2.3080, CRO_T133164"
M9H77_15848,"Cro001G.4339.1.p1, CrChr2.3079"
M9H77_15849,CrChr2.3078
M9H77_15850,"Cro001G.4342.1.p1, Cro001G.4342.2.p1, CrChr2.3076, CRO_T133166"
M9H77_15851,"Cro001G.4343.1.p1, CrChr2.3075"
M9H77_15853,"Cro001G.4346.1.p1, CrChr2.3073, CRO_T133168"
M9H77_15854,Cro001G.4347.1.p1
M9H77_15855,"CRO_T030558, CRO_T133170"
M9H77_15856,"Cro001G.4348.1.p1, CrChr2.3069"
M9H77_15857,"CRO_T030555, Cro001G.4350.1.p1, CrChr2.3068, CRO_T133172"
M9H77_15858,"CRO_T030556, CRO_T133173"
M9H77_15859,CrChr2.3067
M9H77_15860,CRO_T028788
M9H77_15866,Cro001G.4351.1.p1
M9H77_15867,"Cro001G.4352.1.p1, CrChr2.3064"
M9H77_15868,"Cro001G.4353.1.p1, Cro001G.4353.2.p1"
M9H77_15870,"CRO_T021207, CrChr2.3061, CRO_T133180"
M9H77_15871,CRO_T021208
M9H77_15872,CRO_T016969
M9H77_15875,"CRO_T003132, Cro001G.4355.1.p1, Cro001G.4355.2.p1, CrChr2.3060, CRO_T133182"
M9H77_15876,"CRO_T003131, Cro001G.4356.1.p1, CrChr2.3059, CRO_T133183"
M9H77_15880,CRO_T026010
M9H77_15881,"CRO_T026009, Cro001G.4436.1.p1, CrChr2.3053, CRO_T105577"
M9H77_15882,"CRO_T026008, CrChr2.3051, CRO_T105579"
M9H77_15883,"Cro001G.4430.1.p1, CrChr2.3048"
M9H77_15884,"CRO_T017631, CRO_T105583"
M9H77_15885,"Cro001G.4428.1.p1, CrChr2.3046"
M9H77_15886,"CRO_T017633, Cro001G.4440.1.p1, CRO_T105586"
M9H77_15887,"Cro001G.4441.1.p1, CrChr2.3044"
M9H77_15888,"CRO_T017635, Cro001G.4439.1.p1, Cro001G.4439.2.p1, CRO_T105589"
M9H77_15891,"Cro001G.4444.1.p1, CRO_T105593"
M9H77_15892,"CRO_T030376, Cro001G.4445.1.p1, CrChr2.3038, CRO_T105594"
M9H77_15893,"CRO_T030375, Cro001G.4447.1.p1, CrChr2.3037, CRO_T105595"
M9H77_15894,"CRO_T032454, Cro001G.4450.1.p1, CrChr2.3036, CRO_T105596"
M9H77_15896,"Cro001G.4448.1.p1, CrChr2.3034"
M9H77_15897,"CRO_T030460, CRO_T105599"
M9H77_15898,"CRO_T030461, Cro001G.4451.1.p1, CrChr2.3032"
M9H77_15899,"CRO_T000981, CrChr2.3031, CRO_T105601"
M9H77_15900,"CRO_T000980, Cro001G.4455.1.p2, CrChr2.3030, CRO_T105602"
M9H77_15901,"Cro001G.4456.1.p1, CrChr2.3029"
M9H77_15904,"CRO_T032807, Cro001G.4456.2.p1, Cro001G.4456.3.p1, Cro001G.4458.1.p1, CrChr2.3026, CRO_T105606"
M9H77_15907,"CRO_T006209, Cro001G.4459.1.p1, CrChr2.3024"
M9H77_15908,CrChr2.3023
M9H77_15909,"Cro001G.4460.2.p1, Cro001G.4460.3.p1, Cro001G.4460.4.p1, Cro001G.4460.9.p1"
M9H77_15910,"Cro001G.4453.1.p1, CrChr2.3021, CRO_T105615"
M9H77_15913,"CRO_T021556, CRO_T105684"
M9H77_15914,CRO_T003537
M9H77_15915,Cro001G.4480.1.p1
M9H77_15916,Cro001G.4481.1.p1
M9H77_15917,"Cro001G.4482.2.p1, Cro001G.4482.3.p1, CrChr2.3013, CRO_T105623"
M9H77_15918,Cro001G.4483.1.p1
M9H77_15919,"CRO_T016992, Cro001G.4484.4.p1, CrChr2.3011"
M9H77_15920,CRO_T016993
M9H77_15921,"CRO_T025625, CRO_T001261, Cro001G.4484.9.p1, CrChr2.3005, CrChr2.3009"
M9H77_15924,"CRO_T025625, CRO_T001261, Cro001G.4484.9.p1, CrChr2.3005, CrChr2.3009"
M9H77_15925,CrChr2.3004
M9H77_15927,"CRO_T001267, Cro001G.4475.4.p1, Cro001G.4475.6.p1, Cro001G.4475.9.p1, CRO_T105632"
M9H77_15928,"CRO_T001266, CRO_T105634"
M9H77_15929,"CRO_T001265, CrChr2.3001, CRO_T105635"
M9H77_15930,CRO_T001264
M9H77_15931,"CRO_T001263, CRO_T105637"
M9H77_15933,"CRO_T026523, CRO_T105639"
M9H77_15934,"Cro001G.4476.1.p1, Cro001G.4476.2.p1, Cro001G.4476.3.p1, Cro001G.4476.4.p1, CrChr2.2998"
M9H77_15936,CrChr2.2996
M9H77_15937,"CRO_T016321, Cro001G.4463.1.p1, Cro001G.4463.2.p1, CRO_T105642"
M9H77_15938,"Cro001G.4465.1.p1, CrChr2.2992, CRO_T105643"
M9H77_15940,CRO_T018065
M9H77_15941,Cro001G.4470.3.p1
M9H77_15942,"Cro001G.4471.1.p1, Cro001G.4471.2.p1, Cro001G.4471.3.p1"
M9H77_15943,"CRO_T018064, Cro001G.4473.1.p1, CrChr2.2984, CRO_T105648"
M9H77_15944,"Cro001G.4474.3.p1, CrChr2.2983"
M9H77_15945,Cro001G.4490.2.p1
M9H77_15946,"CRO_T010694, Cro001G.4491.1.p1, CrChr2.2981, CRO_T105651"
M9H77_15947,"Cro001G.4492.1.p1, CrChr2.2979, CRO_T105652"
M9H77_15948,"CRO_T002996, CrChr2.2978, CRO_T105653"
M9H77_15949,"CRO_T002990, Cro001G.4493.1.p1, CrChr2.2977, CRO_T105654"
M9H77_15950,"Cro001G.4494.1.p1, Cro001G.4494.2.p1"
M9H77_15951,"CRO_T002989, CrChr2.2975, CRO_T105656"
M9H77_15952,"CRO_T002994, Cro001G.4495.1.p1, CrChr2.2974, CRO_T105658"
M9H77_15953,"Cro001G.4496.1.p1, CrChr2.2973"
M9H77_15954,"CRO_T002992, CrChr2.2972, CRO_T105660"
M9H77_15955,"Cro001G.4497.1.p1, CrChr2.2971, CRO_T105661"
M9H77_15958,"CRO_T031701, Cro001G.4485.1.p1, CrChr2.2969, CRO_T105663"
M9H77_15959,"Cro001G.4487.1.p1, Cro001G.4487.2.p1, CrChr2.2968"
M9H77_15960,"CRO_T003622, Cro001G.4486.1.p1, CRO_T105666"
M9H77_15961,"CRO_T003089, Cro001G.4489.1.p1, CrChr2.2966, CRO_T105668"
M9H77_15962,Cro001G.4510.5.p1
M9H77_15963,"CRO_T029504, Cro001G.4511.1.p1, CrChr2.2964, CRO_T105671"
M9H77_15964,"Cro001G.4512.1.p1, CrChr2.2963"
M9H77_15965,"Cro001G.4513.1.p1, CrChr2.2962"
M9H77_15966,CRO_T020189
M9H77_15967,"CRO_T020188, CRO_T105675"
M9H77_15969,"CRO_T033403, CRO_T105676"
M9H77_15970,"Cro001G.4509.1.p1, CrChr2.2958"
M9H77_15971,"CrChr2.2957, CRO_T105678"
M9H77_15973,CRO_T013055
M9H77_15975,"Cro001G.4500.1.p1, CrChr2.2953"
M9H77_15976,"CRO_T003536, Cro001G.4478.1.p1, Cro001G.4478.5.p1, Cro001G.4479.3.p1, Cro001G.4479.4.p1, Cro001G.4479.5.p1, Cro001G.4479.6.p1, Cro001G.4479.7.p1, Cro001G.4501.1.p1, CrChr2.2952, CrChr2.3015, CRO_T105619, CRO_T105621"
M9H77_15977,"Cro001G.4503.1.p1, CrChr2.2951"
M9H77_15978,"Cro001G.4504.1.p1, CrChr2.2950, CRO_T105687"
M9H77_15979,"CRO_T001481, CrChr2.2949, CRO_T105688"
M9H77_15980,CRO_T001483
M9H77_15981,CRO_T001482
M9H77_15982,CRO_T019730
M9H77_15983,CRO_T019729
M9H77_15984,"CRO_T019728, Cro001G.4506.1.p1, Cro001G.4506.2.p1, CRO_T105693"
M9H77_15985,"Cro001G.4515.1.p1, CrChr2.2946"
M9H77_15988,"CRO_T018041, CrChr2.2945, CRO_T105698"
M9H77_15990,"CRO_T011327, Cro001G.4514.1.p1, CrChr2.2943, CRO_T105700"
M9H77_15991,"Cro001G.4516.1.p1, Cro001G.4516.2.p1, Cro001G.4516.3.p1, Cro001G.4516.4.p1, Cro001G.4516.5.p1, CrChr2.2942"
M9H77_15992,"Cro001G.4517.1.p1, CrChr2.2941"
M9H77_15993,"Cro001G.4518.1.p1, CrChr2.2940"
M9H77_15994,CrChr2.2939
M9H77_15995,Cro001G.4521.3.p1
M9H77_15997,"CRO_T016909, Cro001G.4520.1.p1, CrChr2.2936, CRO_T105710"
M9H77_15998,"Cro001G.4522.1.p1, CrChr2.2935"
M9H77_15999,"CRO_T025300, Cro001G.4523.1.p1, CrChr2.2934, CRO_T105713"
M9H77_16000,CRO_T027029
M9H77_16001,CRO_T002555
M9H77_16002,Cro001G.4543.3.p1
M9H77_16003,CRO_T022486
M9H77_16004,"CRO_T022484, Cro001G.4541.1.p1, CrChr2.2929, CRO_T130862"
M9H77_16005,"CRO_T011544, CRO_T130861"
M9H77_16006,"Cro001G.4545.2.p1, CRO_T130859"
M9H77_16008,"CRO_T026637, CRO_T130857"
M9H77_16009,Cro001G.4539.2.p1
M9H77_16013,CRO_T026685
M9H77_16014,"CRO_T026682, Cro001G.4544.1.p1, CrChr2.2919, CRO_T130846"
M9H77_16015,CRO_T026683
M9H77_16016,CRO_T026684
M9H77_16017,"CRO_T024147, CRO_T130842"
M9H77_16018,CRO_T024148
M9H77_16019,"CRO_T024149, CRO_T130839"
M9H77_16020,"Cro001G.4549.1.p1, CrChr2.2913"
M9H77_16021,"Cro001G.4550.4.p1, CrChr2.2912"
M9H77_16022,"Cro001G.4547.1.p1, CrChr2.2910"
M9H77_16023,CRO_T028642
M9H77_16024,"CRO_T028643, CRO_T130833"
M9H77_16025,CRO_T028641
M9H77_16026,"Cro001G.4559.2.p1, CrChr2.2907"
M9H77_16027,"Cro001G.4554.1.p2, CrChr2.2906, CRO_T130829"
M9H77_16028,"CRO_T014192, Cro001G.4554.1.p1, CrChr2.2905, CRO_T130828"
M9H77_16029,CRO_T014191
M9H77_16030,CRO_T032297
M9H77_16032,Cro001G.4555.1.p1
M9H77_16033,"CRO_T032295, CRO_T015312, Cro001G.4557.1.p1, Cro001G.9955.1.p1, CrChr2.2901, CRO_T125241, CRO_T130822"
M9H77_16034,"CRO_T032294, Cro001G.4558.1.p1, Cro001G.4558.2.p1, Cro001G.4558.4.p1, CrChr2.2900, CRO_T130821"
M9H77_16036,CRO_T017459
M9H77_16038,"CRO_T012567, Cro001G.4564.1.p1, CrChr2.2899, CRO_T130817"
M9H77_16039,"CRO_T012571, Cro001G.4565.1.p1, Cro001G.4565.2.p1, CRO_T130816"
M9H77_16040,Cro001G.4566.1.p1
M9H77_16041,"CRO_T012568, Cro001G.4561.1.p1, Cro001G.4561.2.p1, CrChr2.2897"
M9H77_16042,"CRO_T012569, Cro001G.4560.1.p1, CrChr2.2896, CRO_T130813"
M9H77_16044,CRO_T012570
M9H77_16045,"CRO_T015183, Cro001G.4567.1.p1"
M9H77_16048,"CRO_T009818, CRO_T130810"
M9H77_16049,"CRO_T009820, CRO_T130809"
M9H77_16050,"CRO_T009819, CRO_T130808"
M9H77_16051,CRO_T033329
M9H77_16052,CRO_T033328
M9H77_16053,CRO_T033330
M9H77_16055,"CRO_T002147, CrChr2.2887, CRO_T130804"
M9H77_16056,"CRO_T032293, CrChr2.2886, CRO_T130799"
M9H77_16058,"CRO_T000714, Cro001G.4577.1.p1, CrChr2.2885"
M9H77_16059,"CRO_T000713, Cro001G.4578.2.p1, Cro001G.4578.3.p1, Cro001G.4578.4.p1, CrChr2.2859, CRO_T130766, CRO_T130796"
M9H77_16060,Cro001G.4579.1.p1
M9H77_16062,Cro001G.4582.1.p1
M9H77_16063,"Cro001G.4583.1.p1, CrChr2.2881, CRO_T130791"
M9H77_16064,"Cro001G.4584.1.p1, CRO_T130790"
M9H77_16065,"Cro001G.4585.1.p1, CrChr2.2879"
M9H77_16066,CRO_T027054
M9H77_16070,"Cro001G.4586.1.p1, Cro001G.4586.2.p1"
M9H77_16071,"CRO_T004417, Cro001G.4589.1.p1, CrChr2.2874, CRO_T130783"
M9H77_16072,"CRO_T004418, CRO_T130782"
M9H77_16073,"CRO_T028688, Cro001G.4590.1.p1, CrChr2.2873, CRO_T130781"
M9H77_16074,CRO_T028690
M9H77_16075,"CRO_T028689, Cro001G.4587.1.p1, Cro001G.4588.1.p1, Cro001G.4588.3.p1, Cro001G.4588.4.p1, CrChr2.2872, CRO_T130780"
M9H77_16078,CRO_T022030
M9H77_16080,"CRO_T003860, Cro001G.4592.1.p1, Cro001G.4592.2.p1, CRO_T130770"
M9H77_16081,"CRO_T003861, CRO_T130769"
M9H77_16082,"CRO_T014565, CrChr2.2861, CRO_T130768"
M9H77_16083,CRO_T014566
M9H77_16084,"CRO_T000713, Cro001G.4578.2.p1, Cro001G.4578.3.p1, Cro001G.4578.4.p1, CrChr2.2859, CRO_T130766, CRO_T130796"
M9H77_16085,Cro001G.4572.1.p1
M9H77_16087,"Cro001G.4573.1.p1, CrChr2.2856"
M9H77_16088,"CRO_T004974, CRO_T130758"
M9H77_16089,"CRO_T033759, Cro001G.4613.1.p1, Cro001G.4613.10.p1, Cro001G.4613.11.p1, Cro001G.4613.2.p1, Cro001G.4613.3.p1, Cro001G.4613.4.p1, Cro001G.4613.5.p1, Cro001G.4613.6.p1, Cro001G.4613.7.p1, Cro001G.4613.8.p1, Cro001G.4613.9.p1, CRO_T130756"
M9H77_16091,"Cro001G.4614.1.p1, Cro001G.4614.2.p1"
M9H77_16092,"Cro001G.4615.1.p1, Cro001G.4615.2.p1"
M9H77_16093,"CRO_T033761, Cro001G.4616.1.p1, CrChr2.2849"
M9H77_16097,CRO_T018345
M9H77_16098,Cro001G.4618.1.p1
M9H77_16099,"Cro001G.4622.1.p1, Cro001G.4622.2.p1"
M9H77_16100,"CRO_T018346, CRO_T130744"
M9H77_16103,CrChr2.2839
M9H77_16104,CrChr2.2838
M9H77_16105,"CRO_T009388, CrChr2.2837, CRO_T130738"
M9H77_16106,"CRO_T014612, CRO_T130736"
M9H77_16107,"CRO_T014611, Cro001G.4624.1.p1, CrChr2.2836, CRO_T130735"
M9H77_16109,"CRO_T014610, Cro001G.4625.1.p1, CrChr2.2835, CRO_T130733"
M9H77_16110,"CRO_T014609, Cro001G.4626.1.p1, CrChr2.2834, CRO_T130732"
M9H77_16114,"CRO_T024248, Cro001G.4597.1.p1, CrChr2.2830, CRO_T130726"
M9H77_16117,"CRO_T024249, CrChr2.2828, CRO_T130723"
M9H77_16121,"Cro001G.4601.1.p1, CrChr2.2824"
M9H77_16122,"CRO_T009459, Cro001G.4602.1.p1, CrChr2.2823, CRO_T130717"
M9H77_16123,Cro001G.4603.1.p1
M9H77_16136,"Cro001G.4595.1.p1, CrChr2.2813"
M9H77_16139,Cro001G.4610.1.p1
M9H77_16144,Cro001G.4611.1.p1
M9H77_16145,"CRO_T026609, Cro001G.4627.1.p1, CrChr2.2806, CRO_T130691"
M9H77_16149,"Cro001G.4630.1.p1, CrChr2.2802, CRO_T130686"
M9H77_16153,CrChr2.2801
M9H77_16154,"Cro001G.4639.3.p1, CrChr2.2800"
M9H77_16157,CRO_T013553
M9H77_16158,CRO_T013548
M9H77_16159,"CRO_T009440, Cro001G.4634.1.p1, CrChr2.2799, CRO_T130674"
M9H77_16164,"CRO_T017375, CrChr2.2796, CRO_T130667"
M9H77_16165,CrChr2.2795
M9H77_16166,CrChr2.2794
M9H77_16167,Cro001G.4637.3.p1
M9H77_16169,CRO_T026126
M9H77_16170,"CRO_T026127, Cro001G.4641.1.p1, CrChr2.2790"
M9H77_16171,"Cro001G.4642.1.p1, CrChr2.2789"
M9H77_16172,"CRO_T024098, CRO_T130661"
M9H77_16173,"Cro001G.4643.1.p1, Cro001G.4643.2.p1"
M9H77_16174,"CRO_T033263, Cro001G.4643.1.p2, Cro001G.4643.2.p2, CRO_T130659"
M9H77_16175,"CRO_T033264, CRO_T130658"
M9H77_16176,CRO_T033265
M9H77_16179,CRO_T017847
M9H77_16181,"CRO_T010121, CRO_T130655"
M9H77_16182,CRO_T009328
M9H77_16183,CRO_T019702
M9H77_16184,"CRO_T019700, Cro001G.4653.2.p1, Cro001G.4653.4.p1, Cro001G.4653.5.p1, CrChr2.2786, CRO_T130651"
M9H77_16185,Cro001G.4653.1.p3
M9H77_16187,Cro001G.4654.1.p1
M9H77_16188,"CRO_T032420, CRO_T132305"
M9H77_16191,"CRO_T033079, CRO_T124676"
M9H77_16193,"CRO_T020666, Cro001G.12993.1.p3, Cro001G.12993.2.p2, CrChr2.2772, CRO_T124679"
M9H77_16194,"CRO_T020665, CRO_T124680"
M9H77_16195,"CRO_T025710, CRO_T124681"
M9H77_16196,CRO_T005384
M9H77_16197,CRO_T005383
M9H77_16198,CRO_T031244
M9H77_16202,"CRO_T007976, Cro001G.12997.1.p1, CrChr2.2764, CRO_T124689"
M9H77_16203,"CRO_T007975, Cro001G.13001.1.p1, CRO_T124690"
M9H77_16211,CrChr2.2754
M9H77_16212,"CRO_T014962, CrChr2.2753, CRO_T124698"
M9H77_16213,CrChr2.2752
M9H77_16216,"CRO_T024032, CrChr2.2751"
M9H77_16219,"CRO_T017362, Cro001G.13015.1.p1, CRO_T124703"
M9H77_16221,CrChr2.2748
M9H77_16224,CrChr2.2745
M9H77_16233,"Cro001G.13007.2.p1, Cro001G.13007.3.p1, Cro001G.13007.4.p1"
M9H77_16238,"CRO_T004474, Cro001G.13313.1.p1"
M9H77_16239,"Cro001G.13311.1.p1, CrChr2.2738"
M9H77_16243,"CrChr2.2737, CRO_T124723"
M9H77_16244,CrChr2.2736
M9H77_16245,"CRO_T013744, CrChr2.2735"
M9H77_16248,"Cro001G.13307.1.p1, CrChr2.2732, CRO_T124726"
M9H77_16249,CRO_T012258
M9H77_16250,CRO_T003149
M9H77_16251,"CRO_T003151, CrChr2.2731, CRO_T124728"
M9H77_16253,CRO_T003150
M9H77_16258,"Cro001G.13297.1.p1, CrChr2.2724"
M9H77_16262,"CRO_T002224, CRO_T124746"
M9H77_16263,"Cro001G.13306.1.p1, CrChr2.2720, CRO_T124748"
M9H77_16264,"CRO_T021020, CRO_T124751"
M9H77_16265,"CRO_T010951, CrChr2.2717, CRO_T124754"
M9H77_16266,Cro001G.13303.1.p1
M9H77_16267,Cro001G.13302.1.p1
M9H77_16268,"CRO_T029343, Cro001G.13301.1.p1, CrChr2.2714, CRO_T124757"
M9H77_16269,Cro001G.13300.1.p1
M9H77_16271,"Cro001G.13294.1.p1, Cro001G.13294.4.p1, Cro001G.13294.7.p1"
M9H77_16272,"Cro001G.13295.1.p1, Cro001G.13295.3.p1, CrChr2.2711"
M9H77_16273,"CRO_T011447, CRO_T124762"
M9H77_16274,"CRO_T011445, CrChr2.2710, CRO_T124763"
M9H77_16275,CRO_T011446
M9H77_16277,"CRO_T018377, Cro001G.13293.1.p1, CrChr2.2707, CRO_T124766"
M9H77_16279,"CRO_T009944, Cro001G.13290.1.p1, CrChr2.2705, CRO_T124767"
M9H77_16280,"CRO_T009945, CRO_T124768"
M9H77_16281,"CRO_T011190, CRO_T124769"
M9H77_16282,"CRO_T011195, CRO_T124772"
M9H77_16284,"CRO_T011192, Cro001G.13286.1.p1, CrChr2.2700, CRO_T124775"
M9H77_16285,CRO_T011196
M9H77_16286,"CRO_T011193, Cro001G.13284.1.p1, CrChr2.2699, CRO_T124776"
M9H77_16288,CRO_T020152
M9H77_16289,"CRO_T020151, CRO_T124778"
M9H77_16292,"Cro001G.13281.1.p1, CrChr2.2695"
M9H77_16293,"CRO_T025490, Cro001G.13278.1.p1, CrChr2.2694, CRO_T124781"
M9H77_16295,CrChr2.2691
M9H77_16296,"CRO_T024293, Cro001G.13285.1.p1, Cro001G.13285.3.p1, CRO_T124785"
M9H77_16298,CRO_T004372
M9H77_16299,"CRO_T002336, CRO_T124788"
M9H77_16303,"CRO_T026401, Cro001G.13276.1.p1, CrChr2.2685, CRO_T124792"
M9H77_16304,"CRO_T025122, Cro001G.13277.1.p1, Cro001G.13277.2.p1, Cro001G.13277.3.p1, CrChr2.2684, CRO_T124793"
M9H77_16305,CRO_T025121
M9H77_16310,CRO_T025776
M9H77_16311,CRO_T025778
M9H77_16312,CRO_T025777
M9H77_16313,"CRO_T033599, Cro001G.13272.1.p1, CrChr2.2678, CRO_T124798"
M9H77_16314,"CRO_T033600, CrChr2.2677, CRO_T124799"
M9H77_16315,CRO_T033601
M9H77_16318,CRO_T014632
M9H77_16319,"CRO_T014633, CRO_T124807"
M9H77_16320,CRO_T014636
M9H77_16321,"Cro001G.13265.1.p1, CrChr2.2674, CRO_T124808"
M9H77_16322,"Cro001G.13264.1.p1, CrChr2.2673"
M9H77_16323,"Cro001G.13262.1.p1, Cro001G.13262.2.p1, CrChr2.2672"
M9H77_16324,CRO_T018789
M9H77_16325,"CRO_T018788, Cro001G.13260.1.p1"
M9H77_16326,CRO_T018791
M9H77_16327,"CRO_T000702, Cro001G.13258.1.p1, CrChr2.2665, CRO_T124816"
M9H77_16329,CRO_T005963
M9H77_16332,"CRO_T016697, Cro001G.13253.1.p2, Cro001G.13253.2.p1, CRO_T124819"
M9H77_16335,"CRO_T029652, CRO_T124822"
M9H77_16337,"Cro001G.13251.1.p1, CrChr2.2659"
M9H77_16339,CRO_T024031
M9H77_16340,"CRO_T028229, Cro001G.13246.1.p1, CrChr2.2657, CRO_T124829"
M9H77_16343,"CRO_T012834, CRO_T124833"
M9H77_16350,CRO_T013108
M9H77_16354,CRO_T016503
M9H77_16359,"Cro001G.13241.2.p1, CrChr2.2647, CRO_T124846"
M9H77_16368,CRO_T002069
M9H77_16371,"Cro001G.13232.1.p1, CrChr2.2640, CRO_T124863"
M9H77_16381,"Cro001G.13226.1.p2, CrChr2.2633"
M9H77_16382,"CRO_T028848, Cro001G.13226.1.p1, CRO_T124876"
M9H77_16383,"CRO_T005605, CRO_T124877"
M9H77_16384,"Cro001G.13221.1.p1, Cro001G.13221.2.p1"
M9H77_16385,"CRO_T005604, Cro001G.13220.1.p1, CrChr2.2628, CRO_T124880"
M9H77_16388,"CRO_T022294, CRO_T124882"
M9H77_16390,"Cro001G.13219.1.p1, Cro001G.13219.2.p1, Cro001G.13219.3.p1"
M9H77_16391,"Cro001G.13218.1.p1, CrChr2.2626"
M9H77_16392,CRO_T022378
M9H77_16393,CrChr2.2625
M9H77_16396,CRO_T009199
M9H77_16399,"CRO_T009198, CRO_T124892"
M9H77_16401,CRO_T028252
M9H77_16402,"Cro001G.13208.1.p1, CrChr2.2621, CRO_T124897"
M9H77_16403,CRO_T027701
M9H77_16409,"Cro001G.13206.1.p1, CrChr2.2617"
M9H77_16414,CRO_T009568
M9H77_16415,CRO_T009567
M9H77_16418,CRO_T024596
M9H77_16420,Cro001G.13209.1.p1
M9H77_16424,"CRO_T028995, CRO_T119435"
M9H77_16426,"CRO_T028993, Cro001G.13196.1.p1, CrChr2.2600, CRO_T119433"
M9H77_16431,"CRO_T030372, CrChr2.2597, CRO_T140910"
M9H77_16434,"CRO_T027447, Cro001G.13191.1.p1, CRO_T140915"
M9H77_16443,CRO_T003065
M9H77_16444,CRO_T002253
M9H77_16445,"CRO_T002252, CRO_T140926"
M9H77_16447,"Cro001G.13197.1.p1, CrChr2.2583, CRO_T140929"
M9H77_16448,Cro001G.13186.1.p1
M9H77_16450,Cro001G.13184.1.p1
M9H77_16459,Cro001G.13180.1.p1
M9H77_16462,CRO_T002130
M9H77_16464,CRO_T002131
M9H77_16465,CRO_T022923
M9H77_16480,"CRO_T033627, Cro001G.13157.1.p1, CRO_T140968"
M9H77_16495,CRO_T022838
M9H77_16499,"CRO_T000838, CRO_T140990"
M9H77_16509,Cro001G.13131.1.p1
M9H77_16517,"CRO_T027102, Cro001G.13126.1.p1, CRO_T141020"
M9H77_16530,CRO_T014217
M9H77_16531,CRO_T014218
M9H77_16532,"Cro001G.13145.1.p1, Cro001G.13145.2.p1, CrChr2.2502, CRO_T130479"
M9H77_16533,CRO_T005664
M9H77_16534,CRO_T005670
M9H77_16535,"CRO_T005669, CRO_T114886"
M9H77_16537,"Cro001G.13139.1.p1, CrChr2.2492, CRO_T114889"
M9H77_16540,"Cro001G.13117.1.p1, Cro001G.13117.2.p1"
M9H77_16542,"CRO_T005672, CRO_T114893"
M9H77_16547,CRO_T023965
M9H77_16548,"CRO_T023964, Cro001G.13118.1.p2, Cro001G.13118.10.p3, Cro001G.13118.11.p3, Cro001G.13118.12.p3, Cro001G.13118.13.p2, Cro001G.13118.14.p2, Cro001G.13118.16.p2, Cro001G.13118.17.p3, Cro001G.13118.19.p3, Cro001G.13118.2.p4, Cro001G.13118.20.p2, Cro001G.13118.3.p3, Cro001G.13118.4.p4, Cro001G.13118.5.p3, Cro001G.13118.6.p2, Cro001G.13118.9.p2, CRO_T114903"
M9H77_16550,CRO_T023966
M9H77_16559,"Cro001G.13100.1.p1, CrChr2.2482"
M9H77_16560,"Cro001G.13099.1.p1, CrChr2.2481"
M9H77_16572,"CRO_T013716, CRO_T114925"
M9H77_16573,"CRO_T013715, Cro001G.13114.1.p1, Cro001G.13114.3.p1, CrChr2.2473, CRO_T114927"
M9H77_16586,"CRO_T010030, Cro001G.13108.1.p1, Cro001G.13108.2.p1, CrChr2.2465, CRO_T114941"
M9H77_16595,"Cro001G.13105.1.p1, Cro001G.13105.2.p1, CrChr2.2457, CRO_T114954"
M9H77_16596,"Cro001G.13092.1.p1, CrChr2.2456, CRO_T114955"
M9H77_16597,"CRO_T004779, CrChr2.2455, CRO_T114956"
M9H77_16602,CRO_T029396
M9H77_16603,"Cro001G.13086.1.p1, CrChr2.2449"
M9H77_16604,"CRO_T029394, CRO_T114964"
M9H77_16606,Cro001G.13084.1.p1
M9H77_16608,"CRO_T029391, Cro001G.13085.1.p1, CrChr2.2445, CRO_T114967"
M9H77_16609,CRO_T027513
M9H77_16611,"CRO_T009445, Cro001G.13078.1.p1, CrChr2.2438, CRO_T114980"
M9H77_16612,"CRO_T009446, Cro001G.13078.1.p2, CrChr2.2437, CRO_T114981"
M9H77_16613,"CRO_T009448, CRO_T114982"
M9H77_16614,"CRO_T009447, CRO_T114983"
M9H77_16615,"Cro001G.13080.1.p1, CrChr2.2435, CRO_T114984"
M9H77_16616,CRO_T018384
M9H77_16617,"Cro001G.13075.1.p1, CrChr2.2434"
M9H77_16619,"Cro001G.13077.1.p1, CrChr2.2433"
M9H77_16620,"Cro001G.13076.1.p1, CrChr2.2432"
M9H77_16622,"CRO_T019442, CRO_T114998"
M9H77_16624,"CRO_T000666, Cro001G.13089.1.p1, Cro001G.13089.2.p1, Cro001G.13089.3.p1, CrChr2.2431"
M9H77_16625,CRO_T023184
M9H77_16626,CRO_T007107
M9H77_16627,Cro001G.13087.2.p1
M9H77_16628,"CRO_T007108, Cro001G.13087.2.p2, CrChr2.2426, CRO_T115003"
M9H77_16629,CrChr2.2421
M9H77_16630,"CRO_T029978, CrChr2.2420, CRO_T115009"
M9H77_16633,CRO_T013071
M9H77_16638,"CRO_T025120, CRO_T115027"
M9H77_16641,"CRO_T001273, CRO_T115033"
M9H77_16645,"CRO_T008521, Cro001G.13069.1.p1, CrChr2.2411, CRO_T115036"
M9H77_16657,CRO_T011990
M9H77_16658,CRO_T015643
M9H77_16659,"CRO_T015644, CRO_T115057"
M9H77_16664,CRO_T032086
M9H77_16665,CRO_T020153
M9H77_16666,CRO_T000231
M9H77_16671,CRO_T011156
M9H77_16678,"Cro001G.13054.1.p2, CrChr2.2392"
M9H77_16680,CRO_T014596
M9H77_16681,CRO_T014597
M9H77_16683,CRO_T031460
M9H77_16684,"Cro001G.13049.1.p1, Cro001G.13049.4.p1, CrChr2.2390, CRO_T115087"
M9H77_16685,"CRO_T015445, Cro001G.13047.1.p1, CrChr2.2389, CRO_T115088"
M9H77_16687,CRO_T004233
M9H77_16691,"CRO_T032367, CRO_T115099"
M9H77_16696,CRO_T020678
M9H77_16701,"CRO_T019939, CRO_T115114"
M9H77_16707,CRO_T003846
M9H77_16708,CRO_T005581
M9H77_16713,CRO_T019447
M9H77_16724,CRO_T013795
M9H77_16725,CRO_T013795
M9H77_16734,CRO_T007737
M9H77_16744,CRO_T021632
M9H77_16751,"CRO_T032107, CRO_T115133"
M9H77_16752,CRO_T009873
M9H77_16756,"CRO_T013934, Cro001G.20144.1.p1, CrChr2.2336, CRO_T115138"
M9H77_16758,"CRO_T017962, CRO_T115141"
M9H77_16768,"CRO_T002775, CRO_T115151"
M9H77_16774,CRO_T015354
M9H77_16775,CRO_T012307
M9H77_16776,Cro001G.20136.1.p1
M9H77_16777,CRO_T015266
M9H77_16779,"Cro001G.20139.1.p1, CrChr2.2314, CRO_T115168"
M9H77_16780,CrChr2.2313
M9H77_16781,CRO_T029403
M9H77_16784,"CRO_T002599, Cro001G.20138.1.p1, CrChr2.2310, CRO_T115170"
M9H77_16785,CRO_T002598
M9H77_16787,CRO_T001526
M9H77_16788,CRO_T031688
M9H77_16789,CRO_T031690
M9H77_16790,"Cro001G.20134.1.p1, Cro001G.20134.4.p1"
M9H77_16798,"CRO_T018329, CRO_T115179"
M9H77_16800,"CrChr2.2301, CRO_T115183"
M9H77_16801,CRO_T003691
M9H77_16802,"CRO_T003690, CRO_T115184"
M9H77_16806,Cro001G.20123.2.p1
M9H77_16807,CRO_T018770
M9H77_16812,"CRO_T018839, CRO_T115201"
M9H77_16820,CRO_T033199
M9H77_16821,CRO_T033197
M9H77_16822,CRO_T016577
M9H77_16823,"CRO_T008056, CRO_T115216"
M9H77_16825,"Cro001G.20115.1.p1, Cro001G.20115.3.p1"
M9H77_16826,CRO_T030072
M9H77_16831,"Cro001G.20114.1.p1, CrChr2.2280, CRO_T115228"
M9H77_16837,"CRO_T029882, CRO_T115233"
M9H77_16838,"CRO_T027694, CRO_T115235"
M9H77_16845,CRO_T027155
M9H77_16846,CRO_T030059
M9H77_16848,"Cro001G.20104.1.p1, CrChr2.2265"
M9H77_16849,"CRO_T002264, CRO_T115249"
M9H77_16850,CrChr2.2261
M9H77_16851,CRO_T002266
M9H77_16852,CRO_T002265
M9H77_16853,CRO_T002267
M9H77_16854,"CrChr2.2260, CRO_T115255"
M9H77_16858,"CRO_T006314, Cro001G.20101.1.p1"
M9H77_16859,"CRO_T011424, CrChr2.2257"
M9H77_16860,CRO_T019480
M9H77_16861,CRO_T022839
M9H77_16864,"CRO_T014956, CRO_T115270"
M9H77_16866,CRO_T013751
M9H77_16870,"Cro001G.20097.1.p1, CrChr2.2245"
M9H77_16871,CRO_T032088
M9H77_16872,Cro001G.20095.1.p1
M9H77_16873,CRO_T031536
M9H77_16876,"CRO_T021778, Cro001G.20088.1.p1, CrChr2.2240, CRO_T115290"
M9H77_16882,"CRO_T003814, CRO_T115295"
M9H77_16885,CRO_T003207
M9H77_16888,"CRO_T000571, Cro001G.20087.1.p1, CrChr2.2233, CRO_T115302"
M9H77_16889,"CRO_T031968, Cro001G.20079.1.p1, CRO_T115303"
M9H77_16892,"Cro001G.20080.1.p1, CrChr2.2230"
M9H77_16896,CrChr2.2227
M9H77_16897,"Cro001G.20077.1.p1, CrChr2.2226"
M9H77_16899,"CRO_T001381, CRO_T115313"
M9H77_16902,"Cro001G.20076.1.p1, Cro001G.20076.10.p1, Cro001G.20076.11.p1, Cro001G.20076.2.p1, Cro001G.20076.3.p1, Cro001G.20076.4.p1, Cro001G.20076.5.p1, Cro001G.20076.6.p1, Cro001G.20076.7.p1, Cro001G.20076.8.p1, Cro001G.20076.9.p1, CrChr2.2222"
M9H77_16906,CRO_T001556
M9H77_16909,"CRO_T001557, CRO_T115323"
M9H77_16910,Cro001G.20073.1.p1
M9H77_16912,Cro001G.20071.1.p1
M9H77_16914,"Cro001G.20070.1.p1, CrChr2.2212"
M9H77_16920,CRO_T022932
M9H77_16921,CRO_T020871
M9H77_16924,CRO_T026780
M9H77_16925,CRO_T001807
M9H77_16926,CRO_T013355
M9H77_16927,"Cro001G.20061.1.p1, CrChr2.2205"
M9H77_16929,CRO_T001873
M9H77_16931,"CRO_T003408, CrChr2.2204, CRO_T115346"
M9H77_16932,CRO_T012739
M9H77_16933,CRO_T012740
M9H77_16934,"Cro001G.20060.1.p1, CrChr2.2202"
M9H77_16937,"CRO_T028344, Cro001G.20067.3.p1, CrChr2.2193, CRO_T115358"
M9H77_16938,"CRO_T028343, Cro001G.20067.1.p1, Cro001G.20067.2.p1, Cro001G.20067.4.p1, CrChr2.2192, CRO_T115359"
M9H77_16939,"CRO_T028346, CRO_T115361"
M9H77_16940,"Cro001G.20065.1.p1, CrChr2.2190"
M9H77_16941,"Cro001G.20065.2.p1, CrChr2.2189"
M9H77_16944,"Cro001G.20066.1.p1, CrChr2.2188"
M9H77_16945,"CRO_T012132, Cro001G.20056.1.p1, Cro001G.20056.2.p1, CrChr2.2187, CRO_T115366"
M9H77_16946,"Cro001G.20054.1.p1, CrChr2.2186, CRO_T115368"
M9H77_16948,CRO_T028836
M9H77_16950,"CRO_T033192, CRO_T115375"
M9H77_16952,Cro001G.20053.1.p1
M9H77_16954,"CRO_T005475, Cro001G.20047.1.p1, CrChr2.2181, CRO_T115383"
M9H77_16956,"CRO_T005476, Cro001G.20049.1.p1, Cro001G.20049.2.p1, CrChr2.2179, CRO_T115385"
M9H77_16958,CRO_T024612
M9H77_16961,CRO_T021244
M9H77_16962,"CRO_T010665, CrChr2.2174, CRO_T115391"
M9H77_16963,"Cro001G.17498.1.p2, Cro001G.17498.2.p2, Cro001G.20044.1.p2, Cro001G.20044.2.p2"
M9H77_16964,CRO_T010667
M9H77_16967,"Cro001G.20043.1.p1, CrChr2.2169"
M9H77_16968,"CRO_T008721, Cro001G.17494.1.p1, Cro001G.20039.1.p1, CrChr2.2168, CRO_T115399"
M9H77_16972,Cro001G.17491.1.p1
M9H77_16974,"CRO_T017524, CrChr2.2163, CRO_T115405"
M9H77_16977,"CRO_T026286, Cro001G.17485.1.p1, CrChr2.2161, CRO_T115410"
M9H77_16978,"CRO_T026289, Cro001G.17486.1.p1, CrChr2.2160, CRO_T115411"
M9H77_16985,CRO_T004978
M9H77_16989,CRO_T009668
M9H77_16990,"CRO_T010937, CRO_T115428"
M9H77_16991,CRO_T028867
M9H77_16999,CRO_T012337
M9H77_17007,CRO_T005864
M9H77_17008,CRO_T025297
M9H77_17009,CRO_T025298
M9H77_17010,CRO_T029152
M9H77_17012,Cro001G.17475.2.p1
M9H77_17013,CRO_T027007
M9H77_17014,"CRO_T001632, Cro001G.17473.1.p1, CrChr2.2141, CRO_T120992"
M9H77_17015,"CRO_T001637, CRO_T120993"
M9H77_17016,CRO_T001634
M9H77_17022,CRO_T003454
M9H77_17024,CRO_T005864
M9H77_17025,"CRO_T002286, CRO_T123037"
M9H77_17027,CRO_T002060
M9H77_17028,"CRO_T002061, Cro001G.17472.1.p1, CrChr2.2128, CRO_T123044"
M9H77_17030,CRO_T027555
M9H77_17032,"Cro001G.17471.1.p1, Cro001G.17471.2.p1, Cro001G.17471.3.p1, CrChr2.2125"
M9H77_17033,"CRO_T007144, CRO_T123050"
M9H77_17034,CrChr2.2123
M9H77_17035,"CRO_T021027, CRO_T123055"
M9H77_17039,"CRO_T022571, Cro001G.17468.1.p1, CrChr2.2113, CRO_T123060"
M9H77_17041,"CRO_T012978, Cro001G.17463.1.p1, CrChr2.2112, CRO_T123062"
M9H77_17047,"Cro001G.17459.1.p1, CrChr2.2107"
M9H77_17049,"Cro001G.17456.2.p1, CrChr2.2103"
M9H77_17050,CRO_T123073
M9H77_17051,"CRO_T019213, Cro001G.17455.1.p1, CrChr2.2100, CRO_T123074"
M9H77_17064,CRO_T005057
M9H77_17066,"Cro001G.17451.2.p1, Cro001G.17451.3.p1, CrChr2.2090"
M9H77_17067,"Cro001G.17447.1.p1, Cro001G.17447.3.p1, Cro001G.17447.6.p1"
M9H77_17068,"CRO_T008919, CRO_T123096"
M9H77_17069,Cro001G.17444.1.p1
M9H77_17071,CRO_T002198
M9H77_17073,CRO_T024540
M9H77_17078,"CRO_T025329, CRO_T123104"
M9H77_17079,"CRO_T025328, CRO_T123105"
M9H77_17081,CRO_T002062
M9H77_17082,"CRO_T007340, Cro001G.17441.1.p1, Cro001G.17441.2.p1, Cro001G.17441.3.p1, Cro001G.17441.4.p1, CrChr2.2076, CRO_T123109"
M9H77_17083,"CRO_T007342, CRO_T123110"
M9H77_17093,"Cro001G.17440.2.p1, CrChr2.2069"
M9H77_17095,CRO_T028168
M9H77_17096,"CRO_T028167, CRO_T123121"
M9H77_17101,"CRO_T025347, CRO_T123127"
M9H77_17102,"CRO_T025346, CRO_T123128"
M9H77_17104,"CRO_T025341, CrChr2.2061, CRO_T123129"
M9H77_17106,"CRO_T025342, Cro001G.17436.3.p1, CrChr2.2060, CRO_T123131"
M9H77_17107,"CRO_T025343, Cro001G.17435.1.p1, Cro001G.17435.2.p1, Cro001G.17435.4.p1, Cro001G.17435.5.p1, Cro001G.17435.6.p1, Cro001G.17435.8.p1, Cro001G.17435.9.p1, Cro001G.17436.1.p1, CRO_T123133"
M9H77_17111,"Cro001G.17430.1.p1, CrChr2.2057"
M9H77_17114,CRO_T031348
M9H77_17115,"CRO_T020909, CRO_T123140"
M9H77_17121,CRO_T028286
M9H77_17122,CRO_T000588
M9H77_17123,"CRO_T000589, CRO_T123146"
M9H77_17129,Cro001G.17424.1.p1
M9H77_17131,"CRO_T031497, Cro001G.17426.1.p1, CRO_T123155"
M9H77_17136,"Cro001G.17423.1.p1, CrChr2.2040"
M9H77_17137,CRO_T008959
M9H77_17139,"CRO_T028802, Cro001G.17421.1.p1"
M9H77_17147,CRO_T011805
M9H77_17148,CRO_T011805
M9H77_17150,Cro001G.17417.2.p1
M9H77_17151,"CRO_T032599, CRO_T123171"
M9H77_17153,"Cro001G.17414.1.p1, CrChr2.2031"
M9H77_17154,CRO_T022327
M9H77_17155,CRO_T023980
M9H77_17156,CRO_T023979
M9H77_17157,CRO_T029387
M9H77_17159,CRO_T029386
M9H77_17160,CRO_T029385
M9H77_17161,CRO_T013944
M9H77_17162,CRO_T013945
M9H77_17167,"CRO_T019114, CRO_T123189"
M9H77_17173,CRO_T012724
M9H77_17174,"CRO_T000342, CRO_T123196"
M9H77_17175,"CRO_T000343, CRO_T123197"
M9H77_17177,CRO_T004089
M9H77_17178,CRO_T004088
M9H77_17179,"CRO_T021899, CRO_T123201"
M9H77_17180,CRO_T015360
M9H77_17183,CRO_T013348
M9H77_17184,"CRO_T013347, CRO_T123204"
M9H77_17187,CRO_T030986
M9H77_17188,CRO_T030987
M9H77_17189,Cro001G.17406.2.p1
M9H77_17190,"CRO_T009958, CRO_T123215"
M9H77_17194,CRO_T011941
M9H77_17197,CRO_T027873
M9H77_17199,CRO_T027874
M9H77_17200,"CRO_T027875, CRO_T123227"
M9H77_17201,CRO_T014297
M9H77_17202,CRO_T014298
M9H77_17205,CRO_T009113
M9H77_17206,CRO_T009115
M9H77_17209,CRO_T008298
M9H77_17210,CRO_T025010
M9H77_17211,CRO_T024977
M9H77_17213,Cro001G.17402.1.p1
M9H77_17214,CRO_T005231
M9H77_17225,CRO_T015205
M9H77_17226,CRO_T015204
M9H77_17229,CRO_T020970
M9H77_17231,CrChr2.1994
M9H77_17238,CRO_T030525
M9H77_17239,"Cro001G.17394.2.p1, Cro001G.17394.4.p1, Cro001G.17394.6.p1, Cro001G.17394.7.p1"
M9H77_17243,"CRO_T016626, CRO_T123270"
M9H77_17246,CRO_T008451
M9H77_17248,"CRO_T002733, CRO_T123275"
M9H77_17249,CRO_T002731
M9H77_17250,"CRO_T030143, CRO_T123280"
M9H77_17251,CRO_T016613
M9H77_17261,CRO_T024402
M9H77_17263,CRO_T022472
M9H77_17266,CRO_T021907
M9H77_17267,CrChr2.1968
M9H77_17269,CRO_T024883
M9H77_17270,CRO_T024562
M9H77_17272,"Cro001G.9132.2.p1, CrChr2.1963, CRO_T107425"
M9H77_17275,CRO_T025018
M9H77_17279,CRO_T024136
M9H77_17280,CRO_T024135
M9H77_17282,CRO_T024766
M9H77_17283,"CRO_T008735, CRO_T107435"
M9H77_17285,"Cro001G.9133.1.p1, CrChr2.1954"
M9H77_17289,Cro001G.9140.1.p1
M9H77_17290,"Cro001G.9142.1.p1, CRO_T107444"
M9H77_17291,CRO_T016768
M9H77_17294,"CRO_T016770, CRO_T107447"
M9H77_17295,"CRO_T016767, CRO_T107448"
M9H77_17297,"CRO_T009638, CRO_T107449"
M9H77_17300,"CRO_T017896, Cro001G.9143.1.p1, CrChr2.1943, CRO_T107453"
M9H77_17301,"CRO_T017897, CRO_T107454"
M9H77_17304,CRO_T008974
M9H77_17305,"Cro001G.9146.1.p1, CrChr2.1937"
M9H77_17306,"CRO_T016160, CRO_T107461"
M9H77_17308,"CRO_T009264, CRO_T107462"
M9H77_17310,"CRO_T013540, CRO_T107463"
M9H77_17311,CRO_T013541
M9H77_17317,CRO_T025033
M9H77_17320,CRO_T015443
M9H77_17322,CRO_T010819
M9H77_17324,CRO_T010818
M9H77_17331,CRO_T033506
M9H77_17332,"CRO_T027732, CRO_T130866"
M9H77_17334,CRO_T022753
M9H77_17335,CRO_T008687
M9H77_17338,CRO_T028981
M9H77_17343,CRO_T012380
M9H77_17344,"CRO_T033569, CRO_T113618"
M9H77_17345,"CRO_T033570, CRO_T113617"
M9H77_17346,"CRO_T033571, CRO_T113616"
M9H77_17347,"CRO_T005841, CRO_T113615"
M9H77_17348,"Cro001G.9155.1.p1, CrChr2.1912"
M9H77_17350,CRO_T031683
M9H77_17351,CRO_T031684
M9H77_17353,"CRO_T031686, CRO_T113608"
M9H77_17354,"Cro001G.9161.2.p1, Cro001G.9161.3.p1"
M9H77_17355,CRO_T002657
M9H77_17362,CRO_T021680
M9H77_17363,"CRO_T009134, CRO_T116017"
M9H77_17365,CRO_T000983
M9H77_17371,CRO_T011647
M9H77_17372,"Cro001G.9166.1.p1, CrChr2.1894"
M9H77_17376,"Cro001G.13554.2.p1, CrChr3.1700"
M9H77_17377,Cro001G.9168.2.p1
M9H77_17380,CRO_T024680
M9H77_17381,CRO_T012347
M9H77_17382,"CRO_T024197, Cro001G.9179.1.p1, Cro001G.9179.2.p1, Cro001G.9179.3.p1, Cro001G.9179.4.p1, Cro001G.9179.5.p1"
M9H77_17384,"CRO_T009141, CRO_T138139"
M9H77_17385,CRO_T009140
M9H77_17386,CRO_T009139
M9H77_17389,"CRO_T011630, CRO_T138137"
M9H77_17390,"CRO_T011631, Cro001G.9171.1.p1, CrChr2.1887, CRO_T138136"
M9H77_17393,CRO_T007079
M9H77_17394,CRO_T016684
M9H77_17398,CRO_T004737
M9H77_17400,"CRO_T021396, CRO_T138125"
M9H77_17402,"Cro001G.9180.1.p1, CrChr2.1878"
M9H77_17403,"Cro001G.9181.1.p1, CrChr2.1877"
M9H77_17405,"Cro001G.9192.1.p1, Cro001G.9192.5.p1, Cro001G.9192.6.p1, CrChr2.1876"
M9H77_17406,CRO_T025296
M9H77_17410,"CRO_T018461, CRO_T138116"
M9H77_17413,CRO_T000106
M9H77_17417,"CRO_T024769, CRO_T138112"
M9H77_17418,"CRO_T024768, Cro001G.9182.1.p1, CRO_T138111"
M9H77_17419,CRO_T032400
M9H77_17420,"CRO_T015247, Cro001G.9183.1.p1, CrChr2.1869, CRO_T138109"
M9H77_17424,"Cro001G.9184.1.p1, CrChr2.1867"
M9H77_17425,CRO_T010418
M9H77_17429,"CRO_T011301, CRO_T138102"
M9H77_17431,Cro001G.9185.1.p1
M9H77_17432,"Cro001G.9186.1.p1, CrChr2.1859"
M9H77_17434,"CRO_T018999, Cro001G.9189.1.p1, CrChr2.1858, CRO_T138096"
M9H77_17439,CRO_T015975
M9H77_17441,CrChr2.1854
M9H77_17442,"CRO_T015976, CRO_T138090"
M9H77_17443,CRO_T015977
M9H77_17446,"CRO_T003481, Cro001G.9195.1.p1, Cro001G.9195.2.p1, Cro001G.9195.3.p1"
M9H77_17447,CRO_T018821
M9H77_17448,CRO_T018822
M9H77_17450,"CRO_T017093, CRO_T138081"
M9H77_17451,CRO_T017094
M9H77_17452,CRO_T032869
M9H77_17453,CRO_T032868
M9H77_17455,CRO_T026135
M9H77_17456,"CRO_T030381, CRO_T138075"
M9H77_17458,CRO_T000625
M9H77_17459,"Cro001G.9196.1.p1, CrChr2.1841, CRO_T138072"
M9H77_17461,Cro001G.9205.3.p1
M9H77_17462,"CRO_T027778, CRO_T138070"
M9H77_17463,CRO_T025474
M9H77_17468,CRO_T019122
M9H77_17471,"CRO_T020050, Cro001G.9201.1.p1"
M9H77_17472,"CRO_T020051, Cro001G.9203.1.p1, Cro001G.9203.2.p1, Cro001G.9203.3.p1, Cro001G.9203.4.p1, Cro001G.9203.5.p1, CrChr2.1826"
M9H77_17473,CRO_T020052
M9H77_17475,"CRO_T026058, CRO_T138053"
M9H77_17476,Cro001G.9206.1.p1
M9H77_17477,CRO_T006299
M9H77_17478,CRO_T006300
M9H77_17480,"CRO_T014874, CRO_T138047"
M9H77_17482,"Cro001G.9209.1.p1, Cro001G.9209.2.p1, Cro001G.9209.3.p1, CrChr2.1819, CRO_T138045"
M9H77_17486,"CRO_T006861, CRO_T138042"
M9H77_17490,CRO_T009261
M9H77_17491,CRO_T016660
M9H77_17494,CRO_T015589
M9H77_17495,"CRO_T015586, CRO_T138032"
M9H77_17496,CRO_T015588
M9H77_17497,CRO_T015587
M9H77_17499,"CRO_T025019, CRO_T138029"
M9H77_17500,"Cro001G.9217.2.p1, CrChr2.1809"
M9H77_17501,"CRO_T002905, CRO_T138024"
M9H77_17506,CRO_T025418
M9H77_17507,"CRO_T019640, CRO_T119588"
M9H77_17509,"CRO_T004637, CRO_T119593"
M9H77_17510,"CRO_T004635, Cro001G.9218.1.p1, CrChr2.1807, CRO_T119594"
M9H77_17514,Cro001G.9220.1.p1
M9H77_17516,"CRO_T027660, CRO_T119602"
M9H77_17518,"CRO_T027661, CRO_T119605"
M9H77_17519,"CRO_T027662, CRO_T119606"
M9H77_17520,"CRO_T027597, CRO_T119608"
M9H77_17527,CRO_T029513
M9H77_17528,"CRO_T029510, CRO_T122506"
M9H77_17529,"CRO_T029511, CRO_T122507"
M9H77_17531,"CRO_T015026, CRO_T122510"
M9H77_17532,CRO_T001070
M9H77_17537,"CRO_T022074, CRO_T122516"
M9H77_17538,CRO_T022073
M9H77_17539,CRO_T022073
M9H77_17540,"CRO_T027916, CRO_T114510"
M9H77_17541,"CRO_T027914, Cro001G.9232.1.p1, Cro001G.9232.2.p1, Cro001G.9232.4.p1, CrChr2.1786"
M9H77_17542,CRO_T027915
M9H77_17543,CRO_T004063
M9H77_17547,CRO_T028031
M9H77_17548,"CrChr2.1781, CRO_T114495"
M9H77_17550,CRO_T032178
M9H77_17551,CRO_T032177
M9H77_17554,CRO_T009732
M9H77_17555,CRO_T009731
M9H77_17556,Cro001G.9229.1.p1
M9H77_17558,"CRO_T019299, CRO_T114488"
M9H77_17560,CRO_T022836
M9H77_17563,CRO_T030836
M9H77_17564,CRO_T011569
M9H77_17565,"CRO_T020426, CRO_T114481"
M9H77_17568,CRO_T032056
M9H77_17571,CRO_T020596
M9H77_17573,"Cro001G.9231.1.p1, CrChr2.1756"
M9H77_17574,CRO_T013122
M9H77_17578,CRO_T031358
M9H77_17582,CRO_T021625
M9H77_17585,CRO_T016073
M9H77_17587,"CRO_T005872, CRO_T118217"
M9H77_17588,Cro001G.9234.1.p1
M9H77_17590,Cro001G.9236.1.p1
M9H77_17592,CRO_T032014
M9H77_17593,CRO_T010407
M9H77_17595,"CRO_T007820, CRO_T118208"
M9H77_17596,"CRO_T010825, Cro001G.9235.1.p1, CRO_T123351"
M9H77_17597,"CRO_T003285, CRO_T123354"
M9H77_17598,CRO_T003286
M9H77_17599,CRO_T003287
M9H77_17600,CRO_T003288
M9H77_17603,CRO_T029759
M9H77_17605,Cro001G.9243.1.p1
M9H77_17609,CRO_T000505
M9H77_17616,CRO_T005119
M9H77_17622,"CRO_T012313, CRO_T136037"
M9H77_17623,"CRO_T012311, Cro001G.9253.1.p1, CrChr2.1710, CRO_T136038"
M9H77_17628,CRO_T008707
M9H77_17629,"CRO_T008706, CRO_T136042"
M9H77_17630,"CRO_T020734, Cro001G.9255.1.p1, CrChr2.1707"
M9H77_17633,CRO_T028230
M9H77_17636,CRO_T028616
M9H77_17637,CRO_T032510
M9H77_17638,CRO_T032509
M9H77_17649,"CRO_T013392, CRO_T136059"
M9H77_17651,"CRO_T013393, CRO_T136060"
M9H77_17655,CRO_T013390
M9H77_17656,CRO_T031493
M9H77_17657,"CRO_T017640, CRO_T136062"
M9H77_17658,CRO_T029012
M9H77_17659,"Cro001G.9264.1.p1, CrChr2.1696"
M9H77_17660,CRO_T029011
M9H77_17663,"CRO_T027420, CRO_T136075"
M9H77_17664,"CRO_T027419, CRO_T136076"
M9H77_17665,"CRO_T010245, CRO_T136079"
M9H77_17666,CRO_T010246
M9H77_17667,CRO_T018052
M9H77_17671,CRO_T032776
M9H77_17672,CrChr2.1685
M9H77_17681,"CRO_T005115, CRO_T136094"
M9H77_17682,CRO_T005116
M9H77_17684,CRO_T002301
M9H77_17693,"CRO_T028971, CRO_T136111"
M9H77_17694,CRO_T028972
M9H77_17695,CRO_T024608
M9H77_17697,"CRO_T024607, CRO_T136116"
M9H77_17703,"Cro001G.9275.1.p1, CRO_T121584"
M9H77_17710,"CRO_T008727, Cro001G.9285.1.p1, CrChr2.1659, CRO_T121573"
M9H77_17713,CRO_T031182
M9H77_17716,"CRO_T018614, CRO_T118954"
M9H77_17717,"CRO_T018613, CRO_T118953"
M9H77_17718,CRO_T012340
M9H77_17719,CRO_T012340
M9H77_17724,"CRO_T013236, Cro001G.9287.1.p1, CrChr2.1649, CRO_T118948"
M9H77_17730,CRO_T012450
M9H77_17733,"CRO_T026485, CRO_T118936"
M9H77_17739,CRO_T022991
M9H77_17741,CRO_T006896
M9H77_17742,"CRO_T026301, CRO_T139833"
M9H77_17753,CRO_T011932
M9H77_17755,CRO_T032026
M9H77_17762,CRO_T001830
M9H77_17765,CRO_T015788
M9H77_17767,CRO_T021636
M9H77_17771,CRO_T007974
M9H77_17775,CRO_T012083
M9H77_17776,"Cro001G.9301.1.p1, CrChr2.1616, CRO_T139791"
M9H77_17777,"CRO_T012085, CRO_T139790"
M9H77_17781,CRO_T025323
M9H77_17782,"CRO_T013130, CRO_T139786"
M9H77_17783,CRO_T013126
M9H77_17784,CRO_T013129
M9H77_17785,"CRO_T013125, CRO_T139783"
M9H77_17786,CRO_T013127
M9H77_17788,CRO_T022225
M9H77_17792,CRO_T026984
M9H77_17793,CRO_T026986
M9H77_17796,"CRO_T018017, CRO_T139776"
M9H77_17797,"CRO_T018020, CRO_T139775"
M9H77_17798,CRO_T018019
M9H77_17799,CRO_T018022
M9H77_17800,CRO_T018018
M9H77_17801,"CRO_T018016, CRO_T139770"
M9H77_17802,"CRO_T018015, CRO_T139769"
M9H77_17803,CrChr2.1603
M9H77_17804,CRO_T005981
M9H77_17805,CRO_T014737
M9H77_17809,"CRO_T009558, CRO_T139760"
M9H77_17810,"CRO_T009560, CRO_T139759"
M9H77_17811,"CRO_T009559, CRO_T139758"
M9H77_17812,CRO_T009561
M9H77_17814,CRO_T008565
M9H77_17815,"Cro001G.9314.1.p1, CrChr2.1594"
M9H77_17817,CRO_T015660
M9H77_17818,"Cro001G.9322.1.p1, CrChr2.1592"
M9H77_17819,"CRO_T024103, Cro001G.9323.1.p1, Cro001G.9324.1.p1, Cro001G.9324.2.p1, Cro001G.9324.3.p1, CrChr2.1589, CRO_T139749"
M9H77_17820,"CRO_T024104, Cro001G.9324.1.p2, CrChr2.1588, CRO_T139748"
M9H77_17824,CRO_T019797
M9H77_17829,"Cro001G.9319.1.p1, CrChr2.1581"
M9H77_17836,"CRO_T023626, CRO_T105098"
M9H77_17837,"CRO_T023625, CRO_T105100"
M9H77_17843,"CRO_T020191, CRO_T105102"
M9H77_17846,CRO_T024168
M9H77_17847,CRO_T030218
M9H77_17848,"CRO_T003385, Cro001G.9325.1.p2, Cro001G.9325.2.p2, Cro001G.9325.3.p2, CRO_T105107"
M9H77_17849,"CRO_T003383, Cro001G.9325.1.p1, Cro001G.9325.2.p1, Cro001G.9325.3.p1, CrChr2.1571, CRO_T105108"
M9H77_17853,"CRO_T021155, CRO_T105110"
M9H77_17854,CRO_T027380
M9H77_17856,CrChr2.1566
M9H77_17857,"CRO_T027378, CRO_T105115"
M9H77_17858,CRO_T027379
M9H77_17860,Cro001G.9329.1.p1
M9H77_17865,"Cro001G.9332.1.p1, CrChr2.1558"
M9H77_17871,"CRO_T032064, CRO_T105136"
M9H77_17874,CrChr2.1554
M9H77_17876,Cro001G.9337.6.p1
M9H77_17877,CRO_T020954
M9H77_17879,"CRO_T012356, CRO_T105146"
M9H77_17890,CRO_T014701
M9H77_17892,CrChr2.1543
M9H77_17901,"Cro001G.9345.1.p1, CrChr2.1535"
M9H77_17902,"Cro001G.9342.1.p1, CrChr2.1534"
M9H77_17907,"CRO_T030032, CRO_T105175"
M9H77_17911,"Cro001G.9343.1.p1, CrChr2.1531, CRO_T105179"
M9H77_17922,CRO_T020059
M9H77_17928,Cro001G.9348.1.p2
M9H77_17945,"CRO_T029213, CRO_T105568"
M9H77_17946,CRO_T006581
M9H77_17948,CRO_T011062
M9H77_17953,"CRO_T025591, Cro001G.9357.1.p1, CrChr2.1510, CRO_T105555"
M9H77_17956,"Cro001G.9360.1.p1, CrChr2.1508, CRO_T105552"
M9H77_17962,CRO_T011388
M9H77_17963,CrChr2.1504
M9H77_17967,"Cro001G.9362.1.p1, Cro001G.9362.2.p1"
M9H77_17969,"CRO_T010098, CRO_T105535"
M9H77_17977,CRO_T008715
M9H77_17978,"Cro001G.9366.1.p1, CrChr2.1492"
M9H77_17984,"CRO_T014764, CRO_T105517"
M9H77_17987,"CRO_T001210, CRO_T105509"
M9H77_17988,"Cro001G.9370.1.p1, CrChr2.1486"
M9H77_17990,"CRO_T025174, CRO_T105505"
M9H77_17991,"CRO_T025173, Cro001G.9371.1.p1, CrChr2.1483, CRO_T105504"
M9H77_17993,"CRO_T024421, CRO_T105500"
M9H77_17996,"CRO_T001147, CRO_T002354, CrChr2.1475"
M9H77_17997,"CRO_T002351, CRO_T001144"
M9H77_17998,"CRO_T001148, CRO_T002355, Cro001G.9377.1.p5, Cro001G.9377.3.p1, Cro001G.9381.1.p3"
M9H77_17999,CRO_T001145
M9H77_18000,CRO_T025348
M9H77_18001,CRO_T001218
M9H77_18002,"Cro001G.9378.1.p1, Cro001G.9378.2.p1"
M9H77_18009,"CRO_T025349, CRO_T105485"
M9H77_18010,CRO_T025348
M9H77_18011,CRO_T001145
M9H77_18012,"CRO_T001148, CRO_T002355, Cro001G.9377.1.p5, Cro001G.9377.3.p1, Cro001G.9381.1.p3"
M9H77_18013,"CRO_T002351, CRO_T001144"
M9H77_18014,"CRO_T001147, CRO_T002354, CrChr2.1475"
M9H77_18016,Cro001G.9384.1.p1
M9H77_18018,"CRO_T033214, CRO_T105481"
M9H77_18025,CRO_T018514
M9H77_18026,"Cro001G.9389.1.p1, CrChr2.1450"
M9H77_18027,CRO_T018446
M9H77_18029,"CRO_T018443, CRO_T105468"
M9H77_18030,CRO_T002881
M9H77_18031,"CRO_T013535, CRO_T105465"
M9H77_18034,"CRO_T014459, Cro001G.9395.4.p1, CrChr2.1444"
M9H77_18036,"CRO_T014460, CRO_T105456"
M9H77_18037,CRO_T014461
M9H77_18039,CRO_T024092
M9H77_18042,"Cro001G.9396.2.p1, CrChr2.1441"
M9H77_18043,"Cro001G.9394.1.p1, CrChr2.1439, CRO_T105449"
M9H77_18044,"Cro001G.9398.1.p1, Cro001G.9398.2.p1"
M9H77_18048,CRO_T105443
M9H77_18051,Cro001G.9404.3.p1
M9H77_18062,"Cro001G.9399.1.p1, CrChr2.1425"
M9H77_18064,"CRO_T005645, CRO_T105431"
M9H77_18069,CRO_T033431
M9H77_18070,CRO_T033432
M9H77_18072,CRO_T105426
M9H77_18077,"CRO_T014285, CRO_T105422"
M9H77_18079,"CRO_T013023, Cro001G.9410.1.p1"
M9H77_18080,CRO_T013022
M9H77_18082,CRO_T013025
M9H77_18083,"Cro001G.9414.1.p1, Cro001G.9414.2.p2, CrChr2.1412, CRO_T105417"
M9H77_18084,"CRO_T013019, Cro001G.9415.1.p1, CRO_T105416"
M9H77_18085,"CRO_T013018, CrChr2.1410, CRO_T105415"
M9H77_18086,CRO_T105414
M9H77_18088,"CRO_T011144, CRO_T105411"
M9H77_18090,"CRO_T032301, Cro001G.9420.1.p1, Cro001G.9420.2.p1, CRO_T105410"
M9H77_18091,CRO_T032304
M9H77_18092,"CRO_T032305, CRO_T105408"
M9H77_18093,"CRO_T032298, CRO_T105407"
M9H77_18096,CRO_T032300
M9H77_18097,CRO_T032299
M9H77_18098,"CRO_T010241, CRO_T105404"
M9H77_18099,Cro001G.9426.2.p1
M9H77_18100,"CRO_T020006, CrChr2.1397, CRO_T105400"
M9H77_18102,"CRO_T020007, CrChr2.1396, CRO_T105398"
M9H77_18104,CRO_T011765
M9H77_18106,CRO_T029129
M9H77_18109,CRO_T029132
M9H77_18110,CRO_T007839
M9H77_18113,CRO_T010975
M9H77_18115,CRO_T026834
M9H77_18116,CRO_T026833
M9H77_18120,"CRO_T011808, CRO_T105371"
M9H77_18123,CRO_T031845
M9H77_18125,CRO_T014857
M9H77_18127,CRO_T023310
M9H77_18130,"CRO_T024169, Cro001G.9430.3.p1"
M9H77_18134,CRO_T008324
M9H77_18140,CRO_T005908
M9H77_18142,CRO_T023009
M9H77_18144,CRO_T012796
M9H77_18145,"Cro001G.9438.2.p1, CrChr2.1365, CRO_T105338"
M9H77_18148,"Cro001G.9433.1.p1, CrChr2.1364"
M9H77_18151,CRO_T000779
M9H77_18155,CRO_T025279
M9H77_18156,"Cro001G.9432.1.p1, CrChr2.1362"
M9H77_18157,CRO_T025280
M9H77_18162,"CRO_T011876, CRO_T105319"
M9H77_18163,Cro001G.9453.1.p1
M9H77_18164,CRO_T011877
M9H77_18165,CRO_T011874
M9H77_18168,"Cro001G.9447.1.p1, Cro001G.9447.2.p1, CrChr2.1353, CRO_T105309"
M9H77_18170,CRO_T003545
M9H77_18178,CRO_T029536
M9H77_18180,"CRO_T012862, CRO_T105297"
M9H77_18181,CRO_T012861
M9H77_18183,"Cro001G.9450.1.p1, CrChr2.1344, CRO_T105294"
M9H77_18185,"CRO_T017643, CRO_T105292"
M9H77_18199,"CRO_T029643, CRO_T105281"
M9H77_18201,"CRO_T026767, Cro001G.9456.1.p1"
M9H77_18202,CRO_T005996
M9H77_18216,CRO_T024460
M9H77_18217,"CRO_T031825, CRO_T105253"
M9H77_18221,"CRO_T020317, CrChr2.1321, CRO_T105250"
M9H77_18225,Cro001G.9461.1.p1
M9H77_18227,CRO_T033812
M9H77_18230,CRO_T026285
M9H77_18234,"CRO_T031862, CRO_T105234"
M9H77_18237,CRO_T024948
M9H77_18238,CRO_T024947
M9H77_18240,CRO_T030866
M9H77_18241,CRO_T030867
M9H77_18245,"CRO_T026868, CRO_T105224"
M9H77_18250,"Cro001G.9460.1.p1, CrChr2.1302"
M9H77_18252,"Cro001G.9464.1.p2, Cro001G.9466.1.p1, Cro001G.9466.2.p1, CrChr2.1300, CRO_T105212"
M9H77_18253,"Cro001G.9467.1.p1, Cro001G.9467.2.p1"
M9H77_18254,CRO_T024049
M9H77_18255,Cro001G.9468.5.p1
M9H77_18258,Cro001G.9477.1.p1
M9H77_18260,"CRO_T033106, Cro001G.9470.1.p1, CrChr2.1294, CRO_T106640"
M9H77_18262,"CRO_T026800, CRO_T106635"
M9H77_18264,CRO_T028058
M9H77_18265,"CRO_T028059, CRO_T106631"
M9H77_18270,"CRO_T031733, CRO_T106625"
M9H77_18271,"Cro001G.9473.1.p1, CrChr2.1288, CRO_T106624"
M9H77_18273,"CRO_T027211, CRO_T106619"
M9H77_18274,"CRO_T027210, CRO_T106618"
M9H77_18275,CRO_T014733
M9H77_18279,"CRO_T012668, Cro001G.9478.1.p1, CrChr2.1277, CRO_T106607"
M9H77_18282,"CRO_T017060, CRO_T106605"
M9H77_18283,"CRO_T004657, CrChr2.1274, CRO_T106604"
M9H77_18286,"CRO_T011366, CRO_T106601"
M9H77_18290,"CRO_T018101, Cro001G.9483.1.p1, CrChr2.1269, CRO_T106598"
M9H77_18291,"CRO_T024645, CRO_T106594"
M9H77_18293,"Cro001G.9484.1.p1, Cro001G.9484.2.p1, Cro001G.9484.3.p3, Cro001G.9484.4.p2, Cro001G.9484.5.p1, CrChr2.1260"
M9H77_18294,CRO_T018113
M9H77_18298,"CRO_T032889, CRO_T106578"
M9H77_18299,CRO_T029516
M9H77_18300,CrChr2.1254
M9H77_18311,"CRO_T018183, CRO_T106561"
M9H77_18315,CRO_T005663
M9H77_18324,CRO_T028709
M9H77_18327,"Cro001G.9493.1.p1, CrChr2.1238, CRO_T102863"
M9H77_18330,"CRO_T031934, CrChr2.1236, CRO_T102860"
M9H77_18333,CRO_T012897
M9H77_18334,CRO_T012898
M9H77_18336,CRO_T012898
M9H77_18339,CRO_T004909
M9H77_18342,CRO_T007712
M9H77_18344,Cro001G.9502.1.p1
M9H77_18348,CRO_T021015
M9H77_18350,"Cro001G.9511.1.p1, CrChr2.1224"
M9H77_18351,"Cro001G.9512.1.p1, CrChr2.1223"
M9H77_18353,"CRO_T021186, Cro001G.9504.1.p1, Cro001G.9504.2.p1, Cro001G.9504.3.p1, Cro001G.9504.4.p1, CrChr2.1218, CRO_T102839"
M9H77_18359,"CRO_T029141, CRO_T102833"
M9H77_18361,"Cro001G.9506.1.p1, CrChr2.1210"
M9H77_18365,"Cro001G.9508.1.p1, Cro001G.9508.2.p1, CrChr2.1206"
M9H77_18367,CRO_T014709
M9H77_18368,CRO_T014710
M9H77_18372,CRO_T029955
M9H77_18376,"CRO_T021192, Cro001G.9510.1.p1, CrChr2.1203, CRO_T102821"
M9H77_18381,"CRO_T010638, CrChr2.1199, CRO_T102814"
M9H77_18382,CRO_T010637
M9H77_18408,CrChr2.1187
M9H77_18414,CrChr2.1182
M9H77_18433,CrChr2.1174
M9H77_18435,CrChr2.1173
M9H77_18439,CrChr2.1170
M9H77_18465,CrChr2.1158
M9H77_18474,CrChr2.1154
M9H77_18504,Cro001G.9578.1.p1
M9H77_18513,CrChr2.1123
M9H77_18532,Cro001G.9576.1.p1
M9H77_18544,CrChr2.1140
M9H77_18547,CrChr2.1117
M9H77_18554,"Cro001G.9587.1.p1, CRO_T123642"
M9H77_18568,CrChr2.1104
M9H77_18590,CrChr2.1094
M9H77_18591,"CRO_T003952, Cro001G.9597.1.p1"
M9H77_18622,"Cro001G.9610.1.p1, Cro001G.9610.2.p1, CrChr2.1074"
M9H77_18645,CrChr2.1062
M9H77_18653,CrChr2.1059
M9H77_18658,CrChr2.1057
M9H77_18669,CrChr2.1054
M9H77_18703,CrChr2.1036
M9H77_18704,CrChr2.1035
M9H77_18724,"CRO_T008171, Cro001G.9646.1.p1, CrChr2.1024, CRO_T103671"
M9H77_18725,CrChr2.1023
M9H77_18727,CrChr2.1022
M9H77_18729,CrChr2.1021
M9H77_18734,CrChr2.1015
M9H77_18735,CrChr2.1014
M9H77_18739,CrChr2.1013
M9H77_18744,"Cro001G.9662.1.p1, Cro001G.9662.2.p1, CRO_T103645"
M9H77_18749,CrChr2.1005
M9H77_18751,CrChr2.1004
M9H77_18756,"CRO_T025391, Cro001G.9670.1.p1, CRO_T103632"
M9H77_18771,CrChr2.986
M9H77_18776,CrChr2.982
M9H77_18777,CrChr2.981
M9H77_18778,CrChr2.980
M9H77_18788,CrChr2.974
M9H77_18789,"CRO_T008141, Cro001G.9697.1.p2, CrChr2.972, CRO_T103586"
M9H77_18804,CrChr2.968
M9H77_18810,CrChr2.961
M9H77_18814,CrChr2.959
M9H77_18869,CrChr2.925
M9H77_18903,CrChr2.877
M9H77_18916,"CRO_T003522, Cro001G.14725.1.p3, CrChr2.860"
M9H77_18917,CrChr2.859
M9H77_18923,CRO_T014780
M9H77_18968,CRO_T002494
M9H77_18971,"CRO_T000059, Cro001G.14742.1.p1, CrChr2.842, CRO_T139272"
M9H77_18974,"CRO_T022511, Cro001G.14747.1.p1, CrChr2.838"
M9H77_18976,"CRO_T023702, Cro001G.14749.1.p1, CRO_T139264"
M9H77_18981,"CRO_T012510, Cro001G.14750.1.p1, CrChr2.831, CRO_T139260"
M9H77_18987,"CRO_T012507, Cro001G.14754.1.p1"
M9H77_18994,"CRO_T021472, Cro001G.14759.1.p1, CRO_T139248"
M9H77_18995,"CRO_T021476, CRO_T139247"
M9H77_18996,"CRO_T021471, Cro001G.14760.1.p1, CRO_T139246"
M9H77_18999,CRO_T021478
M9H77_19000,CRO_T009586
M9H77_19002,"CRO_T009585, Cro001G.14783.1.p2, Cro001G.14783.2.p1, Cro001G.14783.3.p1, Cro001G.14783.4.p1, CrChr2.819, CRO_T139240"
M9H77_19003,"Cro001G.14786.1.p1, CrChr2.818"
M9H77_19009,"CRO_T029626, Cro001G.14762.1.p1, CrChr2.815, CRO_T139234"
M9H77_19012,"CRO_T006655, Cro001G.14766.1.p1, Cro001G.14766.4.p1, Cro001G.14766.6.p1, CRO_T139233"
M9H77_19020,"CRO_T030037, CRO_T139223"
M9H77_19026,Cro001G.14767.1.p1
M9H77_19027,"CRO_T014416, Cro001G.14770.1.p1, CrChr2.802, CRO_T139215"
M9H77_19031,"Cro001G.14775.1.p1, CrChr2.799"
M9H77_19032,"Cro001G.14776.1.p1, CrChr2.797"
M9H77_19035,"Cro001G.14781.1.p1, Cro001G.14781.2.p1, CrChr2.796"
M9H77_19036,Cro001G.14777.1.p1
M9H77_19037,"CRO_T026624, Cro001G.14780.1.p1, CrChr2.794, CRO_T139204"
M9H77_19038,"CRO_T002771, Cro001G.14782.1.p1, CrChr2.793, CRO_T139203"
M9H77_19039,CRO_T012005
M9H77_19041,"CRO_T012330, CrChr2.789, CRO_T139200"
M9H77_19045,"CRO_T000753, CrChr2.785, CRO_T139196"
M9H77_19046,Cro001G.14794.1.p1
M9H77_19047,"Cro001G.14795.1.p1, Cro001G.14795.2.p1, Cro001G.14795.3.p1"
M9H77_19048,"CRO_T005613, Cro001G.14796.1.p1, CRO_T139192"
M9H77_19049,CRO_T005616
M9H77_19050,"CRO_T005614, CRO_T139190"
M9H77_19051,CRO_T005612
M9H77_19053,"Cro001G.14798.1.p1, CrChr2.777, CRO_T139188"
M9H77_19054,CRO_T031361
M9H77_19056,"CRO_T023113, CRO_T139184"
M9H77_19057,Cro001G.14801.1.p1
M9H77_19059,CRO_T006513
M9H77_19062,"CRO_T009056, CRO_T139175"
M9H77_19066,"CRO_T000549, Cro001G.14813.2.p1, CrChr2.766, CRO_T139172"
M9H77_19067,"CRO_T000548, Cro001G.14805.1.p1, CrChr2.765, CRO_T139171"
M9H77_19068,CRO_T000716
M9H77_19070,"CRO_T001220, Cro001G.14807.1.p1, CRO_T139169"
M9H77_19071,CRO_T019822
M9H77_19089,CRO_T015904
M9H77_19136,"Cro001G.16900.1.p1, CrChr2.733"
M9H77_19147,"Cro001G.16908.1.p1, CRO_T107850"
M9H77_19152,"Cro001G.16905.1.p1, CRO_T107857"
M9H77_19160,"CRO_T026254, Cro001G.16894.1.p1, CRO_T107862"
M9H77_19163,"CRO_T022078, Cro001G.16893.1.p1, CrChr2.707, CRO_T107865"
M9H77_19164,"Cro001G.16890.1.p1, CrChr2.706"
M9H77_19167,CRO_T010008
M9H77_19169,CRO_T016412
M9H77_19170,"Cro001G.16887.1.p1, CrChr2.701"
M9H77_19171,"CRO_T016410, Cro001G.16886.1.p1, CrChr2.700, CRO_T107873"
M9H77_19172,Cro001G.16884.1.p1
M9H77_19173,"Cro001G.16885.1.p1, CrChr2.698, CRO_T107875"
M9H77_19174,"Cro001G.16883.1.p1, CrChr2.697"
M9H77_19175,Cro001G.16882.1.p1
M9H77_19176,"Cro001G.16879.1.p1, CrChr2.695"
M9H77_19177,"Cro001G.16878.1.p1, CrChr2.694"
M9H77_19178,CRO_T004420
M9H77_19179,CRO_T004419
M9H77_19181,"Cro001G.16880.1.p1, CrChr2.692"
M9H77_19182,"Cro001G.16871.1.p1, CrChr2.690"
M9H77_19183,"Cro001G.16874.1.p1, CrChr2.689"
M9H77_19186,CrChr2.688
M9H77_19187,CrChr2.687
M9H77_19189,CrChr2.686
M9H77_19191,CrChr2.684
M9H77_19194,CrChr2.680
M9H77_19196,CrChr2.679
M9H77_19200,"CRO_T007152, Cro001G.16866.1.p1, CrChr2.678, CRO_T107898"
M9H77_19201,CrChr2.677
M9H77_19203,CrChr2.675
M9H77_19209,CrChr2.670
M9H77_19211,CrChr2.668
M9H77_19214,CrChr2.665
M9H77_19220,CrChr2.660
M9H77_19244,CrChr2.641
M9H77_19247,CrChr2.639
M9H77_19248,CrChr2.638
M9H77_19249,"CRO_T010629, CRO_T137527"
M9H77_19251,CrChr2.635
M9H77_19256,CrChr2.634
M9H77_19257,CRO_T137536
M9H77_19260,CrChr2.632
M9H77_19261,CrChr2.631
M9H77_19264,CrChr2.629
M9H77_19268,CrChr2.626
M9H77_19273,CrChr2.623
M9H77_19275,CrChr2.622
M9H77_19280,Cro001G.16820.1.p1
M9H77_19281,CrChr2.619
M9H77_19282,CrChr2.618
M9H77_19288,"Cro001G.16810.2.p1, CrChr2.614"
M9H77_19290,"Cro001G.16817.1.p1, Cro001G.16817.2.p1, Cro001G.16818.1.p2, Cro001G.16818.2.p3, CRO_T137587"
M9H77_19328,Cro001G.16779.1.p1
M9H77_19330,"CRO_T032271, Cro001G.16781.1.p1, Cro001G.16781.6.p1, CrChr2.582"
M9H77_19369,"CRO_T002893, Cro001G.16748.1.p1, CrChr2.547, CRO_T137691"
M9H77_19406,CrChr2.504
M9H77_19408,CrChr2.499
M9H77_19424,CrChr2.483
M9H77_19427,CrChr2.480
M9H77_19430,CrChr2.477
M9H77_19436,"Cro001G.20195.1.p1, CrChr2.471"
M9H77_19438,"Cro001G.20205.1.p1, CrChr2.467, CRO_T122302"
M9H77_19439,CrChr2.466
M9H77_19440,CrChr2.465
M9H77_19441,CrChr2.464
M9H77_19451,CrChr2.454
M9H77_19452,CrChr2.453
M9H77_19453,CrChr2.452
M9H77_19454,CrChr2.452
M9H77_19470,CrChr2.437
M9H77_19471,CrChr2.436
M9H77_19473,CrChr2.433
M9H77_19474,CrChr2.432
M9H77_19477,CrChr2.429
M9H77_19479,"CRO_T028589, Cro001G.20247.1.p1, CrChr2.427, CRO_T122258"
M9H77_19480,CrChr2.426
M9H77_19489,CrChr2.416
M9H77_19495,CrChr2.412
M9H77_19496,CrChr2.411
M9H77_19497,CrChr2.407
M9H77_19499,"Cro001G.20226.1.p1, CrChr2.404, CRO_T122237"
M9H77_19500,"CRO_T010854, Cro001G.20227.1.p1, CrChr2.403, CRO_T122236"
M9H77_19501,"CRO_T010855, Cro001G.20223.1.p1, Cro001G.20223.2.p1, Cro001G.20223.3.p1, CrChr2.402, CRO_T122235"
M9H77_19503,"CRO_T010856, Cro001G.20222.1.p1, CrChr2.401, CRO_T122232"
M9H77_19504,"CRO_T022365, CRO_T122231"
M9H77_19506,CRO_T031882
M9H77_19507,"Cro001G.20254.1.p1, CrChr2.399, CRO_T122229"
M9H77_19508,"Cro001G.20255.1.p1, CrChr2.398"
M9H77_19509,"Cro001G.20256.1.p1, CrChr2.397"
M9H77_19510,"Cro001G.20257.1.p1, Cro001G.20257.2.p1"
M9H77_19512,Cro001G.20259.1.p1
M9H77_19514,"CRO_T003338, CrChr2.391, CRO_T122222"
M9H77_19515,"Cro001G.20261.1.p1, CrChr2.390"
M9H77_19516,CRO_T010656
M9H77_19517,CrChr2.388
M9H77_19518,Cro001G.20229.1.p1
M9H77_19519,"Cro001G.20230.1.p1, CrChr2.386"
M9H77_19520,Cro001G.20232.1.p1
M9H77_19521,"Cro001G.20231.1.p1, Cro001G.20231.2.p1, CrChr2.384, CRO_T122212"
M9H77_19523,"Cro001G.20252.1.p1, Cro001G.20252.2.p1, CrChr2.383"
M9H77_19524,"Cro001G.20253.2.p1, CrChr2.382, CRO_T120426"
M9H77_19525,"CRO_T025369, Cro001G.20265.1.p1, CRO_T120427"
M9H77_19526,"CRO_T025367, Cro001G.20266.1.p1, CrChr2.380, CRO_T120428"
M9H77_19527,Cro001G.20267.1.p1
M9H77_19530,Cro001G.20263.1.p1
M9H77_19531,"CRO_T019886, Cro001G.20264.1.p1, CrChr2.377, CRO_T120435"
M9H77_19532,"Cro001G.20268.1.p1, CrChr2.376"
M9H77_19534,CrChr2.374
M9H77_19536,"CRO_T003668, Cro001G.20271.1.p1, CrChr2.373"
M9H77_19537,"Cro001G.20278.2.p1, CRO_T120440"
M9H77_19538,CRO_T013093
M9H77_19541,"CRO_T016267, Cro001G.20272.1.p1, CRO_T120443"
M9H77_19542,"Cro001G.20273.1.p1, CrChr2.368"
M9H77_19543,CRO_T120446
M9H77_19544,CrChr2.365
M9H77_19546,CRO_T020327
M9H77_19547,"CRO_T020326, Cro001G.20291.1.p1, Cro001G.20292.1.p1, CrChr2.360, CRO_T108453"
M9H77_19548,"Cro001G.20293.1.p2, Cro001G.20293.2.p2"
M9H77_19549,Cro001G.20293.4.p1
M9H77_19551,"Cro001G.20294.1.p1, Cro001G.20294.2.p1, Cro001G.20294.3.p1, Cro001G.20294.4.p1"
M9H77_19552,"Cro001G.20295.1.p1, CrChr2.355"
M9H77_19553,"CRO_T033283, CRO_T108447"
M9H77_19554,"CRO_T033281, CRO_T108445"
M9H77_19555,"CRO_T033279, Cro001G.20297.1.p1, CrChr2.353, CRO_T108446"
M9H77_19556,"CRO_T033280, Cro001G.20298.1.p1, Cro001G.20298.2.p1, Cro001G.20298.3.p1, Cro001G.20298.4.p1, Cro001G.20298.5.p1, CrChr2.352, CRO_T108444"
M9H77_19559,"CRO_T006690, CrChr2.348, CRO_T108441"
M9H77_19562,"CRO_T002503, Cro001G.20302.1.p1, CrChr2.345, CRO_T108438"
M9H77_19575,"Cro001G.20290.1.p1, CrChr2.336"
M9H77_19578,"Cro001G.20288.1.p1, CrChr2.334, CRO_T108420"
M9H77_19580,"CRO_T006511, Cro001G.20289.1.p1, CRO_T108419"
M9H77_19582,"Cro001G.20306.1.p1, Cro001G.20306.3.p1"
M9H77_19583,Cro001G.20305.1.p1
M9H77_19587,"CRO_T025084, Cro001G.20309.1.p1, CRO_T108412"
M9H77_19588,"CRO_T025085, Cro001G.20315.1.p1, Cro001G.20315.2.p1, Cro001G.20315.3.p1, Cro001G.20315.4.p1, Cro001G.20315.5.p1, Cro001G.20315.6.p1, Cro001G.20315.7.p1, CrChr2.324, CRO_T108410"
M9H77_19589,"CRO_T025086, CRO_T108408"
M9H77_19591,CRO_T002070
M9H77_19593,"CRO_T029353, CRO_T108405"
M9H77_19594,CRO_T007608
M9H77_19595,"CRO_T007606, Cro001G.20311.1.p1, CRO_T108401"
M9H77_19596,"CRO_T007604, Cro001G.20314.1.p1, CRO_T108400"
M9H77_19597,"CRO_T007607, CRO_T108399"
M9H77_19598,CRO_T007605
M9H77_19599,"CRO_T003511, Cro001G.20317.1.p1, CrChr2.313, CRO_T108397"
M9H77_19600,Cro001G.20320.1.p1
M9H77_19601,"CRO_T003513, Cro001G.20319.1.p1, CRO_T108395"
M9H77_19602,Cro001G.20321.1.p1
M9H77_19603,"CRO_T012097, CRO_T108393"
M9H77_19604,"CRO_T012096, Cro001G.20326.1.p1, CrChr2.307, CRO_T108392"
M9H77_19605,"CRO_T028135, Cro001G.20324.1.p1, Cro001G.20327.1.p1, CrChr2.306, CRO_T108391"
M9H77_19606,"CRO_T028134, Cro001G.20322.1.p1, CrChr2.305, CRO_T108390"
M9H77_19608,"CRO_T007490, Cro001G.20328.2.p1, CrChr2.304"
M9H77_19609,CRO_T108388
M9H77_19610,"CRO_T007499, Cro001G.20329.1.p1, CRO_T108386"
M9H77_19611,CRO_T007495
M9H77_19612,"Cro001G.20331.1.p1, CrChr2.299"
M9H77_19613,"Cro001G.20332.1.p1, CrChr2.298, CRO_T108383"
M9H77_19614,"Cro001G.20334.1.p1, Cro001G.20334.2.p1, Cro001G.20334.3.p1, CrChr2.297"
M9H77_19616,"CRO_T007498, Cro001G.20335.1.p1, CRO_T108380"
M9H77_19618,Cro001G.20342.10.p1
M9H77_19619,"Cro001G.20339.1.p1, CrChr2.289, CRO_T108377"
M9H77_19620,CRO_T023880
M9H77_19621,"CrChr2.288, CRO_T108376"
M9H77_19622,CRO_T009135
M9H77_19624,"CRO_T013225, CrChr2.287, CRO_T108375"
M9H77_19625,"CRO_T013222, CRO_T108374"
M9H77_19626,"CRO_T013224, CrChr2.286, CRO_T108373"
M9H77_19627,"CRO_T013223, CrChr2.285, CRO_T108372"
M9H77_19628,"CRO_T013221, CrChr2.284, CRO_T108371"
M9H77_19629,CrChr2.280
M9H77_19630,Cro001G.20346.1.p1
M9H77_19631,CrChr2.277
M9H77_19632,"CRO_T026474, CRO_T108362"
M9H77_19633,"CRO_T026471, Cro001G.20345.1.p1, CrChr2.273, CRO_T108361"
M9H77_19634,"Cro001G.20348.1.p1, Cro001G.20348.3.p1, CrChr2.272"
M9H77_19635,"Cro001G.20347.1.p1, CrChr2.271, CRO_T108359"
M9H77_19636,CrChr2.270
M9H77_19637,CrChr2.269
M9H77_19638,"CRO_T012260, Cro001G.20354.1.p1, CrChr2.268, CRO_T108356"
M9H77_19641,Cro001G.20349.2.p1
M9H77_19642,CrChr2.264
M9H77_19646,"CRO_T001354, Cro001G.20357.1.p1, CrChr2.260, CRO_T108347"
M9H77_19647,CrChr2.257
M9H77_19650,"CRO_T030296, Cro001G.20368.1.p1, CrChr2.253, CRO_T115949"
M9H77_19651,CrChr2.252
M9H77_19652,"CRO_T026894, CrChr2.250, CRO_T115951"
M9H77_19654,"CRO_T026891, Cro001G.20370.1.p1, Cro001G.20370.2.p1, CrChr2.248, CRO_T115953"
M9H77_19656,"CRO_T003739, Cro001G.20360.1.p1, CrChr2.245, CRO_T115956"
M9H77_19657,"CRO_T010861, Cro001G.20361.1.p1, CrChr2.244, CRO_T115957"
M9H77_19658,"CRO_T018259, Cro001G.20362.1.p2, Cro001G.20362.2.p3, CrChr2.243, CRO_T115958"
M9H77_19659,CRO_T018258
M9H77_19660,"CRO_T018257, Cro001G.20381.1.p1, CrChr2.241, CRO_T115960"
M9H77_19661,CRO_T005557
M9H77_19662,Cro001G.20373.2.p1
M9H77_19663,"CRO_T007138, Cro001G.20372.2.p1, CrChr2.238"
M9H77_19664,CrChr2.237
M9H77_19665,"CRO_T030187, Cro001G.20378.1.p1, CrChr2.235, CRO_T115965"
M9H77_19675,CrChr2.229
M9H77_19676,"CRO_T008498, Cro001G.20392.1.p1, CrChr2.228"
M9H77_19677,"CRO_T008500, CrChr2.227, CRO_T115978"
M9H77_19678,"Cro001G.20398.1.p1, CrChr2.226"
M9H77_19679,"Cro001G.20399.1.p1, CrChr2.225"
M9H77_19680,"CRO_T005192, Cro001G.20402.1.p1, CrChr2.224, CRO_T115981"
M9H77_19681,"CRO_T005191, Cro001G.20403.1.p1, CrChr2.223, CRO_T115982"
M9H77_19683,"CRO_T011928, Cro001G.20401.1.p1, CrChr2.221, CRO_T115984"
M9H77_19684,"Cro001G.20405.1.p1, Cro001G.20405.2.p1"
M9H77_19685,CrChr2.219
M9H77_19686,CRO_T032236
M9H77_19690,"Cro001G.20433.1.p2, Cro001G.20433.2.p2"
M9H77_19694,CRO_T030599
M9H77_19699,"Cro001G.20433.10.p1, Cro001G.20433.9.p1"
M9H77_19700,Cro001G.20433.8.p1
M9H77_19701,CRO_T030599
M9H77_19706,"Cro001G.20410.1.p1, CrChr2.211"
M9H77_19707,"CRO_T025873, CRO_T116730"
M9H77_19708,"Cro001G.20411.1.p1, CRO_T116729"
M9H77_19709,"Cro001G.20412.1.p1, CrChr2.209"
M9H77_19710,Cro001G.20417.1.p1
M9H77_19711,"CRO_T029138, Cro001G.20419.1.p1, Cro001G.20419.2.p1, CRO_T116726"
M9H77_19712,CRO_T008665
M9H77_19713,"Cro001G.20413.1.p1, CrChr2.205, CRO_T116723"
M9H77_19714,"Cro001G.20414.1.p1, CrChr2.204"
M9H77_19715,"CRO_T007175, CRO_T116721"
M9H77_19717,Cro001G.20420.1.p1
M9H77_19720,"Cro001G.20423.1.p1, CrChr2.201"
M9H77_19721,CRO_T018616
M9H77_19722,"Cro001G.20441.1.p1, Cro001G.20441.2.p1, CrChr2.199"
M9H77_19724,"CRO_T008525, CRO_T116710"
M9H77_19725,"Cro001G.20444.1.p1, CrChr2.194, CRO_T116709"
M9H77_19728,"CRO_T030900, Cro001G.20445.1.p2, Cro001G.20445.10.p1, Cro001G.20445.2.p2, Cro001G.20445.3.p2, Cro001G.20445.4.p2, Cro001G.20445.5.p2, Cro001G.20445.6.p2, Cro001G.20445.7.p2, Cro001G.20445.9.p1, CrChr2.191"
M9H77_19729,"Cro001G.20446.1.p1, CrChr2.190, CRO_T116704"
M9H77_19734,"CRO_T029657, Cro001G.20443.1.p1, CrChr2.185, CRO_T116699"
M9H77_19737,"CRO_T000433, Cro001G.20459.1.p1, CRO_T116695"
M9H77_19742,"CRO_T000430, CrChr2.177, CRO_T116690"
M9H77_19743,CRO_T005122
M9H77_19744,"CRO_T005121, Cro001G.20462.2.p1, CRO_T116688"
M9H77_19745,"Cro001G.20470.1.p1, CrChr2.174, CRO_T116686"
M9H77_19746,"CRO_T030591, CrChr2.173, CRO_T116685"
M9H77_19747,"CRO_T030590, CRO_T116684"
M9H77_19748,"CRO_T030594, CrChr2.171"
M9H77_19750,CrChr2.169
M9H77_19751,"CRO_T030589, CrChr2.168, CRO_T116679"
M9H77_19752,Cro001G.20469.5.p1
M9H77_19753,"CRO_T013471, CRO_T116092"
M9H77_19756,"CRO_T020242, Cro001G.20451.1.p1, CrChr2.161, CRO_T116096"
M9H77_19757,Cro001G.20452.1.p1
M9H77_19758,"CRO_T020241, CrChr2.159, CRO_T116098"
M9H77_19759,"CRO_T020244, Cro001G.20467.1.p1, CrChr2.158, CRO_T116099"
M9H77_19760,CRO_T020245
M9H77_19761,"CRO_T031897, CrChr2.157, CRO_T116102"
M9H77_19762,CRO_T031898
M9H77_19763,"CRO_T031900, CRO_T116104"
M9H77_19766,CRO_T026837
M9H77_19767,CrChr2.150
M9H77_19768,CRO_T006279
M9H77_19769,"CRO_T006278, CRO_T116109"
M9H77_19770,"CRO_T006277, CrChr2.146, CRO_T116110"
M9H77_19771,"CrChr2.145, CRO_T116111"
M9H77_19772,"CRO_T002909, Cro001G.20473.1.p1, CrChr2.144"
M9H77_19773,"CRO_T002907, Cro001G.20479.1.p1, CrChr2.143, CRO_T116113"
M9H77_19774,"CRO_T002908, CrChr2.142, CRO_T116114"
M9H77_19777,"Cro001G.20480.1.p1, CrChr2.141"
M9H77_19778,"CRO_T026782, CrChr2.140"
M9H77_19780,"CRO_T032873, Cro001G.20482.1.p1"
M9H77_19781,CrChr2.138
M9H77_19782,"CRO_T032285, CRO_T032872, CrChr2.137"
M9H77_19784,"CRO_T004871, Cro001G.20484.1.p1, CrChr2.135, CRO_T116121"
M9H77_19847,CrChr2.67
M9H77_19852,CrChr2.62
M9H77_19860,CrChr2.55
M9H77_19862,Cro001G.20544.1.p1
M9H77_19878,"CrChr2.36, CRO_T123662"
M9H77_19882,"CRO_T029178, Cro001G.20580.1.p1, Cro001G.20580.2.p1, CRO_T123666"
M9H77_19904,"CRO_T020510, Cro001G.20575.1.p1, Cro001G.20575.2.p1"
M9H77_19908,"Cro001G.20577.1.p4, Cro001G.20578.1.p3, Cro001G.20578.2.p3"
M9H77_19914,"Cro001G.20598.1.p1, CrChr2.3"
M9H77_19915,"Cro001G.20599.1.p1, CrChr2.2"
M9H77_10431,"Cro001G.15547.1.p1, Cro001G.15547.2.p1"
M9H77_10448,"CRO_T025380, CrChr4.24, CRO_T123714"
M9H77_10449,CRO_T025381
M9H77_10450,CRO_T013039
M9H77_10452,"CRO_T000319, CrChr4.29"
M9H77_10454,"CRO_T018476, Cro001G.15510.1.p1, CrChr4.31, CRO_T123710"
M9H77_10455,"Cro001G.15522.1.p1, CrChr4.32"
M9H77_10456,CRO_T001728
M9H77_10457,"CRO_T001727, CrChr4.35, CRO_T123707"
M9H77_10458,CrChr4.36
M9H77_10459,"CRO_T009389, CRO_T123705"
M9H77_10461,"Cro001G.15517.1.p1, Cro001G.15517.2.p1, CrChr4.40"
M9H77_10462,CRO_T014004
M9H77_10463,"CRO_T014003, Cro001G.15503.1.p1, CRO_T123699"
M9H77_10464,"CRO_T025831, Cro001G.8780.1.p1, CrChr4.46, CRO_T127372"
M9H77_10465,"CRO_T025830, Cro001G.8778.1.p1, CrChr4.47, CRO_T127373"
M9H77_10466,CRO_T025825
M9H77_10467,"CRO_T025829, Cro001G.8782.1.p1, CRO_T127376"
M9H77_10469,CRO_T025827
M9H77_10470,"Cro001G.8777.1.p1, Cro001G.8777.2.p1, Cro001G.8777.3.p1, CrChr4.52"
M9H77_10471,"Cro001G.8775.1.p1, CrChr4.53"
M9H77_10472,Cro001G.8774.1.p1
M9H77_10473,"Cro001G.8768.1.p1, CrChr4.56, CRO_T127403"
M9H77_10474,"CRO_T007533, Cro001G.8767.1.p1, CrChr4.57, CRO_T127404"
M9H77_10475,"Cro001G.8773.2.p1, Cro001G.8773.5.p1, Cro001G.8773.6.p1"
M9H77_10476,"CRO_T003019, Cro001G.8772.1.p1, Cro001G.8773.1.p1, CrChr4.59, CRO_T127406"
M9H77_10477,Cro001G.8772.1.p2
M9H77_10478,"CRO_T019133, Cro001G.8769.2.p1, Cro001G.8769.3.p1, Cro001G.8769.6.p1, CRO_T127408"
M9H77_10479,"CRO_T019132, CRO_T127409"
M9H77_10480,"CRO_T019130, CrChr4.64, CRO_T127410"
M9H77_10481,"CRO_T019131, CrChr4.65, CRO_T127411"
M9H77_10482,"Cro001G.8765.1.p1, CrChr4.66"
M9H77_10483,"CRO_T012970, CRO_T125612"
M9H77_10484,"Cro001G.8766.1.p1, Cro001G.8766.2.p1, Cro001G.8766.3.p1, Cro001G.8766.4.p1, Cro001G.8766.5.p1, Cro001G.8766.6.p1, CrChr4.68"
M9H77_10485,"Cro001G.8764.1.p1, CrChr4.69, CRO_T125614"
M9H77_10486,"Cro001G.8763.1.p1, CrChr4.70"
M9H77_10487,"CRO_T012976, Cro001G.8760.2.p1, CRO_T125616"
M9H77_10488,"CRO_T012975, CRO_T125617"
M9H77_10489,"CRO_T012967, Cro001G.8759.1.p1, CrChr4.72"
M9H77_10490,CRO_T012966
M9H77_10491,"CRO_T012965, Cro001G.8756.1.p1, CrChr4.74, CRO_T125620"
M9H77_10492,"CRO_T012974, CrChr4.75"
M9H77_10493,"CRO_T012973, CrChr4.76, CRO_T125622"
M9H77_10494,"CRO_T012972, Cro001G.8755.1.p2, CRO_T125623"
M9H77_10495,"Cro001G.8761.6.p1, Cro001G.8761.7.p1, Cro001G.8761.8.p1"
M9H77_10497,"CRO_T022013, Cro001G.8761.1.p1, Cro001G.8761.2.p1, Cro001G.8761.4.p1, CrChr4.80"
M9H77_10500,"CRO_T004351, Cro001G.8757.1.p1, CrChr4.84, CRO_T123696"
M9H77_10501,"CRO_T004353, Cro001G.8747.1.p1, CRO_T123695"
M9H77_10502,"Cro001G.8752.1.p1, CrChr4.86, CRO_T123694"
M9H77_10503,"CRO_T018717, Cro001G.8751.1.p1, CRO_T123693"
M9H77_10504,Cro001G.8750.2.p1
M9H77_10505,"Cro001G.8749.1.p1, CrChr4.88"
M9H77_10506,"CRO_T007526, Cro001G.8748.1.p1, CrChr4.89"
M9H77_10507,"Cro001G.8742.1.p1, CrChr4.90, CRO_T123690"
M9H77_10508,"Cro001G.8743.1.p1, CrChr4.91"
M9H77_10509,CRO_T015594
M9H77_10510,"Cro001G.8740.1.p1, Cro001G.8740.2.p1"
M9H77_10511,"CRO_T015591, CRO_T123686"
M9H77_10512,"CRO_T015592, CrChr4.95, CRO_T123685"
M9H77_10513,"CRO_T015596, Cro001G.8735.1.p1, CrChr4.96, CRO_T123684"
M9H77_10514,CrChr4.97
M9H77_10516,"Cro001G.2995.1.p1, Cro001G.2996.1.p1, Cro001G.2996.2.p1, Cro001G.2996.3.p1, Cro001G.2996.7.p1, CRO_T123285"
M9H77_10518,"CRO_T015771, Cro001G.2993.1.p1, CrChr4.104, CRO_T123288"
M9H77_10520,"Cro001G.2997.1.p1, CrChr4.106"
M9H77_10521,CRO_T024280
M9H77_10522,CRO_T000062
M9H77_10523,Cro001G.3005.1.p1
M9H77_10524,Cro001G.3004.1.p1
M9H77_10525,"Cro001G.3008.1.p1, Cro001G.3008.2.p1, Cro001G.3008.3.p1, Cro001G.3008.4.p1, Cro001G.3008.5.p1, Cro001G.3008.6.p1, Cro001G.3008.7.p1, Cro001G.3008.8.p1, CrChr4.110"
M9H77_10526,"CRO_T019261, Cro001G.3007.1.p1, CRO_T123296"
M9H77_10527,"CRO_T019260, Cro001G.3010.1.p1, CrChr4.113, CRO_T123297"
M9H77_10529,Cro001G.3011.1.p1
M9H77_10530,"CRO_T025068, Cro001G.3017.1.p1"
M9H77_10531,"CRO_T002204, Cro001G.3018.1.p1, Cro001G.3018.2.p1, CRO_T119481"
M9H77_10532,"CRO_T002205, CrChr4.118, CRO_T119482"
M9H77_10533,"Cro001G.3019.1.p1, CrChr4.119"
M9H77_10534,CrChr4.120
M9H77_10535,"CRO_T002203, Cro001G.3016.1.p1, CrChr4.121, CRO_T119485"
M9H77_10536,"CRO_T021082, Cro001G.3021.1.p1, CrChr4.122, CRO_T119486"
M9H77_10537,"CRO_T021081, CrChr4.123, CRO_T119487"
M9H77_10538,"CRO_T021080, CRO_T119488"
M9H77_10543,"Cro001G.3024.1.p1, Cro001G.3024.2.p1, Cro001G.3024.3.p1, Cro001G.3024.4.p1, Cro001G.3024.5.p1, Cro001G.3024.6.p1"
M9H77_10547,"Cro001G.3026.1.p1, Cro001G.3026.2.p1, CrChr4.131, CRO_T119496"
M9H77_10551,CRO_T030811
M9H77_10552,Cro001G.3032.1.p1
M9H77_10555,"CRO_T005830, Cro001G.3035.1.p1, CRO_T119504"
M9H77_10556,Cro001G.3036.1.p1
M9H77_10558,"Cro001G.3039.1.p1, Cro001G.3039.2.p1"
M9H77_10560,"CRO_T028453, Cro001G.3041.1.p1, CRO_T119509"
M9H77_10561,"CRO_T028458, CRO_T119510"
M9H77_10562,"CRO_T028457, Cro001G.3043.1.p1, CrChr4.146, CRO_T119511"
M9H77_10564,"CRO_T028455, Cro001G.3044.2.p2"
M9H77_10580,CRO_T032722
M9H77_10585,"CRO_T014054, Cro001G.3058.1.p1, CrChr4.171, CRO_T138954"
M9H77_10586,CrChr4.172
M9H77_10587,CRO_T014055
M9H77_10588,"CRO_T017380, CRO_T138951"
M9H77_10589,"CRO_T017379, Cro001G.3051.1.p1, CrChr4.174, CRO_T138950"
M9H77_10590,"Cro001G.3053.1.p1, CrChr4.175"
M9H77_10591,"CRO_T020933, Cro001G.3054.1.p1, CrChr4.176, CRO_T138948"
M9H77_10592,"CRO_T026419, Cro001G.3055.1.p1, CrChr4.177, CRO_T138947"
M9H77_10593,"CRO_T026420, CrChr4.178, CRO_T138946"
M9H77_10594,"CRO_T026421, CrChr4.179, CRO_T138945"
M9H77_10595,"CRO_T026418, Cro001G.3081.1.p1, Cro001G.3081.10.p1, Cro001G.3081.11.p1, Cro001G.3081.12.p1, Cro001G.3081.2.p1, Cro001G.3081.3.p1, Cro001G.3081.4.p1, Cro001G.3081.5.p1, Cro001G.3081.7.p1, Cro001G.3081.8.p1, Cro001G.3081.9.p1, CrChr4.181, CRO_T138944"
M9H77_10596,"Cro001G.3083.1.p1, CrChr4.182, CRO_T138943"
M9H77_10597,"Cro001G.3060.1.p1, CrChr4.183, CRO_T138942"
M9H77_10598,"CRO_T032136, Cro001G.3062.1.p1, CrChr4.185, CRO_T138940"
M9H77_10600,"Cro001G.3077.1.p1, Cro001G.3077.2.p1, CrChr4.187"
M9H77_10602,"CRO_T016513, CRO_T138936"
M9H77_10603,"CRO_T016514, CrChr4.190"
M9H77_10604,"CRO_T016511, Cro001G.3079.1.p1, CrChr4.191, CRO_T138933"
M9H77_10605,"CRO_T016512, Cro001G.3084.1.p1, Cro001G.3084.2.p1, CrChr4.193"
M9H77_10606,"Cro001G.3085.1.p1, CrChr4.194"
M9H77_10607,"Cro001G.3087.1.p1, CrChr4.195"
M9H77_10608,CrChr4.196
M9H77_10609,"CRO_T018441, CrChr4.197"
M9H77_10610,CRO_T015653
M9H77_10611,"CRO_T001550, Cro001G.3090.1.p1, CrChr4.199, CRO_T138927"
M9H77_10612,"CRO_T019341, Cro001G.3089.1.p1, CrChr4.200"
M9H77_10613,"CRO_T012718, CrChr4.201, CRO_T138925"
M9H77_10614,"CRO_T012721, CrChr4.202, CRO_T138924"
M9H77_10615,CRO_T012722
M9H77_10616,"CRO_T012719, Cro001G.3092.1.p1, CrChr4.204, CRO_T138922"
M9H77_10618,Cro001G.3095.5.p2
M9H77_10620,"CRO_T018424, Cro001G.3096.1.p1, CrChr4.208, CRO_T138917"
M9H77_10621,"CRO_T018429, Cro001G.3093.1.p1, CrChr4.209, CRO_T138916"
M9H77_10622,"Cro001G.3108.1.p1, CrChr4.210"
M9H77_10624,"Cro001G.3110.1.p1, CrChr4.212"
M9H77_10625,"CRO_T018427, Cro001G.3111.1.p1, CrChr4.213, CRO_T138912"
M9H77_10626,"Cro001G.3112.1.p1, CrChr4.214, CRO_T138911"
M9H77_10627,CRO_T018426
M9H77_10628,"Cro001G.3116.1.p1, CrChr4.220, CRO_T138909"
M9H77_10630,"Cro001G.3118.1.p1, CrChr4.221"
M9H77_10631,"Cro001G.3109.1.p1, CrChr4.222"
M9H77_10633,Cro001G.3104.1.p1
M9H77_10635,"CRO_T012484, CRO_T138902"
M9H77_10636,CRO_T138901
M9H77_10637,"CRO_T012483, CrChr4.227"
M9H77_10640,Cro001G.3099.1.p1
M9H77_10641,"Cro001G.3102.1.p1, CrChr4.231"
M9H77_10642,CRO_T010782
M9H77_10643,"CRO_T010781, CrChr4.233, CRO_T138897"
M9H77_10644,Cro001G.3107.1.p1
M9H77_10648,CRO_T017012
M9H77_10649,Cro001G.3119.11.p1
M9H77_10651,CRO_T021464
M9H77_10652,CRO_T021463
M9H77_10653,CRO_T020193
M9H77_10654,"Cro001G.3127.1.p1, CrChr4.250"
M9H77_10655,"Cro001G.3128.1.p1, CrChr4.251"
M9H77_10656,"CRO_T021255, Cro001G.3129.1.p1, CrChr4.252"
M9H77_10657,"CRO_T008430, CrChr4.253, CRO_T138885"
M9H77_10658,CrChr4.254
M9H77_10659,"CRO_T008429, Cro001G.3122.1.p1, CrChr4.255, CRO_T138883"
M9H77_10660,CRO_T021029
M9H77_10661,"Cro001G.3132.2.p3, Cro001G.3132.4.p3, Cro001G.3132.6.p3"
M9H77_10662,"Cro001G.3132.2.p2, Cro001G.3132.3.p2, Cro001G.3132.4.p2, Cro001G.3132.6.p2, Cro001G.3132.7.p2"
M9H77_10663,Cro001G.3132.4.p1
M9H77_10664,CRO_T001987
M9H77_10665,"CRO_T001980, Cro001G.3130.1.p2, CrChr4.261, CRO_T138877"
M9H77_10667,"CRO_T001990, CRO_T138875"
M9H77_10668,"CRO_T001989, CRO_T138874"
M9H77_10677,CrChr4.271
M9H77_10681,"Cro001G.3144.1.p1, CrChr4.275"
M9H77_10687,CrChr4.283
M9H77_10688,"CRO_T016894, CrChr4.284, CRO_T138852"
M9H77_10690,"CRO_T016893, Cro001G.3141.1.p1, CrChr4.287"
M9H77_10691,"CRO_T001972, Cro001G.3147.1.p1, CrChr4.288, CRO_T138849"
M9H77_10692,"Cro001G.3148.1.p1, Cro001G.3148.2.p1, Cro001G.3148.3.p1"
M9H77_10697,"CRO_T007761, Cro001G.3151.1.p1, CrChr4.296, CRO_T138842"
M9H77_10705,"Cro001G.3155.1.p1, CRO_T138835"
M9H77_10710,"Cro001G.3164.1.p1, Cro001G.3164.2.p1, CRO_T138830"
M9H77_10711,"CRO_T000836, CRO_T138828"
M9H77_10713,"Cro001G.3165.1.p1, CrChr4.314"
M9H77_10717,"Cro001G.3171.1.p2, Cro001G.3171.2.p2, Cro001G.3171.3.p2, Cro001G.3171.4.p2, Cro001G.3171.5.p2, Cro001G.3171.6.p2, Cro001G.3171.7.p2, CrChr4.318"
M9H77_10718,"CRO_T003371, Cro001G.3172.1.p1, CrChr4.319, CRO_T138822"
M9H77_10719,"CRO_T003372, Cro001G.3168.1.p1, CrChr4.321, CRO_T138821"
M9H77_10720,CrChr4.322
M9H77_10721,"Cro001G.3170.1.p1, CrChr4.323"
M9H77_10722,"Cro001G.3173.1.p1, Cro001G.3173.2.p1, CrChr4.324"
M9H77_10723,"Cro001G.3174.1.p2, CrChr4.325, CRO_T138817"
M9H77_10724,"CRO_T003375, Cro001G.3179.1.p1, CrChr4.326, CRO_T138816"
M9H77_10725,"Cro001G.3180.1.p1, CrChr4.327"
M9H77_10726,"Cro001G.3181.1.p1, CrChr4.328, CRO_T138814"
M9H77_10727,"CRO_T007236, CrChr4.329, CRO_T138812"
M9H77_10728,"CRO_T007235, Cro001G.3175.1.p1, CrChr4.330, CRO_T138811"
M9H77_10730,"Cro001G.3176.1.p1, CrChr4.331"
M9H77_10731,"CRO_T021622, Cro001G.3178.1.p1, CrChr4.332, CRO_T138808"
M9H77_10737,"Cro001G.3194.1.p2, CrChr4.339"
M9H77_10739,"CRO_T005705, Cro001G.3192.1.p1, CrChr4.341, CRO_T138800"
M9H77_10740,"Cro001G.3186.1.p1, Cro001G.3186.2.p1"
M9H77_10741,"Cro001G.3187.1.p1, CrChr4.343"
M9H77_10742,CRO_T005712
M9H77_10743,"CRO_T016491, Cro001G.3189.1.p1, CrChr4.345, CRO_T138797"
M9H77_10747,"CRO_T016495, CRO_T138794"
M9H77_10750,"Cro001G.3200.1.p2, Cro001G.3200.4.p2, Cro001G.3200.7.p2"
M9H77_10751,"CRO_T002417, Cro001G.3201.1.p1, Cro001G.3201.2.p1, CRO_T138789"
M9H77_10752,"Cro001G.3199.1.p1, CRO_T138788"
M9H77_10753,CRO_T018723
M9H77_10754,"Cro001G.3204.1.p1, CrChr4.356"
M9H77_10755,"Cro001G.3205.1.p1, CRO_T138785"
M9H77_10756,Cro001G.3207.1.p1
M9H77_10757,"Cro001G.3209.1.p1, Cro001G.3209.2.p1, Cro001G.3209.7.p1, CrChr4.360, CRO_T138782"
M9H77_10758,"CRO_T017161, Cro001G.3208.1.p1, CrChr4.361, CRO_T138781"
M9H77_10759,CRO_T017162
M9H77_10760,"CRO_T017165, Cro001G.3217.2.p1, CRO_T138777"
M9H77_10761,"CRO_T017166, Cro001G.3220.1.p1, Cro001G.3220.2.p1, Cro001G.3220.3.p1, Cro001G.3220.4.p1, CRO_T138776"
M9H77_10762,CRO_T017174
M9H77_10764,"Cro001G.3223.1.p1, CrChr4.368"
M9H77_10765,"Cro001G.3224.1.p1, CrChr4.369"
M9H77_10766,"CRO_T017170, Cro001G.3225.1.p1, Cro001G.3225.2.p1, CRO_T138771"
M9H77_10767,"CRO_T017163, Cro001G.3211.1.p1, CrChr4.371, CRO_T138770"
M9H77_10769,"CRO_T017171, Cro001G.3213.1.p1, CrChr4.373, CRO_T138768"
M9H77_10773,"Cro001G.3236.1.p1, CrChr4.377"
M9H77_10774,"CRO_T011909, Cro001G.3238.1.p1, CrChr4.378, CRO_T138764"
M9H77_10775,CRO_T000897
M9H77_10776,"CRO_T000896, CRO_T138762"
M9H77_10778,"Cro001G.3240.1.p1, CrChr4.382"
M9H77_10780,"CRO_T018340, Cro001G.3244.1.p1, CrChr4.386, CRO_T138758"
M9H77_10785,"CRO_T008857, Cro001G.3250.1.p1, CRO_T138750"
M9H77_10786,"CRO_T008852, CrChr4.393, CRO_T138749"
M9H77_10787,CrChr4.394
M9H77_10788,"Cro001G.3227.1.p1, CrChr4.395, CRO_T138747"
M9H77_10789,"Cro001G.3229.1.p1, CrChr4.396"
M9H77_10790,"Cro001G.3228.2.p1, Cro001G.3228.3.p1, Cro001G.3228.4.p1, Cro001G.3228.5.p1, CrChr4.397"
M9H77_10791,"CRO_T008855, CRO_T138744"
M9H77_10796,"Cro001G.3232.1.p1, CrChr4.402"
M9H77_10797,"Cro001G.3235.1.p1, CrChr4.403"
M9H77_10799,"Cro001G.3254.1.p1, Cro001G.3254.2.p1, CrChr4.406"
M9H77_10800,"Cro001G.3255.1.p1, CrChr4.407, CRO_T138737"
M9H77_10801,CRO_T025441
M9H77_10802,"CRO_T025436, Cro001G.3257.1.p1, CRO_T138735"
M9H77_10804,"CRO_T025442, CRO_T138733"
M9H77_10805,"CRO_T025438, Cro001G.3259.1.p1, CrChr4.413, CRO_T138732"
M9H77_10806,CRO_T025439
M9H77_10808,CRO_T025444
M9H77_10813,"CRO_T007519, Cro001G.3271.1.p1, CrChr4.425, CRO_T138725"
M9H77_10814,"Cro001G.3269.1.p1, CrChr4.426"
M9H77_10815,"CRO_T007515, CrChr4.427, CRO_T138723"
M9H77_10816,"Cro001G.3268.1.p1, CrChr4.428"
M9H77_10817,"Cro001G.3272.1.p1, CrChr4.429"
M9H77_10819,"CRO_T007509, CrChr4.431, CRO_T138719"
M9H77_10820,"Cro001G.3276.1.p1, CrChr4.432"
M9H77_10822,"CRO_T001839, CrChr4.434, CRO_T138715"
M9H77_10825,"CRO_T008907, CrChr4.439, CRO_T138711"
M9H77_10832,CrChr4.446
M9H77_10834,"CRO_T001092, Cro001G.3291.1.p1, CrChr4.449, CRO_T138702"
M9H77_10837,"CRO_T004598, Cro001G.3293.1.p1, CrChr4.451, CRO_T138700"
M9H77_10844,Cro001G.3296.1.p1
M9H77_10845,Cro001G.3301.1.p1
M9H77_10846,"CRO_T025583, Cro001G.3298.1.p1, CrChr4.460, CRO_T131795"
M9H77_10847,"CRO_T025582, Cro001G.3299.1.p1, CrChr4.461, CRO_T131794"
M9H77_10848,"CRO_T025581, Cro001G.3300.1.p1, CrChr4.462"
M9H77_10849,"CRO_T009466, Cro001G.3303.1.p1, CrChr4.463"
M9H77_10850,"CRO_T009469, CRO_T131791"
M9H77_10851,"Cro001G.3304.1.p1, Cro001G.3304.2.p1, CrChr4.464, CRO_T131790"
M9H77_10854,Cro001G.3308.1.p1
M9H77_10859,Cro001G.3321.1.p1
M9H77_10860,CRO_T020697
M9H77_10862,CrChr4.474
M9H77_10863,"CRO_T020694, Cro001G.3316.1.p2, CrChr4.476, CRO_T131777"
M9H77_10864,"CRO_T020695, Cro001G.3309.1.p1, CrChr4.477, CRO_T131776"
M9H77_10867,"Cro001G.3323.1.p1, CrChr4.481, CRO_T131773"
M9H77_10871,"CRO_T029497, Cro001G.3325.1.p1, Cro001G.3325.2.p1, Cro001G.3325.3.p1, CrChr4.483, CRO_T131770"
M9H77_10873,"CRO_T029498, Cro001G.3327.1.p1, CrChr4.485, CRO_T131768"
M9H77_10874,"Cro001G.3328.1.p1, CrChr4.486, CRO_T131767"
M9H77_10875,"CrChr4.487, CRO_T131766"
M9H77_10876,Cro001G.3330.1.p1
M9H77_10878,"Cro001G.3333.1.p1, CrChr4.489"
M9H77_10879,"CRO_T002852, Cro001G.3332.1.p1, CrChr4.490, CRO_T131763"
M9H77_10880,"Cro001G.3334.1.p1, Cro001G.3334.2.p1, Cro001G.3334.3.p1, Cro001G.3334.4.p1, CrChr4.491"
M9H77_10881,"Cro001G.3335.1.p1, CrChr4.492, CRO_T131761"
M9H77_10882,CRO_T002858
M9H77_10883,"CRO_T019751, Cro001G.3338.1.p1, CrChr4.494, CRO_T131758"
M9H77_10884,CrChr4.495
M9H77_10885,"CrChr4.496, CRO_T131755"
M9H77_10886,"Cro001G.3339.1.p1, CrChr4.497, CRO_T131754"
M9H77_10887,"CRO_T033224, CrChr4.504, CRO_T131753"
M9H77_10888,"CRO_T033225, Cro001G.3340.1.p1, CrChr4.505, CRO_T131752"
M9H77_10889,"CRO_T033226, CrChr4.506, CRO_T131751"
M9H77_10891,"CRO_T013624, Cro001G.3345.1.p1, CrChr4.507, CRO_T131750"
M9H77_10893,"CRO_T013625, CRO_T131749"
M9H77_10894,CRO_T026183
M9H77_10895,"CRO_T026180, Cro001G.3348.1.p1, CrChr4.510"
M9H77_10897,Cro001G.3354.1.p1
M9H77_10899,"Cro001G.3350.1.p1, CrChr4.513"
M9H77_10900,"CRO_T013158, Cro001G.3351.1.p1, Cro001G.3351.2.p1, CrChr4.514, CRO_T131741"
M9H77_10901,"CRO_T013157, CrChr4.515, CRO_T131740"
M9H77_10902,CrChr4.516
M9H77_10903,"CRO_T013155, Cro001G.3352.1.p1, CRO_T131738"
M9H77_10904,CRO_T013161
M9H77_10905,"Cro001G.3355.1.p1, Cro001G.3355.9.p1, CrChr4.518, CRO_T131737"
M9H77_10906,"CRO_T013974, CrChr4.519, CRO_T131736"
M9H77_10907,"Cro001G.3360.1.p1, CrChr4.520"
M9H77_10909,CrChr4.522
M9H77_10910,"CRO_T011995, Cro001G.3361.1.p1, CRO_T131731"
M9H77_10912,"CRO_T011996, Cro001G.3362.1.p1, CRO_T131728"
M9H77_10913,CrChr4.526
M9H77_10914,Cro001G.3364.1.p1
M9H77_10915,"CRO_T011999, CRO_T131725"
M9H77_10916,"CRO_T011998, Cro001G.3365.1.p1, CrChr4.528, CRO_T131724"
M9H77_10918,CRO_T016107
M9H77_10919,"CRO_T016106, Cro001G.3367.1.p1, CrChr4.530, CRO_T131720"
M9H77_10920,"CRO_T016105, Cro001G.3368.1.p1, CrChr4.531, CRO_T131719"
M9H77_10921,"Cro001G.3371.1.p1, CrChr4.532, CRO_T131718"
M9H77_10923,"Cro001G.3369.1.p1, CrChr4.533, CRO_T131715"
M9H77_10924,"Cro001G.3373.1.p1, CrChr4.534"
M9H77_10925,CRO_T027005
M9H77_10926,CRO_T027001
M9H77_10927,"CRO_T027004, Cro001G.3377.1.p1, CrChr4.539"
M9H77_10928,"Cro001G.3380.1.p1, CrChr4.540"
M9H77_10931,"CRO_T010949, CRO_T131710"
M9H77_10932,"CRO_T010948, CRO_T131709"
M9H77_10933,"CRO_T010947, Cro001G.3384.1.p1, CrChr4.546, CRO_T131708"
M9H77_10934,CRO_T026049
M9H77_10935,"CRO_T026048, Cro001G.3385.1.p1, CrChr4.547, CRO_T131707"
M9H77_10936,"Cro001G.3386.1.p1, CrChr4.548"
M9H77_10937,"Cro001G.3395.2.p1, Cro001G.3395.3.p1, Cro001G.3395.8.p1"
M9H77_10938,"Cro001G.3388.1.p1, CrChr4.552, CRO_T131704"
M9H77_10939,CRO_T131703
M9H77_10940,"Cro001G.3390.1.p2, CRO_T131702"
M9H77_10943,"CRO_T006750, CRO_T131699"
M9H77_10944,CrChr4.560
M9H77_10947,Cro001G.3397.3.p1
M9H77_10948,"Cro001G.3399.2.p1, CrChr4.565"
M9H77_10950,"CRO_T002571, Cro001G.3400.1.p1, CRO_T131693"
M9H77_10951,"Cro001G.3401.1.p1, CrChr4.567"
M9H77_10952,CRO_T027444
M9H77_10953,CRO_T027446
M9H77_10954,CRO_T022101
M9H77_10955,CRO_T010240
M9H77_10956,Cro001G.3402.1.p1
M9H77_10958,"CRO_T003660, CrChr4.571, CRO_T131687"
M9H77_10959,"CRO_T003661, CRO_T131685"
M9H77_10960,"Cro001G.3430.1.p1, CrChr4.572"
M9H77_10961,"CRO_T021037, Cro001G.3431.1.p1, CrChr4.574, CRO_T131683"
M9H77_10962,"CRO_T021035, CrChr4.575, CRO_T131682"
M9H77_10963,"CRO_T021036, CrChr4.576, CRO_T131681"
M9H77_10964,"CRO_T021034, Cro001G.3432.1.p1, CrChr4.577, CRO_T131680"
M9H77_10965,CrChr4.578
M9H77_10966,"CRO_T021629, CRO_T131678"
M9H77_10971,CrChr4.581
M9H77_10972,CrChr4.582
M9H77_10973,CrChr4.583
M9H77_10974,"CRO_T027843, Cro001G.3433.1.p1, CrChr4.584, CRO_T131667"
M9H77_10976,CrChr4.585
M9H77_10977,"CRO_T008484, CRO_T131665"
M9H77_10980,CrChr4.587
M9H77_10981,"CRO_T016868, CRO_T131661"
M9H77_10982,"Cro001G.3434.1.p1, Cro001G.3435.1.p1, Cro001G.3435.2.p1, CrChr4.589"
M9H77_10983,CRO_T016869
M9H77_10987,"CRO_T029792, CrChr4.592, CRO_T131653"
M9H77_10988,CrChr4.593
M9H77_10989,"CRO_T024122, CRO_T131651"
M9H77_10990,CRO_T024123
M9H77_10991,CRO_T026363
M9H77_10992,"CRO_T026362, CrChr4.594, CRO_T131650"
M9H77_10993,CRO_T026364
M9H77_10994,CrChr4.595
M9H77_10995,"CRO_T030467, CRO_T131644"
M9H77_10996,"CRO_T023569, Cro001G.3431.2.p1, CRO_T131643"
M9H77_10997,"CRO_T001463, CrChr4.597, CRO_T131642"
M9H77_10999,"CRO_T001464, CRO_T131641"
M9H77_11000,Cro001G.3436.1.p1
M9H77_11002,"CRO_T026355, CrChr4.601, CRO_T131639"
M9H77_11003,CRO_T026356
M9H77_11004,CRO_T026357
M9H77_11005,"CRO_T014386, CrChr4.604, CRO_T131636"
M9H77_11006,"Cro001G.3437.1.p1, CrChr4.606"
M9H77_11007,"CRO_T014389, CRO_T131634"
M9H77_11008,"CRO_T014388, CRO_T131633"
M9H77_11010,CRO_T016751
M9H77_11011,Cro001G.3439.1.p1
M9H77_11013,CrChr4.610
M9H77_11014,Cro001G.3440.1.p1
M9H77_11015,"CRO_T017690, CRO_T003840, Cro001G.3404.1.p1, Cro001G.3404.2.p1, CrChr4.612, CRO_T131623"
M9H77_11016,"CRO_T003839, Cro001G.3405.1.p1, Cro001G.3405.2.p1"
M9H77_11017,"Cro001G.3403.1.p1, CrChr4.616, CRO_T131620"
M9H77_11019,"CRO_T021524, Cro001G.3406.1.p1, Cro001G.3406.2.p1, Cro001G.3406.3.p1, Cro001G.3406.4.p1, Cro001G.3406.5.p1, Cro001G.3406.7.p1, CrChr4.618, CRO_T131619"
M9H77_11020,"Cro001G.3408.1.p1, Cro001G.3408.2.p1, CrChr4.619"
M9H77_11022,CRO_T131617
M9H77_11023,CRO_T022680
M9H77_11025,"CRO_T022679, Cro001G.3413.1.p1, CrChr4.624, CRO_T131614"
M9H77_11026,"CRO_T022681, Cro001G.3414.1.p1, CrChr4.625, CRO_T131613"
M9H77_11027,CRO_T021430
M9H77_11029,CRO_T021429
M9H77_11032,"Cro001G.3412.1.p1, CrChr4.630, CRO_T131608"
M9H77_11034,Cro001G.3419.1.p1
M9H77_11035,CRO_T025649
M9H77_11036,"CRO_T025648, Cro001G.3418.1.p1, CrChr4.633, CRO_T131604"
M9H77_11039,Cro001G.3422.1.p1
M9H77_11040,"Cro001G.3424.1.p1, CrChr4.637"
M9H77_11041,"Cro001G.3426.1.p1, Cro001G.3426.2.p1, CrChr4.638"
M9H77_11042,CRO_T013139
M9H77_11043,"Cro001G.3427.1.p1, CrChr4.640"
M9H77_11044,"Cro001G.3428.1.p1, CrChr4.641"
M9H77_11045,Cro001G.3429.2.p1
M9H77_11046,Cro001G.3441.1.p1
M9H77_11047,"CRO_T008386, CrChr4.644, CRO_T131594"
M9H77_11048,"CRO_T008383, Cro001G.3442.1.p1, CrChr4.645, CRO_T131593"
M9H77_11049,Cro001G.3444.1.p1
M9H77_11051,CRO_T008390
M9H77_11052,"CRO_T008385, Cro001G.3445.1.p1, CrChr4.652, CRO_T131589"
M9H77_11053,CRO_T025363
M9H77_11054,CRO_T025364
M9H77_11055,"CRO_T002576, Cro001G.3454.1.p1, CrChr4.655, CRO_T131585"
M9H77_11057,CRO_T002577
M9H77_11058,"CRO_T002579, CrChr4.657, CRO_T131582"
M9H77_11059,"CRO_T002581, CRO_T131581"
M9H77_11063,Cro001G.3447.1.p1
M9H77_11064,CrChr4.660
M9H77_11066,CRO_T029885
M9H77_11067,"CRO_T029883, Cro001G.3449.1.p1, CRO_T131573"
M9H77_11068,"CRO_T009765, Cro001G.3452.1.p1, CrChr4.663, CRO_T131571"
M9H77_11069,"CRO_T014762, CRO_T131569"
M9H77_11070,"CRO_T022869, Cro001G.3451.1.p1"
M9H77_11071,CRO_T022868
M9H77_11072,CrChr4.667
M9H77_11073,CRO_T005014
M9H77_11074,"CRO_T008238, CRO_T131563"
M9H77_11075,CRO_T011617
M9H77_11079,Cro001G.3456.2.p1
M9H77_11080,"Cro001G.3456.1.p1, Cro001G.3457.1.p1, CRO_T131558"
M9H77_11081,"CRO_T013100, CRO_T131557"
M9H77_11082,CRO_T011064
M9H77_11084,"Cro001G.3469.1.p1, Cro001G.3469.2.p1"
M9H77_11086,"CRO_T013090, CRO_T131552"
M9H77_11091,CRO_T016791
M9H77_11092,"CRO_T026047, Cro001G.3459.1.p1, CrChr4.689, CRO_T114252"
M9H77_11094,Cro001G.3477.2.p1
M9H77_11095,"CRO_T023018, CRO_T114257"
M9H77_11096,"CRO_T023019, CRO_T114258"
M9H77_11098,"Cro001G.3480.1.p1, CrChr4.693, CRO_T114261"
M9H77_11100,"CRO_T019907, Cro001G.3478.1.p1, CrChr4.695, CRO_T114263"
M9H77_11101,"CRO_T019908, Cro001G.3460.1.p1, CrChr4.696, CRO_T114264"
M9H77_11102,"CRO_T018607, Cro001G.3461.1.p1, CRO_T114265"
M9H77_11103,"Cro001G.3463.1.p1, Cro001G.3463.2.p1, CrChr4.698"
M9H77_11105,"CRO_T006218, CrChr4.699"
M9H77_11106,"Cro001G.3467.1.p1, CrChr4.700"
M9H77_11107,CRO_T020374
M9H77_11109,CrChr4.703
M9H77_11110,"Cro001G.3494.1.p1, CrChr4.704, CRO_T114274"
M9H77_11113,"Cro001G.3496.2.p1, Cro001G.3496.3.p1, Cro001G.3496.6.p1, Cro001G.3496.7.p1"
M9H77_11114,"CRO_T020362, Cro001G.3496.1.p3, Cro001G.3496.10.p3, Cro001G.3496.11.p3, Cro001G.3496.12.p3, Cro001G.3496.13.p3, Cro001G.3496.2.p3, Cro001G.3496.3.p3, Cro001G.3496.4.p3, Cro001G.3496.5.p3, Cro001G.3496.6.p3, Cro001G.3496.7.p3, Cro001G.3496.8.p3, Cro001G.3496.9.p3"
M9H77_11115,CRO_T020376
M9H77_11116,"Cro001G.3498.1.p1, CrChr4.709"
M9H77_11117,"Cro001G.3499.1.p1, Cro001G.3499.2.p1, Cro001G.3499.3.p1, Cro001G.3499.4.p1, Cro001G.3499.5.p1, Cro001G.3499.6.p1, Cro001G.3499.7.p1"
M9H77_11118,"CRO_T020369, CrChr4.711"
M9H77_11119,"CRO_T020370, CRO_T114284"
M9H77_11120,"CRO_T020371, CRO_T114285"
M9H77_11121,"CRO_T020364, Cro001G.3485.1.p1, CrChr4.713, CRO_T114286"
M9H77_11122,CRO_T020373
M9H77_11123,Cro001G.3486.1.p1
M9H77_11124,"CRO_T020375, CrChr4.715, CRO_T114289"
M9H77_11125,"Cro001G.3487.3.p1, Cro001G.3487.4.p1"
M9H77_11126,"Cro001G.3488.1.p1, CRO_T114291"
M9H77_11127,Cro001G.3490.1.p1
M9H77_11128,CRO_T001400
M9H77_11129,Cro001G.3491.5.p1
M9H77_11130,CRO_T014483
M9H77_11131,CRO_T009787
M9H77_11134,"Cro001G.3500.1.p1, CrChr4.722"
M9H77_11135,"CRO_T027891, Cro001G.3501.1.p1, CrChr4.723, CRO_T114299"
M9H77_11136,Cro001G.3502.1.p1
M9H77_11137,"CRO_T001100, CRO_T114301"
M9H77_11138,"CRO_T001099, CRO_T114302"
M9H77_11139,CRO_T016623
M9H77_11140,CRO_T016624
M9H77_11143,CRO_T003119
M9H77_11144,"CRO_T003120, CrChr4.728, CRO_T114307"
M9H77_11147,Cro001G.3507.2.p2
M9H77_11148,"CRO_T007911, Cro001G.3507.2.p1, Cro001G.3508.1.p1, Cro001G.3508.2.p1, CrChr4.731, CRO_T114311"
M9H77_11149,CRO_T007913
M9H77_11150,CRO_T007910
M9H77_11151,"CRO_T006730, Cro001G.3506.2.p1, CrChr4.733, CRO_T114313"
M9H77_11152,"CRO_T025063, CRO_T114314"
M9H77_11153,"CRO_T013234, CRO_T114315"
M9H77_11155,"Cro001G.3554.1.p1, CrChr4.738"
M9H77_11156,"CRO_T032048, CRO_T114320"
M9H77_11157,Cro001G.3556.1.p1
M9H77_11158,"CRO_T032050, CRO_T114323"
M9H77_11159,"CRO_T027335, CRO_T114324"
M9H77_11160,"CRO_T027336, CrChr4.744"
M9H77_11161,CRO_T114326
M9H77_11162,"CRO_T027337, CrChr4.747, CRO_T114327"
M9H77_11164,"CRO_T001171, CRO_T011303, CRO_T005418, CRO_T001172, Cro001G.3559.1.p1, Cro001G.3559.12.p1, Cro001G.3559.13.p1, Cro001G.3559.18.p1, Cro001G.3559.19.p1, Cro001G.3559.3.p1, Cro001G.3559.33.p1, Cro001G.3559.36.p1, Cro001G.3559.4.p1, Cro001G.3559.6.p1, Cro001G.3559.7.p1, Cro001G.3561.14.p1, Cro001G.3561.14.p2, Cro001G.3561.16.p1, Cro001G.3561.29.p2, Cro001G.3561.3.p1, Cro001G.3561.31.p1, Cro001G.3561.32.p1, Cro001G.3561.35.p1, Cro001G.3561.4.p1, CrChr4.750, CrChr4.751, CRO_T114331"
M9H77_11165,"CRO_T001171, CRO_T011303, CRO_T005418, CRO_T001172, Cro001G.3559.1.p1, Cro001G.3559.12.p1, Cro001G.3559.13.p1, Cro001G.3559.18.p1, Cro001G.3559.19.p1, Cro001G.3559.3.p1, Cro001G.3559.33.p1, Cro001G.3559.36.p1, Cro001G.3559.4.p1, Cro001G.3559.6.p1, Cro001G.3559.7.p1, Cro001G.3561.14.p1, Cro001G.3561.14.p2, Cro001G.3561.16.p1, Cro001G.3561.29.p2, Cro001G.3561.3.p1, Cro001G.3561.31.p1, Cro001G.3561.32.p1, Cro001G.3561.35.p1, Cro001G.3561.4.p1, CrChr4.750, CrChr4.751, CRO_T114331"
M9H77_11167,"CRO_T031813, CRO_T114333"
M9H77_11168,"CRO_T031814, CRO_T114334"
M9H77_11171,CRO_T006753
M9H77_11172,"CRO_T006754, CRO_T114336"
M9H77_11173,CRO_T006757
M9H77_11174,"CRO_T019346, CRO_T114784"
M9H77_11176,"CrChr4.761, CrChr4.763"
M9H77_11178,"CrChr4.761, CrChr4.763"
M9H77_11179,"Cro001G.3510.3.p1, CrChr4.764"
M9H77_11181,"Cro001G.3513.1.p1, CrChr4.766"
M9H77_11182,CRO_T006081
M9H77_11183,"Cro001G.3514.1.p1, Cro001G.3514.2.p1, Cro001G.3514.3.p1, Cro001G.3514.4.p1"
M9H77_11185,"Cro001G.3509.1.p1, CrChr4.768, CRO_T114790"
M9H77_11186,"CRO_T009368, Cro001G.3515.1.p1, CrChr4.769, CRO_T114791"
M9H77_11187,"Cro001G.3516.2.p1, CrChr4.770, CRO_T114793"
M9H77_11188,"CRO_T009370, CRO_T114794"
M9H77_11189,CrChr4.771
M9H77_11190,"Cro001G.3520.1.p1, CrChr4.772"
M9H77_11193,"CRO_T003483, Cro001G.3522.1.p1, Cro001G.3522.2.p1, CRO_T114801"
M9H77_11196,CRO_T026887
M9H77_11198,"CRO_T010465, CRO_T114807"
M9H77_11199,"CRO_T010466, Cro001G.3531.3.p1, CrChr4.779, CRO_T114808"
M9H77_11201,Cro001G.3532.1.p1
M9H77_11202,"CRO_T014169, CrChr4.783, CRO_T114811"
M9H77_11203,"Cro001G.3534.1.p1, CRO_T114813"
M9H77_11204,"CRO_T014167, CrChr4.786, CRO_T114814"
M9H77_11205,"Cro001G.3526.1.p1, CrChr4.787, CRO_T114815"
M9H77_11206,"Cro001G.3527.1.p1, CrChr4.788"
M9H77_11208,"CRO_T014618, CRO_T114818"
M9H77_11209,"CRO_T000905, Cro001G.3528.1.p1, CrChr4.790, CRO_T114820"
M9H77_11210,"CRO_T000906, Cro001G.3529.1.p1, CrChr4.791, CRO_T114821"
M9H77_11212,"CRO_T002582, CrChr4.792, CRO_T114823"
M9H77_11214,"CRO_T006343, CrChr4.794, CRO_T114824"
M9H77_11215,Cro001G.3537.1.p1
M9H77_11216,CRO_T006346
M9H77_11217,CRO_T006345
M9H77_11219,"CRO_T031662, Cro001G.3541.1.p1, CrChr4.798, CRO_T114830"
M9H77_11220,CRO_T006887
M9H77_11223,CRO_T011322
M9H77_11226,"CRO_T017923, CRO_T114838"
M9H77_11228,"CRO_T000339, Cro001G.3546.1.p1, Cro001G.3546.2.p1, CrChr4.802, CRO_T114839"
M9H77_11229,CrChr4.803
M9H77_11232,"CRO_T010071, CrChr4.806, CRO_T114843"
M9H77_11234,"CRO_T019741, Cro001G.3542.1.p1, CrChr4.807, CRO_T114844"
M9H77_11235,"CRO_T019740, Cro001G.3547.1.p2, Cro001G.3547.5.p2, CrChr4.808, CRO_T114846"
M9H77_11236,CRO_T019742
M9H77_11237,CRO_T019739
M9H77_11238,"CRO_T021352, Cro001G.3543.1.p1, CrChr4.810, CRO_T114848"
M9H77_11239,CrChr4.811
M9H77_11240,Cro001G.3551.2.p1
M9H77_11241,CRO_T008195
M9H77_11242,CRO_T014141
M9H77_11243,"Cro001G.3550.1.p1, CrChr4.817"
M9H77_11244,"CRO_T006789, CRO_T114853"
M9H77_11246,Cro001G.3567.1.p1
M9H77_11247,"CRO_T007063, Cro001G.3568.1.p1, CRO_T114857"
M9H77_11248,"Cro001G.3572.1.p1, Cro001G.3572.2.p1, Cro001G.3572.3.p1, Cro001G.3572.4.p1, Cro001G.3572.5.p1, CrChr4.821"
M9H77_11250,CRO_T023402
M9H77_11253,CRO_T003095
M9H77_11255,"CrChr4.827, CRO_T110195"
M9H77_11257,"CRO_T015969, CrChr4.828, CRO_T110192"
M9H77_11258,"CRO_T010622, CRO_T110191"
M9H77_11259,"CRO_T010788, Cro001G.3574.1.p1, CrChr4.830, CRO_T110190"
M9H77_11263,"CRO_T010167, CRO_T110186"
M9H77_11264,"CRO_T010166, Cro001G.3578.2.p1, CRO_T110185"
M9H77_11265,"CRO_T010165, Cro001G.3577.1.p1, CrChr4.833, CRO_T110184"
M9H77_11267,CRO_T032860
M9H77_11274,CRO_T028860
M9H77_11276,CRO_T010634
M9H77_11277,"CRO_T010633, Cro001G.3579.1.p1, CrChr4.837, CRO_T110174"
M9H77_11281,CRO_T016485
M9H77_11282,CRO_T016486
M9H77_11285,"Cro001G.3581.1.p1, Cro001G.3581.2.p1, Cro001G.3581.3.p1, Cro001G.3581.4.p1, Cro001G.3581.5.p1, CRO_T110164"
M9H77_11286,CRO_T032477
M9H77_11287,CRO_T032478
M9H77_11290,CRO_T110162
M9H77_11292,CRO_T002557
M9H77_11293,Cro001G.3584.1.p1
M9H77_11294,CRO_T016585
M9H77_11295,"CRO_T024957, CRO_T110156"
M9H77_11297,CRO_T022959
M9H77_11300,CRO_T018192
M9H77_11301,CRO_T018024
M9H77_11302,"CRO_T011061, Cro001G.3587.2.p1, Cro001G.3587.3.p1, Cro001G.3587.4.p1, CrChr4.857, CRO_T110151"
M9H77_11303,"Cro001G.3588.1.p1, CRO_T110150"
M9H77_11305,"CRO_T015007, CRO_T110147"
M9H77_11306,"CRO_T022671, Cro001G.3590.1.p1, CrChr4.861"
M9H77_11307,Cro001G.3592.1.p1
M9H77_11308,"CRO_T027090, CRO_T022377"
M9H77_11310,"CRO_T008347, Cro001G.3591.1.p1, CrChr4.863, CRO_T110140"
M9H77_11316,Cro001G.3595.1.p1
M9H77_11319,"CRO_T024239, Cro001G.3596.1.p1, CrChr4.869, CRO_T110131"
M9H77_11321,"CRO_T031505, Cro001G.3598.1.p2, CRO_T110129"
M9H77_11322,"CRO_T031504, Cro001G.3597.1.p1, CrChr4.871, CRO_T110128"
M9H77_11323,"Cro001G.3599.1.p1, Cro001G.3599.2.p1, CRO_T110127"
M9H77_11324,Cro001G.3608.14.p1
M9H77_11325,"CRO_T020459, Cro001G.3602.1.p1, CrChr4.875"
M9H77_11326,Cro001G.3601.1.p1
M9H77_11330,"CRO_T014592, Cro001G.3604.1.p1, CrChr4.878, CRO_T119932"
M9H77_11331,CRO_T015772
M9H77_11333,CRO_T016184
M9H77_11334,CRO_T013154
M9H77_11335,"Cro001G.3613.1.p1, Cro001G.3613.2.p1"
M9H77_11337,CRO_T029234
M9H77_11340,"CRO_T010138, CRO_T119921"
M9H77_11341,"CRO_T010139, CrChr4.888, CRO_T119920"
M9H77_11342,"CRO_T010140, CRO_T119919"
M9H77_11343,"Cro001G.3610.1.p1, Cro001G.3610.2.p1"
M9H77_11345,"CRO_T019457, CRO_T119915"
M9H77_11346,"Cro001G.3612.1.p1, CrChr4.892"
M9H77_11347,Cro001G.3614.1.p1
M9H77_11348,"CRO_T017473, Cro001G.3615.1.p1, CrChr4.894, CRO_T119911"
M9H77_11349,"Cro001G.3617.1.p1, Cro001G.3617.2.p1, Cro001G.3617.4.p1, Cro001G.3617.5.p1, CrChr4.895"
M9H77_11350,CrChr4.896
M9H77_11351,"Cro001G.3618.1.p1, Cro001G.3618.2.p1"
M9H77_11352,CRO_T011057
M9H77_11353,CRO_T011056
M9H77_11355,"Cro001G.3620.1.p1, CrChr4.898, CRO_T119904"
M9H77_11356,"CRO_T009957, Cro001G.3621.1.p1, CrChr4.899, CRO_T119903"
M9H77_11358,"Cro001G.3626.1.p1, CrChr4.902, CRO_T113450"
M9H77_11361,"CRO_T007365, Cro001G.3628.1.p1, CrChr4.905, CRO_T113455"
M9H77_11362,"CRO_T007363, CRO_T113456"
M9H77_11363,"CRO_T007366, CrChr4.906, CRO_T113457"
M9H77_11364,"CRO_T007367, CRO_T113458"
M9H77_11367,"Cro001G.3632.1.p1, CrChr4.910, CRO_T113461"
M9H77_11368,CRO_T026032
M9H77_11369,"CRO_T001446, Cro001G.3631.1.p1, CrChr4.911"
M9H77_11373,"CRO_T014916, Cro001G.3633.1.p1, Cro001G.3633.2.p1, Cro001G.3633.3.p1, CRO_T113467"
M9H77_11374,"CRO_T014917, CRO_T113469"
M9H77_11375,"CRO_T014918, Cro001G.3635.1.p1, Cro001G.3635.2.p1, CRO_T113470"
M9H77_11376,CRO_T014919
M9H77_11377,"CRO_T013836, Cro001G.3636.1.p1, CrChr4.915, CRO_T113473"
M9H77_11378,"Cro001G.3637.1.p1, CrChr4.916"
M9H77_11379,"CRO_T028660, CRO_T113475"
M9H77_11380,"CRO_T028659, CrChr4.917, CRO_T113476"
M9H77_11381,"CRO_T028657, Cro001G.3634.1.p1, CrChr4.918, CRO_T113477"
M9H77_11382,"CRO_T028658, CrChr4.919"
M9H77_11383,"CRO_T030404, Cro001G.3639.1.p1, CrChr4.920, CRO_T113480"
M9H77_11384,"CRO_T030403, Cro001G.3638.1.p1, CRO_T113481"
M9H77_11385,Cro001G.3642.2.p1
M9H77_11386,"CRO_T030405, CRO_T113483"
M9H77_11388,Cro001G.3640.1.p1
M9H77_11390,"CRO_T012446, Cro001G.3643.1.p1, CRO_T113489"
M9H77_11391,"CRO_T012447, Cro001G.3645.1.p1, CrChr4.927, CRO_T113490"
M9H77_11392,CRO_T012444
M9H77_11393,"Cro001G.3646.1.p1, CRO_T113495"
M9H77_11396,CRO_T006356
M9H77_11397,"CRO_T006355, Cro001G.3647.1.p1, CrChr4.930, CRO_T113499"
M9H77_11398,"CRO_T005590, CrChr4.931, CRO_T113500"
M9H77_11400,"Cro001G.3648.2.p1, CRO_T113501"
M9H77_11402,"CRO_T026508, CrChr4.933, CRO_T113502"
M9H77_11403,CRO_T026507
M9H77_11404,CRO_T016688
M9H77_11406,CrChr4.936
M9H77_11407,"CRO_T029041, Cro001G.3652.1.p1"
M9H77_11408,CrChr4.938
M9H77_11409,"Cro001G.3653.1.p1, CrChr4.939, CRO_T113509"
M9H77_11410,CRO_T029905
M9H77_11411,CRO_T010733
M9H77_11412,"Cro001G.3669.1.p1, Cro001G.3669.2.p1, CrChr4.941, CRO_T113511"
M9H77_11413,CRO_T010738
M9H77_11414,Cro001G.3668.1.p1
M9H77_11416,CRO_T010737
M9H77_11417,"CRO_T010736, Cro001G.3671.1.p1, CRO_T113514"
M9H77_11419,"CRO_T024321, Cro001G.3673.1.p1"
M9H77_11420,"Cro001G.3674.1.p1, CrChr4.947"
M9H77_11421,"CRO_T032195, CRO_T113517"
M9H77_11422,CRO_T032197
M9H77_11423,"Cro001G.3655.1.p1, Cro001G.3655.10.p1, Cro001G.3655.2.p1, Cro001G.3655.3.p1, Cro001G.3655.4.p1, Cro001G.3655.6.p1, Cro001G.3655.8.p1"
M9H77_11424,"Cro001G.3657.1.p1, CRO_T113520"
M9H77_11425,"Cro001G.3658.1.p1, Cro001G.3658.2.p1, Cro001G.3658.3.p1, Cro001G.3658.4.p1, CrChr4.951, CRO_T113521"
M9H77_11426,"CRO_T005398, Cro001G.3656.1.p1, CrChr4.952, CRO_T113522"
M9H77_11428,"CRO_T026636, Cro001G.3662.1.p1, CRO_T113525"
M9H77_11431,"CRO_T025200, CRO_T113526"
M9H77_11432,"Cro001G.3683.1.p1, Cro001G.3684.2.p1, Cro001G.3684.3.p1, Cro001G.3684.6.p1"
M9H77_11434,Cro001G.3685.1.p1
M9H77_11435,"Cro001G.3686.1.p1, CrChr4.957"
M9H77_11436,CRO_T017120
M9H77_11437,Cro001G.3687.1.p1
M9H77_11438,Cro001G.3664.1.p1
M9H77_11439,"CRO_T008534, Cro001G.3665.1.p1"
M9H77_11440,CRO_T010434
M9H77_11444,"CRO_T013586, CrChr4.965, CRO_T111078"
M9H77_11446,Cro001G.16695.1.p1
M9H77_11447,"CRO_T011943, Cro001G.16696.1.p1, CrChr4.967, CRO_T111081"
M9H77_11448,CrChr4.968
M9H77_11449,Cro001G.16698.1.p1
M9H77_11450,CRO_T018500
M9H77_11451,"Cro001G.16703.2.p1, Cro001G.16703.4.p1, CrChr4.970"
M9H77_11452,"CRO_T018502, CrChr4.971, CRO_T111086"
M9H77_11453,"Cro001G.16700.1.p1, CrChr4.972"
M9H77_11455,"Cro001G.16701.1.p1, Cro001G.16701.2.p1, Cro001G.16701.3.p1, CRO_T111090"
M9H77_11456,"CRO_T033678, CRO_T111091"
M9H77_11458,"CRO_T033677, Cro001G.16702.1.p1, CrChr4.975, CRO_T111093"
M9H77_11459,Cro001G.16705.1.p1
M9H77_11460,Cro001G.16707.2.p1
M9H77_11461,Cro001G.16706.1.p1
M9H77_11462,"Cro001G.16708.1.p1, Cro001G.16708.2.p1, CrChr4.978"
M9H77_11463,"Cro001G.16709.1.p1, Cro001G.16709.3.p1, Cro001G.16709.4.p1"
M9H77_11464,Cro001G.16710.1.p1
M9H77_11466,"CRO_T003963, CRO_T111098"
M9H77_11468,"Cro001G.16714.1.p1, CRO_T111100"
M9H77_11469,CRO_T006538
M9H77_11471,CRO_T032497
M9H77_11478,CRO_T023323
M9H77_11482,CRO_T008800
M9H77_11483,CRO_T008801
M9H77_11486,CRO_T012230
M9H77_11487,CRO_T020890
M9H77_11495,CRO_T000362
M9H77_11496,CRO_T024365
M9H77_11497,CRO_T024364
M9H77_11505,"CRO_T016417, CRO_T111127"
M9H77_11506,CRO_T025339
M9H77_11509,CRO_T027033
M9H77_11510,CRO_T027034
M9H77_11519,CRO_T003929
M9H77_11521,CRO_T023933
M9H77_11528,"CRO_T013925, CRO_T117756"
M9H77_11529,"CRO_T013341, CRO_T117752"
M9H77_11537,"CRO_T004728, CRO_T117743"
M9H77_11539,CRO_T005984
M9H77_11540,CRO_T032851
M9H77_11547,CRO_T010080
M9H77_11550,CRO_T008884
M9H77_11552,CRO_T024082
M9H77_11561,CRO_T027254
M9H77_11562,CRO_T021995
M9H77_11563,CRO_T008111
M9H77_11566,CRO_T012455
M9H77_11569,CRO_T019051
M9H77_11571,CRO_T020299
M9H77_11572,"Cro001G.17037.1.p1, CRO_T113701"
M9H77_11573,"CRO_T011915, Cro001G.17038.1.p1, Cro001G.17038.2.p1, CrChr4.1037, CRO_T113702"
M9H77_11579,"Cro001G.17039.1.p1, Cro001G.17039.2.p1, Cro001G.17039.3.p1, Cro001G.17039.4.p1, Cro001G.17039.5.p1"
M9H77_11581,"CRO_T018572, Cro001G.17040.1.p1, CrChr4.1042"
M9H77_11582,"CRO_T011104, CRO_T113710"
M9H77_11583,"CRO_T011103, Cro001G.1270.1.p1, Cro001G.17041.1.p1, Cro001G.17041.2.p1, CRO_T113712"
M9H77_11584,"Cro001G.1273.1.p1, Cro001G.17042.1.p1, CrChr4.1044"
M9H77_11585,"CRO_T033245, Cro001G.17043.1.p1, Cro001G.17043.2.p1, Cro001G.17043.3.p1"
M9H77_11586,"CRO_T033246, CRO_T113715"
M9H77_11587,CRO_T033243
M9H77_11588,"CRO_T033248, CRO_T113718"
M9H77_11590,"CRO_T033244, CrChr4.1047, CRO_T113720"
M9H77_11591,"Cro001G.1275.1.p1, Cro001G.17047.1.p1, CrChr4.1048"
M9H77_11592,Cro001G.1277.1.p1
M9H77_11594,CRO_T009111
M9H77_11595,"Cro001G.1282.1.p1, Cro001G.1282.2.p1"
M9H77_11596,"CRO_T009110, Cro001G.1283.1.p1, CrChr4.1055, CRO_T113728"
M9H77_11597,"CRO_T009109, CRO_T113729"
M9H77_11598,"CRO_T002220, CrChr4.1057, CRO_T113730"
M9H77_11599,"Cro001G.1293.1.p1, Cro001G.1293.2.p1"
M9H77_11600,"Cro001G.1294.1.p1, CrChr4.1059"
M9H77_11601,"CRO_T002217, Cro001G.1295.1.p1, CrChr4.1060, CRO_T113733"
M9H77_11602,"CRO_T002216, CrChr4.1061"
M9H77_11603,"Cro001G.1297.2.p1, CrChr4.1062"
M9H77_11604,"Cro001G.1298.1.p1, CRO_T113735"
M9H77_11605,Cro001G.1300.1.p1
M9H77_11606,"Cro001G.1301.1.p1, CRO_T113737"
M9H77_11608,"CRO_T004186, CRO_T113739"
M9H77_11610,"CRO_T028196, Cro001G.1302.1.p1, CRO_T113741"
M9H77_11611,"CRO_T028199, Cro001G.1303.1.p1, CrChr4.1069, CRO_T113742"
M9H77_11612,"CRO_T028197, CrChr4.1070, CRO_T113743"
M9H77_11614,"CRO_T028200, CRO_T113744"
M9H77_11615,"CRO_T000100, Cro001G.1305.1.p1, Cro001G.1305.2.p1, CrChr4.1071, CRO_T113746"
M9H77_11616,"CRO_T000104, CRO_T113747"
M9H77_11618,Cro001G.1293.1.p2
M9H77_11620,"Cro001G.1307.1.p1, CRO_T113752"
M9H77_11621,"CRO_T015453, CRO_T113754"
M9H77_11623,CrChr4.1076
M9H77_11624,"Cro001G.1284.1.p1, CrChr4.1077, CRO_T113757"
M9H77_11625,"CRO_T003666, Cro001G.1285.1.p1, Cro001G.1285.2.p1, Cro001G.1285.3.p1, Cro001G.1285.6.p1, CrChr4.1078, CRO_T113759"
M9H77_11626,"CRO_T003664, Cro001G.1286.1.p1, CRO_T113760"
M9H77_11627,Cro001G.1289.1.p1
M9H77_11632,"CRO_T022163, CRO_T107721"
M9H77_11633,"CRO_T022161, Cro001G.1290.1.p1, Cro001G.1290.2.p1, CrChr4.1083, CRO_T107720"
M9H77_11634,Cro001G.1308.1.p1
M9H77_11637,"CRO_T012933, CRO_T107716"
M9H77_11638,"CRO_T012932, CRO_T107715"
M9H77_11639,"CRO_T012934, CRO_T107714"
M9H77_11640,CRO_T012931
M9H77_11641,"Cro001G.1311.1.p1, Cro001G.1311.2.p1"
M9H77_11642,"CRO_T033002, CRO_T107711"
M9H77_11643,"CRO_T033003, CrChr4.1088"
M9H77_11644,CRO_T033001
M9H77_11646,"Cro001G.14823.1.p1, CrChr4.1091"
M9H77_11647,"Cro001G.14827.1.p1, CrChr4.1092"
M9H77_11649,"CRO_T015544, Cro001G.1315.1.p1, Cro001G.1315.2.p1, Cro001G.14829.1.p1, Cro001G.14829.2.p1, Cro001G.14829.3.p1, Cro001G.14829.4.p1, Cro001G.14829.5.p1, CRO_T107704"
M9H77_11650,CRO_T015542
M9H77_11651,"CRO_T015543, CRO_T107702"
M9H77_11653,"Cro001G.14832.1.p1, CrChr4.1100"
M9H77_11654,Cro001G.14825.1.p1
M9H77_11657,CRO_T032214
M9H77_11658,CRO_T013537
M9H77_11659,"CRO_T013536, Cro001G.14824.1.p1, CrChr4.1101, CRO_T107695"
M9H77_11660,"CRO_T009649, CRO_T107694"
M9H77_11662,CRO_T021218
M9H77_11664,"CRO_T033227, Cro001G.14826.1.p1, CrChr4.1104"
M9H77_11666,CRO_T024465
M9H77_11667,"CRO_T022531, CRO_T107686"
M9H77_11669,CRO_T022530
M9H77_11670,"CRO_T013417, CRO_T107683"
M9H77_11671,"CRO_T013418, CRO_T107682"
M9H77_11672,"CRO_T011836, CRO_T107681"
M9H77_11673,"Cro001G.14844.1.p1, Cro001G.14844.4.p1, CrChr4.1107"
M9H77_11675,"CRO_T000068, Cro001G.14845.8.p4, CRO_T107675"
M9H77_11676,Cro001G.14834.1.p1
M9H77_11678,Cro001G.14837.1.p1
M9H77_11679,CRO_T009144
M9H77_11680,CRO_T011650
M9H77_11681,CRO_T011649
M9H77_11683,"CRO_T033161, Cro001G.14840.1.p1, CrChr4.1113, CRO_T107666"
M9H77_11684,Cro001G.14843.1.p1
M9H77_11685,"CRO_T008903, CRO_T107664"
M9H77_11687,Cro001G.14841.1.p1
M9H77_11688,CRO_T018133
M9H77_11689,"CRO_T018130, CRO_T107657"
M9H77_11690,"CRO_T018134, CRO_T107656"
M9H77_11691,"CRO_T018131, CRO_T107654"
M9H77_11693,CRO_T028390
M9H77_11695,CRO_T009206
M9H77_11696,CRO_T019679
M9H77_11699,"CRO_T007582, CRO_T107644"
M9H77_11700,"CRO_T018300, CRO_T107637"
M9H77_11701,CRO_T016636
M9H77_11702,CRO_T005971
M9H77_11703,CRO_T005970
M9H77_11704,CRO_T022343
M9H77_11705,"Cro001G.14842.1.p1, CrChr4.1130"
M9H77_11707,CRO_T009170
M9H77_11710,CRO_T027302
M9H77_11711,"Cro001G.14848.1.p1, Cro001G.14848.2.p1, CrChr4.1135, CRO_T107618"
M9H77_11712,CRO_T009741
M9H77_11713,CRO_T009742
M9H77_11714,CRO_T009740
M9H77_11715,CRO_T009743
M9H77_11716,CRO_T032784
M9H77_11718,CrChr4.1141
M9H77_11719,"CRO_T022181, CRO_T118855"
M9H77_11720,CRO_T019969
M9H77_11722,CRO_T007093
M9H77_11723,CRO_T007092
M9H77_11724,CRO_T010743
M9H77_11725,"CRO_T014455, CRO_T118848"
M9H77_11726,"Cro001G.11383.1.p1, CrChr4.1153"
M9H77_11727,CRO_T025668
M9H77_11728,"CRO_T025671, CRO_T118843"
M9H77_11729,"Cro001G.11379.1.p1, CrChr4.1157, CRO_T118842"
M9H77_11730,CRO_T002192
M9H77_11731,"CRO_T017390, CRO_T118841"
M9H77_11732,"CRO_T018740, CRO_T118840"
M9H77_11733,"CRO_T002700, CRO_T118839"
M9H77_11736,"CRO_T017587, CRO_T118838"
M9H77_11737,CRO_T017589
M9H77_11739,CRO_T017588
M9H77_11744,CRO_T002951
M9H77_11745,CRO_T022583
M9H77_11748,"CRO_T020169, CRO_T111592"
M9H77_11750,CRO_T020168
M9H77_11751,"CRO_T028681, CRO_T111588"
M9H77_11753,"CRO_T013305, CRO_T111586"
M9H77_11754,CRO_T013304
M9H77_11755,CRO_T023561
M9H77_11756,"CRO_T023566, CRO_T111583"
M9H77_11758,CRO_T023560
M9H77_11760,"CRO_T023564, CRO_T111580"
M9H77_11761,"CRO_T020669, CRO_T111577"
M9H77_11762,"CRO_T005583, CRO_T111575"
M9H77_11763,"CRO_T005584, CRO_T111573"
M9H77_11765,"Cro001G.11372.1.p1, CRO_T111568"
M9H77_11768,"CRO_T003868, CRO_T111565"
M9H77_11773,"CRO_T006790, CrChr4.1191"
M9H77_11776,Cro001G.11371.1.p1
M9H77_11780,CRO_T025662
M9H77_11781,"CRO_T025663, CRO_T111553"
M9H77_11782,CRO_T028773
M9H77_11784,"CRO_T010221, CRO_T111550"
M9H77_11785,"CRO_T022731, Cro001G.11367.1.p1, CRO_T111548"
M9H77_11788,"CRO_T005183, CRO_T111545"
M9H77_11792,CRO_T111541
M9H77_11793,"CRO_T017195, CRO_T111540"
M9H77_11795,"CRO_T004968, CRO_T111536"
M9H77_11796,"CRO_T004969, CRO_T111535"
M9H77_11797,CRO_T004967
M9H77_11798,Cro001G.11369.1.p1
M9H77_11800,"CRO_T011238, CRO_T109604"
M9H77_11801,"Cro001G.11368.1.p1, Cro001G.11368.2.p1"
M9H77_11805,CRO_T029995
M9H77_11806,"CRO_T025002, CRO_T109613"
M9H77_11807,"CRO_T025001, Cro001G.11359.1.p1, CrChr4.1219, CRO_T109614"
M9H77_11808,"CRO_T025003, CRO_T109615"
M9H77_11809,"Cro001G.11360.3.p1, Cro001G.11360.9.p1"
M9H77_11815,CRO_T023710
M9H77_11816,CRO_T003197
M9H77_11817,"Cro001G.11356.1.p1, CrChr4.1225, CRO_T109622"
M9H77_11820,"Cro001G.11352.1.p1, Cro001G.11352.3.p1, CRO_T109623"
M9H77_11822,"CRO_T001216, Cro001G.11353.1.p1, CRO_T109626"
M9H77_11823,CRO_T001217
M9H77_11825,CRO_T000130
M9H77_11826,"CRO_T000129, CRO_T109630"
M9H77_11827,"CRO_T000131, CRO_T109631"
M9H77_11828,"Cro001G.11350.1.p1, Cro001G.11350.4.p1"
M9H77_11829,"CRO_T015621, CRO_T109634"
M9H77_11832,"CRO_T003397, CRO_T109636"
M9H77_11833,CRO_T003398
M9H77_11834,CRO_T008518
M9H77_11838,CRO_T017407
M9H77_11839,CRO_T017405
M9H77_11840,CRO_T015506
M9H77_11841,CRO_T007052
M9H77_11843,CRO_T005802
M9H77_11846,"CRO_T016518, Cro001G.11345.1.p1, CRO_T109653"
M9H77_11847,CRO_T026735
M9H77_11849,"CRO_T013611, CRO_T109660"
M9H77_11850,"CRO_T013610, Cro001G.11342.1.p1, CrChr4.1246, CRO_T109662"
M9H77_11851,"CRO_T013613, CRO_T109663"
M9H77_11852,CRO_T013612
M9H77_11856,"CRO_T029654, CRO_T109666"
M9H77_11857,CRO_T025502
M9H77_11858,"CRO_T027181, Cro001G.11341.1.p1, CrChr4.1250, CRO_T109669"
M9H77_11867,Cro001G.11339.1.p1
M9H77_11868,CRO_T024572
M9H77_11869,CRO_T024571
M9H77_11870,CRO_T024574
M9H77_11873,CRO_T024570
M9H77_11874,CRO_T014142
M9H77_11875,CRO_T019298
M9H77_11876,"CRO_T019296, CRO_T108859"
M9H77_11877,Cro001G.11340.1.p1
M9H77_11879,CRO_T010398
M9H77_11881,"CRO_T017025, Cro001G.11335.1.p1, CrChr4.1267, CRO_T108864"
M9H77_11883,CRO_T014313
M9H77_11884,"CRO_T014314, CRO_T108867"
M9H77_11885,"CRO_T023995, CRO_T108868"
M9H77_11886,"CRO_T023994, Cro001G.11331.1.p1, CRO_T108871"
M9H77_11887,Cro001G.11329.1.p1
M9H77_11891,"CRO_T015216, Cro001G.11330.1.p1, Cro001G.11330.2.p1, Cro001G.11330.3.p1, CRO_T108876"
M9H77_11892,CRO_T009929
M9H77_11893,"CRO_T030303, CRO_T108881"
M9H77_11894,"CRO_T015764, CRO_T108883"
M9H77_11895,CRO_T029952
M9H77_11896,CRO_T029953
M9H77_11897,"CRO_T027410, CRO_T108886"
M9H77_11898,CRO_T010365
M9H77_11899,Cro001G.11328.1.p1
M9H77_11900,CrChr4.1287
M9H77_11903,"Cro001G.11324.1.p1, CrChr4.1288"
M9H77_11904,"CRO_T014280, Cro001G.11322.1.p1, Cro001G.11322.2.p1, CRO_T108891"
M9H77_11906,"CRO_T017097, Cro001G.11320.1.p1, CrChr4.1291, CRO_T108896"
M9H77_11907,"Cro001G.11321.1.p1, CRO_T108897"
M9H77_11909,CRO_T010799
M9H77_11911,CRO_T011334
M9H77_11912,CRO_T011336
M9H77_11913,"CRO_T011335, Cro001G.11308.1.p1, Cro001G.11308.2.p1, Cro001G.11308.3.p1, Cro001G.11308.5.p1, Cro001G.11308.6.p1, Cro001G.11308.7.p1, CRO_T108904"
M9H77_11914,CRO_T011337
M9H77_11915,"CRO_T018060, Cro001G.11306.1.p1, CRO_T108908"
M9H77_11917,Cro001G.11305.1.p1
M9H77_11918,CrChr4.1304
M9H77_11919,CRO_T016144
M9H77_11921,Cro001G.11301.2.p1
M9H77_11923,CRO_T024524
M9H77_11924,CRO_T024523
M9H77_11926,"CRO_T030456, Cro001G.11315.1.p1, CRO_T108920"
M9H77_11927,"CRO_T030458, CRO_T108922"
M9H77_11928,CRO_T030457
M9H77_11930,"Cro001G.11313.1.p1, Cro001G.11313.4.p1, CrChr4.1317"
M9H77_11931,CRO_T002187
M9H77_11932,Cro001G.11311.1.p1
M9H77_11933,"CRO_T020075, Cro001G.11310.1.p1, CRO_T108928"
M9H77_11934,"CRO_T020073, Cro001G.11309.1.p1, CRO_T108929"
M9H77_11935,CRO_T020076
M9H77_11938,"CRO_T000188, Cro001G.11298.1.p1, CrChr4.1325, CRO_T108931"
M9H77_11941,"CRO_T004480, Cro001G.11295.1.p1, CrChr4.1326, CRO_T115444"
M9H77_11943,CRO_T026039
M9H77_11945,"CRO_T006891, CRO_T115447"
M9H77_11946,"CRO_T031592, CRO_T115449"
M9H77_11947,"CRO_T007148, CRO_T115451"
M9H77_11949,"CRO_T024025, CRO_T115455"
M9H77_11954,CRO_T115460
M9H77_11955,"CRO_T030528, CRO_T115461"
M9H77_11956,CRO_T030527
M9H77_11958,"CRO_T001914, Cro001G.11297.2.p1, CrChr4.1333, CRO_T115462"
M9H77_11959,CRO_T001912
M9H77_11960,"CRO_T001913, Cro001G.11293.1.p1, Cro001G.11293.2.p1, CrChr4.1335, CRO_T115465"
M9H77_11961,"CRO_T001911, Cro001G.11292.1.p1, CrChr4.1336, CRO_T115466"
M9H77_11962,"CRO_T000655, Cro001G.11291.1.p1, Cro001G.11291.2.p1, CRO_T115467"
M9H77_11963,CRO_T012069
M9H77_11964,"CRO_T012066, CRO_T115471"
M9H77_11965,CRO_T012065
M9H77_11968,"CRO_T012064, Cro001G.11287.1.p1, CrChr4.1341"
M9H77_11969,"Cro001G.11288.1.p1, CrChr4.1342"
M9H77_11970,"Cro001G.11290.1.p1, Cro001G.11290.3.p1"
M9H77_11971,"CRO_T016445, CRO_T115476"
M9H77_11972,"CRO_T016448, CRO_T115477"
M9H77_11974,"CRO_T004686, CRO_T115480"
M9H77_11975,"Cro001G.11285.1.p1, CrChr4.1348"
M9H77_11977,"CRO_T003579, Cro001G.11283.1.p1, Cro001G.11284.1.p1, Cro001G.11284.2.p1, CrChr4.1349"
M9H77_11979,CRO_T001117
M9H77_11980,CRO_T001116
M9H77_11981,CRO_T001118
M9H77_11983,"CRO_T027076, CRO_T115492"
M9H77_11989,Cro001G.11282.1.p1
M9H77_11992,Cro001G.11280.1.p1
M9H77_11993,"CRO_T020670, Cro001G.11279.1.p1, CrChr4.1361, CRO_T115499"
M9H77_11994,"CRO_T020671, CRO_T115500"
M9H77_11995,"CRO_T020672, CRO_T115501"
M9H77_11996,"CRO_T001894, Cro001G.11278.1.p1, Cro001G.11278.3.p1, CRO_T115502"
M9H77_11997,"CRO_T001895, CRO_T115505"
M9H77_11999,CRO_T001896
M9H77_12000,CRO_T033048
M9H77_12001,"CRO_T000010, CRO_T115510"
M9H77_12005,"CRO_T027313, CRO_T115512"
M9H77_12006,CRO_T027316
M9H77_12007,CRO_T027315
M9H77_12008,CRO_T027312
M9H77_12009,CRO_T032355
M9H77_12010,CRO_T032356
M9H77_12014,"CRO_T014275, Cro001G.11275.1.p1, CrChr4.1371"
M9H77_12017,CRO_T008815
M9H77_12018,Cro001G.11271.1.p1
M9H77_12019,CRO_T008814
M9H77_12020,CRO_T008812
M9H77_12021,CrChr4.1374
M9H77_12022,CRO_T032111
M9H77_12023,"CRO_T032109, Cro001G.11265.1.p1, CrChr4.1375, CRO_T115528"
M9H77_12024,CRO_T032110
M9H77_12026,CRO_T021841
M9H77_12027,"Cro001G.11264.1.p1, CrChr4.1379"
M9H77_12028,Cro001G.11267.1.p1
M9H77_12029,"Cro001G.11266.1.p1, CrChr4.1381"
M9H77_12031,CRO_T022939
M9H77_12032,CRO_T022941
M9H77_12035,"CRO_T026513, CRO_T115537"
M9H77_12037,"CRO_T019994, Cro001G.11257.1.p1, CRO_T115540"
M9H77_12038,"CRO_T017496, CRO_T115541"
M9H77_12040,CRO_T010554
M9H77_12041,CRO_T010555
M9H77_12043,CRO_T016475
M9H77_12044,"CrChr4.1391, CRO_T115552"
M9H77_12045,"CRO_T026807, CRO_T115553"
M9H77_12048,Cro001G.11261.2.p1
M9H77_12049,"CRO_T026777, Cro001G.11260.1.p2, Cro001G.11260.2.p2, Cro001G.11260.3.p1, Cro001G.11260.6.p1, Cro001G.11260.7.p2, Cro001G.11260.8.p1, CrChr4.1393, CRO_T115556"
M9H77_12051,"CRO_T026776, CrChr4.1396, CRO_T115559"
M9H77_12052,"CRO_T032337, CRO_T115560"
M9H77_12053,CRO_T032336
M9H77_12054,"Cro001G.11253.1.p1, CRO_T115561"
M9H77_12055,"CRO_T022648, CRO_T115563"
M9H77_12057,CRO_T000886
M9H77_12058,"CRO_T027073, CRO_T115566"
M9H77_12059,"Cro001G.11252.1.p1, Cro001G.11252.2.p1, CrChr4.1406, CRO_T115567"
M9H77_12060,CRO_T012204
M9H77_12061,CRO_T012205
M9H77_12062,CRO_T014539
M9H77_12064,CRO_T030921
M9H77_12065,Cro001G.11250.1.p1
M9H77_12066,"Cro001G.11246.1.p1, CRO_T115580"
M9H77_12068,Cro001G.11245.1.p1
M9H77_12071,"Cro001G.11241.1.p1, CrChr4.1419"
M9H77_12072,CRO_T003082
M9H77_12073,"CRO_T001759, CRO_T115586"
M9H77_12076,CRO_T010805
M9H77_12077,CRO_T005652
M9H77_12078,Cro001G.11243.1.p1
M9H77_12079,"CRO_T012599, CRO_T115597"
M9H77_12081,CRO_T020086
M9H77_12084,"Cro001G.11242.1.p1, Cro001G.11242.2.p1, Cro001G.11242.3.p1"
M9H77_12085,"Cro001G.11238.1.p1, CrChr4.1431"
M9H77_12086,"Cro001G.11237.1.p1, Cro001G.11237.2.p1, CrChr4.1432"
M9H77_12087,"CrChr4.1433, CRO_T115605"
M9H77_12088,"CRO_T004823, Cro001G.11234.1.p1, CrChr4.1434, CRO_T115606"
M9H77_12090,CRO_T004825
M9H77_12091,"Cro001G.11236.1.p1, CrChr4.1435"
M9H77_12092,"CRO_T004824, Cro001G.11235.1.p1, CrChr4.1436, CRO_T115608"
M9H77_12093,CRO_T027100
M9H77_12096,"Cro001G.11233.1.p1, CrChr4.1437, CRO_T115615"
M9H77_12097,CrChr4.1438
M9H77_12098,CrChr4.1439
M9H77_12099,CRO_T000109
M9H77_12100,"CRO_T000108, Cro001G.11230.1.p1, CrChr4.1440, CRO_T115617"
M9H77_12101,CRO_T002371
M9H77_12107,"CRO_T028818, CRO_T115619"
M9H77_12108,CRO_T028562
M9H77_12112,"CRO_T014338, CRO_T115624"
M9H77_12116,CRO_T033787
M9H77_12117,"Cro001G.11227.1.p1, Cro001G.11227.2.p1"
M9H77_12118,CRO_T033785
M9H77_12120,Cro001G.11223.1.p1
M9H77_12121,"CRO_T021016, Cro001G.11222.1.p1, CRO_T115632"
M9H77_12122,CrChr4.1456
M9H77_12123,"CRO_T022098, Cro001G.11220.1.p1, Cro001G.11220.2.p1, Cro001G.11220.3.p1, Cro001G.11220.4.p1, Cro001G.11220.5.p1, CrChr4.1459, CRO_T115634"
M9H77_12124,"Cro001G.11219.1.p1, CrChr4.1460, CRO_T115635"
M9H77_12126,"CRO_T000870, CRO_T115636"
M9H77_12128,"CRO_T000869, CRO_T115637"
M9H77_12129,"CRO_T021888, Cro001G.11218.1.p1, CrChr4.1461, CRO_T115638"
M9H77_12130,"CRO_T021892, CRO_T115639"
M9H77_12131,CRO_T021889
M9H77_12132,CRO_T021891
M9H77_12133,CRO_T021890
M9H77_12135,Cro001G.11211.1.p1
M9H77_12136,"Cro001G.11213.1.p1, CrChr4.1464"
M9H77_12137,"Cro001G.11216.1.p1, CrChr4.1465, CRO_T115646"
M9H77_12138,CRO_T033133
M9H77_12139,Cro001G.11215.1.p1
M9H77_12140,CRO_T033135
M9H77_12142,"Cro001G.11205.1.p1, Cro001G.11205.3.p1"
M9H77_12143,CRO_T028605
M9H77_12144,Cro001G.11202.1.p1
M9H77_12145,Cro001G.11204.2.p1
M9H77_12146,"CRO_T008542, CRO_T115659"
M9H77_12148,CRO_T003393
M9H77_12150,CRO_T003392
M9H77_12151,"CRO_T003391, CRO_T115665"
M9H77_12152,"CRO_T027600, Cro001G.11209.1.p1, Cro001G.11209.2.p1, Cro001G.11209.3.p1, CrChr4.1481, CRO_T115666"
M9H77_12153,"Cro001G.11210.1.p2, Cro001G.11210.2.p2, Cro001G.11210.8.p2"
M9H77_12154,"Cro001G.11210.1.p1, CrChr4.1483"
M9H77_12155,CRO_T028378
M9H77_12156,CRO_T028376
M9H77_12159,CRO_T028377
M9H77_12160,"CRO_T009966, Cro001G.11198.1.p1, CrChr4.1484, CRO_T115670"
M9H77_12161,Cro001G.11197.1.p1
M9H77_12162,CRO_T009968
M9H77_12164,"Cro001G.11196.1.p1, Cro001G.11196.2.p1, Cro001G.11196.3.p1, Cro001G.11196.4.p1, Cro001G.11196.5.p1, Cro001G.11196.6.p1, CRO_T115673"
M9H77_12165,"CRO_T013590, CRO_T115675"
M9H77_12166,CRO_T013589
M9H77_12167,CRO_T005390
M9H77_12169,"CRO_T032991, CRO_T115682"
M9H77_12170,"CRO_T031648, Cro001G.11194.1.p1, CrChr4.1492, CRO_T115683"
M9H77_12171,"CRO_T031649, CrChr4.1493, CRO_T115684"
M9H77_12173,"Cro001G.11191.1.p1, CrChr4.1494"
M9H77_12174,"Cro001G.11190.1.p1, CrChr4.1496"
M9H77_12176,Cro001G.11189.1.p1
M9H77_12178,"CRO_T005800, CRO_T115695"
M9H77_12181,CRO_T010003
M9H77_12182,"CRO_T010002, CRO_T115699"
M9H77_12183,"CRO_T009999, Cro001G.11187.1.p1, CrChr4.1506"
M9H77_12184,"CRO_T028555, CRO_T010001, Cro001G.11186.1.p1, CrChr4.1508, CrChr4.3546, CRO_T118821, CRO_T115704"
M9H77_12185,Cro001G.11185.1.p1
M9H77_12186,CRO_T004378
M9H77_12187,CRO_T028036
M9H77_12188,"CRO_T028037, CRO_T115710"
M9H77_12189,"CRO_T008915, CRO_T115711"
M9H77_12190,CRO_T008914
M9H77_12192,CRO_T015502
M9H77_12194,"CRO_T015501, CRO_T115715"
M9H77_12197,"Cro001G.11179.1.p1, CrChr4.1519"
M9H77_12198,"CRO_T017642, CRO_T115723"
M9H77_12199,CRO_T017246
M9H77_12202,"Cro001G.11181.1.p1, Cro001G.11181.2.p1, Cro001G.11181.8.p1, Cro001G.11181.9.p1"
M9H77_12203,"CRO_T016537, Cro001G.11177.1.p1"
M9H77_12204,"CRO_T001290, CRO_T115733"
M9H77_12208,CRO_T005258
M9H77_12209,CRO_T005260
M9H77_12210,"CRO_T005257, CRO_T115737"
M9H77_12212,"CRO_T025077, CRO_T115740"
M9H77_12213,CRO_T025918
M9H77_12214,CRO_T017469
M9H77_12215,CRO_T017470
M9H77_12216,"Cro001G.11173.1.p1, CrChr4.1532"
M9H77_12217,"CRO_T018887, Cro001G.11170.1.p1, CrChr4.1533, CRO_T115750"
M9H77_12218,CRO_T007764
M9H77_12220,CRO_T008184
M9H77_12221,CRO_T008185
M9H77_12222,CRO_T008183
M9H77_12223,CRO_T008186
M9H77_12232,Cro001G.11169.1.p1
M9H77_12236,CRO_T031470
M9H77_12238,"Cro001G.11157.2.p2, Cro001G.11157.4.p1, CrChr4.1542"
M9H77_12239,"Cro001G.11157.1.p1, Cro001G.11157.2.p1"
M9H77_12240,"CRO_T024942, CRO_T122976"
M9H77_12241,Cro001G.11158.2.p1
M9H77_12242,CRO_T031945
M9H77_12245,"CRO_T016487, CRO_T133668"
M9H77_12246,"Cro001G.11156.2.p1, CrChr4.1549, CRO_T133667"
M9H77_12247,CRO_T022301
M9H77_12248,"CRO_T022298, Cro001G.11154.1.p1, CrChr4.1550, CRO_T133665"
M9H77_12249,"CRO_T022297, Cro001G.11155.1.p2, Cro001G.11155.10.p1, Cro001G.11155.3.p2, Cro001G.11155.6.p2, Cro001G.11155.7.p2, CrChr4.1551, CRO_T133664"
M9H77_12250,"CRO_T022299, CRO_T133663"
M9H77_12251,"CRO_T022300, CRO_T133662"
M9H77_12252,"CRO_T022296, CRO_T133661"
M9H77_12255,CRO_T013983
M9H77_12256,CRO_T025631
M9H77_12257,CrChr4.1556
M9H77_12258,CRO_T028933
M9H77_12259,"CRO_T028932, CRO_T133652"
M9H77_12262,CRO_T031599
M9H77_12268,CRO_T014503
M9H77_12269,CRO_T014502
M9H77_12270,"CRO_T014504, CRO_T133645"
M9H77_12274,CRO_T016526
M9H77_12275,"CRO_T010698, CRO_T133642"
M9H77_12276,CRO_T006560
M9H77_12277,"Cro001G.11161.1.p1, Cro001G.11161.9.p1, CrChr4.1568, CRO_T133640"
M9H77_12280,CRO_T014990
M9H77_12281,"CRO_T014991, CRO_T133637"
M9H77_12282,"CRO_T014993, CRO_T133636"
M9H77_12284,CRO_T014992
M9H77_12287,"CRO_T024283, Cro001G.11152.1.p2, CRO_T133629"
M9H77_12288,CRO_T023389
M9H77_12290,Cro001G.11151.1.p1
M9H77_12291,CRO_T004783
M9H77_12292,CrChr4.1576
M9H77_12295,CRO_T027352
M9H77_12297,"CRO_T030536, CRO_T133615"
M9H77_12298,CRO_T014903
M9H77_12299,Cro001G.11143.1.p1
M9H77_12301,"Cro001G.11149.1.p1, Cro001G.11149.10.p1, Cro001G.11149.11.p1, Cro001G.11149.12.p1, Cro001G.11149.13.p1, Cro001G.11149.14.p1, Cro001G.11149.15.p1, Cro001G.11149.2.p1, Cro001G.11149.3.p1, Cro001G.11149.4.p1, Cro001G.11149.5.p1, Cro001G.11149.6.p1, Cro001G.11149.7.p1, Cro001G.11149.8.p1, Cro001G.11149.9.p1"
M9H77_12302,"CRO_T032504, CRO_T133607"
M9H77_12303,"Cro001G.11137.1.p1, CrChr4.1583"
M9H77_12304,"CRO_T003560, CRO_T133605"
M9H77_12306,"Cro001G.11138.1.p1, Cro001G.11138.2.p1, Cro001G.11138.3.p1, Cro001G.11138.4.p1, Cro001G.11138.5.p1, Cro001G.11138.6.p1, Cro001G.11138.7.p1, Cro001G.11138.8.p1, CRO_T133600"
M9H77_12307,"CRO_T029746, CRO_T133599"
M9H77_12310,"CRO_T008296, CRO_T133596"
M9H77_12311,Cro001G.11135.1.p1
M9H77_12312,"CRO_T002742, Cro001G.11134.1.p1, CrChr4.1591, CRO_T133593"
M9H77_12313,"CRO_T030779, CRO_T133592"
M9H77_12315,Cro001G.11133.3.p1
M9H77_12318,"CRO_T003305, CrChr4.1597, CRO_T133583"
M9H77_12319,"Cro001G.11123.1.p1, CRO_T133580"
M9H77_12320,CRO_T003307
M9H77_12322,"CRO_T005525, Cro001G.11120.1.p1, CrChr4.1600, CRO_T133576"
M9H77_12323,CRO_T029779
M9H77_12324,"CRO_T029780, CRO_T133574"
M9H77_12325,"Cro001G.11128.1.p1, Cro001G.11128.11.p1, Cro001G.11128.12.p1, Cro001G.11128.13.p1, Cro001G.11128.2.p1, Cro001G.11128.3.p1, Cro001G.11128.5.p1, Cro001G.11128.7.p1, Cro001G.11128.8.p1, Cro001G.11128.9.p1"
M9H77_12326,CRO_T029781
M9H77_12327,"CRO_T025834, Cro001G.11118.1.p1, CrChr4.1603, CRO_T133570"
M9H77_12330,"Cro001G.11117.1.p1, CrChr4.1606"
M9H77_12331,"CRO_T016373, CRO_T133564"
M9H77_12332,"CRO_T016375, CRO_T133563"
M9H77_12333,CRO_T016376
M9H77_12334,Cro001G.11126.1.p1
M9H77_12337,CRO_T007281
M9H77_12338,"CRO_T000717, Cro001G.11124.1.p1, CRO_T133555"
M9H77_12339,"CRO_T031337, CRO_T133554"
M9H77_12343,"CRO_T020449, CRO_T133551"
M9H77_12345,CRO_T024312
M9H77_12347,"CRO_T014362, CRO_T133547"
M9H77_12348,Cro001G.11116.1.p1
M9H77_12349,CRO_T011086
M9H77_12351,CRO_T000656
M9H77_12352,CRO_T007572
M9H77_12353,Cro001G.11114.1.p1
M9H77_12355,CRO_T031079
M9H77_12356,CRO_T031080
M9H77_12364,"CRO_T018388, Cro001G.11113.1.p1, CrChr4.1620, CRO_T133532"
M9H77_12365,Cro001G.11112.1.p1
M9H77_12367,CRO_T007021
M9H77_12368,"CRO_T007022, CRO_T133529"
M9H77_12371,CRO_T007020
M9H77_12372,"CRO_T023342, CRO_T133527"
M9H77_12373,CRO_T026023
M9H77_12374,"Cro001G.11110.1.p1, CrChr4.1626"
M9H77_12375,Cro001G.11109.1.p1
M9H77_12380,"CRO_T006431, CRO_T133520"
M9H77_12382,"Cro001G.11108.1.p1, Cro001G.11108.2.p1, CRO_T133519"
M9H77_12383,CRO_T011224
M9H77_12390,CRO_T014593
M9H77_12391,"Cro001G.11106.1.p1, CrChr4.1634"
M9H77_12392,CRO_T033721
M9H77_12393,CRO_T007423
M9H77_12394,CRO_T006134
M9H77_12398,Cro001G.11102.1.p1
M9H77_12400,"CRO_T018559, CRO_T104412"
M9H77_12401,CRO_T018558
M9H77_12402,CRO_T018561
M9H77_12403,CRO_T004113
M9H77_12404,"CrChr4.1645, CRO_T104409"
M9H77_12405,CRO_T004115
M9H77_12406,CRO_T033733
M9H77_12407,"CRO_T022324, Cro001G.11098.1.p1, Cro001G.11098.2.p1, Cro001G.11098.3.p1, CRO_T104401"
M9H77_12408,"CRO_T019956, CRO_T104400"
M9H77_12411,CRO_T006275
M9H77_12412,CRO_T006274
M9H77_12414,CRO_T028405
M9H77_12416,CRO_T028406
M9H77_12418,CRO_T011466
M9H77_12420,CRO_T021046
M9H77_12422,Cro001G.11092.1.p1
M9H77_12423,"CRO_T031022, CRO_T104388"
M9H77_12426,CRO_T002726
M9H77_12431,CRO_T009411
M9H77_12433,CRO_T027490
M9H77_12436,"CRO_T027489, CRO_T104379"
M9H77_12439,CRO_T004645
M9H77_12440,CRO_T020491
M9H77_12443,"CRO_T001422, Cro001G.11085.1.p1, CrChr4.1671, CRO_T104368"
M9H77_12449,"Cro001G.11084.2.p1, Cro001G.11084.3.p1, Cro001G.11084.5.p1"
M9H77_12450,"CRO_T005500, Cro001G.11084.1.p2, Cro001G.11084.4.p2, CRO_T104358"
M9H77_12451,CRO_T005502
M9H77_12452,Cro001G.11082.1.p1
M9H77_12457,CRO_T030989
M9H77_12458,Cro001G.11080.1.p1
M9H77_12461,CRO_T015906
M9H77_12463,"CRO_T004843, CRO_T104341"
M9H77_12466,CrChr4.1692
M9H77_12467,"CRO_T004093, CRO_T104336"
M9H77_12469,CRO_T004096
M9H77_12470,CRO_T004094
M9H77_12471,"CRO_T004095, Cro001G.11077.2.p1, Cro001G.11077.3.p1"
M9H77_12472,CRO_T023761
M9H77_12473,CRO_T009774
M9H77_12474,CRO_T004595
M9H77_12476,"Cro001G.11076.1.p1, CrChr4.1696, CRO_T104328"
M9H77_12477,"CRO_T022728, CRO_T104326"
M9H77_12478,CRO_T022729
M9H77_12479,CRO_T021018
M9H77_12482,CRO_T017100
M9H77_12483,CRO_T017099
M9H77_12484,CRO_T017101
M9H77_12485,"CRO_T002030, CRO_T120618"
M9H77_12486,CRO_T014320
M9H77_12487,CRO_T019440
M9H77_12488,"CRO_T019398, CRO_T120624"
M9H77_12492,CRO_T021120
M9H77_12494,CRO_T031455
M9H77_12496,"CRO_T031454, Cro001G.11063.1.p1, CRO_T120633"
M9H77_12497,"CRO_T030820, CRO_T120637"
M9H77_12498,CRO_T007237
M9H77_12501,"CRO_T009656, CRO_T120639"
M9H77_12504,"CRO_T028093, CRO_T120641"
M9H77_12507,CRO_T026536
M9H77_12508,CRO_T030210
M9H77_12509,"CRO_T012343, CRO_T120647"
M9H77_12511,"CRO_T012341, CRO_T120648"
M9H77_12513,CRO_T029634
M9H77_12514,"Cro001G.11057.1.p1, CrChr4.1725"
M9H77_12515,"CRO_T022121, CRO_T120654"
M9H77_12516,"CRO_T012566, Cro001G.11056.1.p1, Cro001G.11056.2.p1, CrChr4.1727, CRO_T120655"
M9H77_12519,"Cro001G.11055.1.p1, CRO_T120656"
M9H77_12520,CRO_T006268
M9H77_12522,CRO_T002394
M9H77_12523,CRO_T017691
M9H77_12525,"CRO_T030341, CRO_T120667"
M9H77_12527,Cro001G.11053.1.p1
M9H77_12529,Cro001G.11051.1.p1
M9H77_12532,CRO_T021048
M9H77_12533,CRO_T021047
M9H77_12535,CRO_T031350
M9H77_12536,CRO_T031349
M9H77_12537,CRO_T001751
M9H77_12539,"CRO_T001752, CRO_T120679"
M9H77_12541,CRO_T003551
M9H77_12542,"CRO_T003554, CRO_T120681"
M9H77_12543,"CRO_T003549, CRO_T120682"
M9H77_12544,"CRO_T003552, CRO_T120685"
M9H77_12545,CRO_T003550
M9H77_12546,CRO_T013205
M9H77_12547,CRO_T013206
M9H77_12548,CRO_T013207
M9H77_12549,"CRO_T013208, CRO_T120688"
M9H77_12550,"Cro001G.11042.1.p1, CrChr4.1747"
M9H77_12551,"CRO_T021121, Cro001G.11041.1.p1, CrChr4.1748, CRO_T120690"
M9H77_12552,"CRO_T033590, CRO_T120691"
M9H77_12556,"CRO_T033589, Cro001G.11034.1.p1, CrChr4.1751, CRO_T120693"
M9H77_12557,CRO_T033592
M9H77_12558,"CRO_T033593, CRO_T120695"
M9H77_12560,"CRO_T033588, CRO_T120696"
M9H77_12563,"Cro001G.11036.2.p1, CRO_T120698"
M9H77_12565,CRO_T028359
M9H77_12566,CRO_T028358
M9H77_12567,"CRO_T028360, CRO_T120701"
M9H77_12568,CRO_T028361
M9H77_12569,CRO_T009632
M9H77_12571,CRO_T012346
M9H77_12572,"Cro001G.11033.1.p1, Cro001G.11033.2.p1, Cro001G.11033.4.p1"
M9H77_12574,CRO_T023309
M9H77_12575,CRO_T029898
M9H77_12576,"Cro001G.11046.1.p2, Cro001G.11046.2.p2, Cro001G.11046.4.p1, Cro001G.11046.5.p1, Cro001G.11046.7.p1"
M9H77_12578,CRO_T005958
M9H77_12579,"CRO_T005957, CRO_T120721"
M9H77_12581,"Cro001G.11046.1.p1, Cro001G.11046.2.p1, CrChr4.1774"
M9H77_12582,CRO_T016286
M9H77_12583,"Cro001G.11030.1.p1, CrChr4.1776, CRO_T120727"
M9H77_12584,CRO_T010270
M9H77_12585,CRO_T018497
M9H77_12586,"CRO_T018496, CRO_T120732"
M9H77_12587,"CRO_T015656, Cro001G.11029.1.p1, CRO_T120733"
M9H77_12588,CRO_T015655
M9H77_12592,CRO_T009410
M9H77_12593,CRO_T033727
M9H77_12595,"CRO_T024363, CRO_T120742"
M9H77_12596,CRO_T024362
M9H77_12601,CRO_T014343
M9H77_12603,Cro001G.11026.1.p1
M9H77_12605,CRO_T013888
M9H77_12606,CRO_T013887
M9H77_12607,CRO_T030234
M9H77_12608,Cro001G.11025.2.p1
M9H77_12609,CRO_T025103
M9H77_12612,"CRO_T025156, CRO_T120768"
M9H77_12613,CRO_T008973
M9H77_12614,CRO_T020570
M9H77_12616,CRO_T002425
M9H77_12618,CRO_T014232
M9H77_12619,"CRO_T011254, CRO_T120784"
M9H77_12620,CRO_T011255
M9H77_12621,"CRO_T029867, CRO_T120786"
M9H77_12622,CRO_T029866
M9H77_12623,"Cro001G.11021.1.p1, CrChr4.1810"
M9H77_12626,CRO_T017140
M9H77_12627,CRO_T004017
M9H77_12628,CRO_T004016
M9H77_12632,"CRO_T017698, CRO_T120792"
M9H77_12634,CRO_T017701
M9H77_12635,"CRO_T017697, CRO_T120793"
M9H77_12636,CRO_T017699
M9H77_12638,CRO_T015005
M9H77_12639,"CRO_T027116, CRO_T120799"
M9H77_12641,"CRO_T027115, CRO_T120801"
M9H77_12642,"CRO_T027114, Cro001G.11018.1.p1, CrChr4.1816, CRO_T120802"
M9H77_12643,"CRO_T017014, Cro001G.11017.1.p1, CRO_T120803"
M9H77_12644,"CRO_T017015, CRO_T120804"
M9H77_12646,CRO_T008929
M9H77_12647,CRO_T003094
M9H77_12648,CRO_T033818
M9H77_12649,CRO_T013811
M9H77_12651,CRO_T007000
M9H77_12652,CRO_T006998
M9H77_12653,CRO_T006997
M9H77_12654,"CRO_T001881, CRO_T120815"
M9H77_12655,"CRO_T027634, Cro001G.11009.1.p1, CrChr4.1828, CRO_T120818"
M9H77_12658,CRO_T120820
M9H77_12659,"Cro001G.11012.1.p1, Cro001G.11012.11.p1, Cro001G.11012.2.p1, Cro001G.11012.4.p1, CrChr4.1831"
M9H77_12660,CRO_T018090
M9H77_12661,"CRO_T018088, CRO_T120826"
M9H77_12663,CRO_T018089
M9H77_12664,CRO_T027431
M9H77_12667,CRO_T027432
M9H77_12669,Cro001G.11007.1.p1
M9H77_12671,CRO_T015953
M9H77_12672,CRO_T027808
M9H77_12673,"CRO_T027807, Cro001G.11006.1.p1, Cro001G.11006.2.p1, CrChr4.1837, CRO_T120838"
M9H77_12678,CRO_T000750
M9H77_12680,"Cro001G.11003.1.p1, Cro001G.11003.2.p1, CrChr4.1847"
M9H77_12681,CRO_T018003
M9H77_12683,"CRO_T011646, CrChr4.1848, CRO_T120848"
M9H77_12688,"Cro001G.11002.1.p1, Cro001G.11002.3.p1, CrChr4.1850"
M9H77_12689,"CRO_T010082, CRO_T120855"
M9H77_12690,"Cro001G.11001.2.p1, Cro001G.11001.3.p1"
M9H77_12691,CRO_T030145
M9H77_12692,CRO_T000114
M9H77_12693,CRO_T000113
M9H77_12694,CRO_T012000
M9H77_12695,CRO_T017301
M9H77_12696,CRO_T017302
M9H77_12697,CRO_T023744
M9H77_12699,Cro001G.10997.1.p1
M9H77_12700,CRO_T023745
M9H77_12701,CRO_T010936
M9H77_12703,"CRO_T004264, CrChr4.1856, CRO_T120865"
M9H77_12704,"CRO_T004265, Cro001G.10998.1.p1, Cro001G.10998.2.p1, Cro001G.10998.3.p1, Cro001G.10998.4.p1, Cro001G.10998.5.p1, Cro001G.10998.6.p1, Cro001G.10998.7.p1, CRO_T120866"
M9H77_12705,"CRO_T029468, CRO_T120868"
M9H77_12706,"CRO_T029469, CRO_T120869"
M9H77_12711,Cro001G.10996.1.p1
M9H77_12712,CRO_T026995
M9H77_12713,CRO_T025845
M9H77_12714,CRO_T002826
M9H77_12715,"CRO_T001910, CRO_T103553"
M9H77_12717,CRO_T016094
M9H77_12718,CRO_T003970
M9H77_12720,CRO_T003101
M9H77_12722,CRO_T000156
M9H77_12723,CRO_T000154
M9H77_12725,CRO_T030209
M9H77_12730,"CRO_T011740, CrChr4.1883"
M9H77_12731,"CRO_T017281, CRO_T103522"
M9H77_12732,CRO_T017282
M9H77_12733,CRO_T017283
M9H77_12738,CRO_T008481
M9H77_12739,CRO_T011368
M9H77_12740,"CRO_T011369, CRO_T103509"
M9H77_12741,"Cro001G.10990.1.p1, CRO_T103508"
M9H77_12742,"Cro001G.10985.2.p1, CrChr4.1892"
M9H77_12743,CRO_T024694
M9H77_12744,"CRO_T026516, CRO_T103503"
M9H77_12745,CRO_T026515
M9H77_12747,CRO_T026514
M9H77_12749,CRO_T026518
M9H77_12750,CRO_T024789
M9H77_12752,"CRO_T008239, CRO_T103497"
M9H77_12753,"Cro001G.10981.1.p1, CrChr4.1901, CRO_T103495"
M9H77_12755,CRO_T027478
M9H77_12756,CRO_T015307
M9H77_12757,CRO_T015972
M9H77_12758,"CRO_T000593, CrChr4.1905"
M9H77_12759,CRO_T008357
M9H77_12760,CRO_T008353
M9H77_12761,"CRO_T008355, CRO_T103484"
M9H77_12762,"CRO_T008356, CRO_T103483"
M9H77_12763,"CRO_T021971, CRO_T103480"
M9H77_12764,CRO_T020115
M9H77_12766,CRO_T002398
M9H77_12767,CRO_T024738
M9H77_12769,CRO_T024739
M9H77_12770,"Cro001G.10974.1.p1, CrChr4.1913"
M9H77_12772,CRO_T024674
M9H77_12773,CRO_T029659
M9H77_12775,Cro001G.10971.2.p1
M9H77_12777,"CRO_T002399, Cro001G.10970.1.p1, CRO_T103465"
M9H77_12778,"CRO_T002400, Cro001G.10969.1.p1, Cro001G.10969.2.p1, CRO_T103463"
M9H77_12779,CrChr4.1919
M9H77_12780,"CRO_T002401, Cro001G.10968.1.p1, CrChr4.1920, CRO_T103461"
M9H77_12783,CRO_T007740
M9H77_12786,CRO_T018531
M9H77_12788,CRO_T031354
M9H77_12789,CRO_T026016
M9H77_12790,"Cro001G.10962.1.p1, CrChr4.1931"
M9H77_12791,"Cro001G.10963.1.p1, Cro001G.10963.2.p1"
M9H77_12793,CRO_T022253
M9H77_12794,"CRO_T022254, CRO_T130485"
M9H77_12795,Cro001G.10961.2.p1
M9H77_12801,"CRO_T014478, CRO_T130497"
M9H77_12802,CrChr4.1940
M9H77_12803,"CRO_T003180, CRO_T130499"
M9H77_12804,CRO_T003179
M9H77_12805,"CRO_T003178, CRO_T130500"
M9H77_12808,Cro001G.10956.1.p1
M9H77_12812,"CRO_T000719, CRO_T130507"
M9H77_12813,CRO_T130508
M9H77_12814,"CRO_T032716, Cro001G.10953.1.p1, Cro001G.10953.2.p1, Cro001G.10953.3.p1, Cro001G.10953.4.p1, Cro001G.10953.5.p1, CrChr4.1949, CRO_T130509"
M9H77_12816,CRO_T015314
M9H77_12819,"Cro001G.10948.1.p1, CrChr4.1951"
M9H77_12820,"CRO_T020777, CRO_T130520"
M9H77_12821,CRO_T020776
M9H77_12824,"CRO_T017337, CRO_T130528"
M9H77_12825,Cro001G.10947.2.p1
M9H77_12826,CRO_T013176
M9H77_12827,"CRO_T013175, CRO_T130532"
M9H77_12828,"CRO_T013174, CRO_T130533"
M9H77_12832,"CRO_T019356, CrChr4.1959, CRO_T130535"
M9H77_12833,CRO_T032032
M9H77_12834,"CRO_T000217, CRO_T130537"
M9H77_12835,Cro001G.10944.1.p1
M9H77_12836,"CRO_T010345, CRO_T130540"
M9H77_12837,"CRO_T016024, CRO_T130541"
M9H77_12839,CRO_T016025
M9H77_12840,CRO_T016023
M9H77_12842,CRO_T022564
M9H77_12843,CrChr4.1965
M9H77_12845,CRO_T024477
M9H77_12846,CRO_T027282
M9H77_12847,"CRO_T011174, CRO_T130551"
M9H77_12848,CrChr4.1968
M9H77_12849,"CRO_T004039, CRO_T130553"
M9H77_12852,Cro001G.10941.1.p1
M9H77_12853,CRO_T033317
M9H77_12854,CRO_T033261
M9H77_12855,CRO_T033259
M9H77_12856,"Cro001G.10935.1.p1, Cro001G.10935.2.p1, CRO_T130559"
M9H77_12857,CRO_T033262
M9H77_12858,CRO_T033260
M9H77_12861,CRO_T022725
M9H77_12862,CRO_T027564
M9H77_12863,CRO_T000124
M9H77_12864,CRO_T000127
M9H77_12865,CRO_T000126
M9H77_12866,CRO_T000122
M9H77_12867,"CRO_T004513, CRO_T130576"
M9H77_12869,CRO_T004515
M9H77_12870,CRO_T025808
M9H77_12871,CRO_T030386
M9H77_12872,CrChr4.1990
M9H77_12874,"CRO_T014372, Cro001G.10928.1.p2, CrChr4.1992, CRO_T130584"
M9H77_12875,Cro001G.10928.1.p1
M9H77_12876,CRO_T014373
M9H77_12879,"CRO_T014375, CRO_T130588"
M9H77_12880,"CRO_T025489, Cro001G.10924.1.p1, CrChr4.1996, CRO_T130593"
M9H77_12881,"CRO_T005229, CRO_T130598"
M9H77_12883,"Cro001G.10925.3.p1, Cro001G.10925.6.p1, Cro001G.10925.7.p1"
M9H77_12885,CRO_T033755
M9H77_12888,CRO_T023869
M9H77_12890,CRO_T026634
M9H77_12891,"CRO_T008413, CRO_T130604"
M9H77_12892,CRO_T008412
M9H77_12893,"CRO_T008414, CRO_T130605"
M9H77_12896,CRO_T003432
M9H77_12897,"CRO_T003431, CRO_T130606"
M9H77_12898,CRO_T003430
M9H77_12899,"CRO_T005001, CrChr4.2006, CRO_T130609"
M9H77_12902,CRO_T026065
M9H77_12903,CRO_T015540
M9H77_12905,CRO_T032747
M9H77_12907,"CRO_T007487, CRO_T130617"
M9H77_12908,"CRO_T007484, CRO_T130618"
M9H77_12909,"CRO_T007486, CRO_T130620"
M9H77_12910,CRO_T007485
M9H77_12911,"CRO_T019503, Cro001G.10919.1.p1, CRO_T130622"
M9H77_12914,CRO_T017110
M9H77_12915,"CRO_T017108, CRO_T130625"
M9H77_12916,"CRO_T017111, CRO_T130626"
M9H77_12917,"Cro001G.10918.1.p1, CRO_T130628"
M9H77_12919,CRO_T027594
M9H77_12921,"CRO_T008553, CRO_T130632"
M9H77_12922,"CRO_T020770, Cro001G.10917.1.p1, CrChr4.2020, CRO_T130633"
M9H77_12923,CRO_T020771
M9H77_12924,CRO_T016981
M9H77_12927,"CRO_T008370, CRO_T130635"
M9H77_12929,"CRO_T008368, Cro001G.10908.1.p1, CrChr4.2024, CRO_T130638"
M9H77_12930,CRO_T008369
M9H77_12932,"CRO_T025059, Cro001G.10907.1.p1, CRO_T129193"
M9H77_12933,CRO_T013190
M9H77_12934,"Cro001G.10909.1.p1, Cro001G.10909.2.p1, Cro001G.10909.3.p1, Cro001G.10909.4.p1"
M9H77_12940,"CRO_T011089, CRO_T129197"
M9H77_12941,CRO_T011090
M9H77_12942,"CRO_T004274, CRO_T129202"
M9H77_12943,CRO_T026244
M9H77_12944,CRO_T026245
M9H77_12945,CRO_T030614
M9H77_12946,"Cro001G.10897.1.p1, CrChr4.2039"
M9H77_12952,CRO_T024764
M9H77_12953,CRO_T017221
M9H77_12956,CRO_T027668
M9H77_12957,"CRO_T027667, CRO_T129231"
M9H77_12958,"CRO_T027669, CRO_T129232"
M9H77_12961,CRO_T031489
M9H77_12963,CRO_T006069
M9H77_12964,"CRO_T006068, Cro001G.10891.1.p1, CrChr4.2056"
M9H77_12965,CRO_T011091
M9H77_12966,CRO_T013397
M9H77_12967,CRO_T024054
M9H77_12968,"CRO_T004023, CRO_T129250"
M9H77_12969,"CRO_T004022, CRO_T129251"
M9H77_12970,"CRO_T004025, CRO_T129253"
M9H77_12972,"Cro001G.10888.1.p1, CrChr4.2062, CRO_T129257"
M9H77_12974,"CRO_T022771, CRO_T129260"
M9H77_12975,"Cro001G.10886.1.p1, CrChr4.2063, CRO_T129261"
M9H77_12976,"CRO_T029577, CRO_T129263"
M9H77_12977,CRO_T010498
M9H77_12978,"CRO_T033537, Cro001G.10884.1.p1, CRO_T129267"
M9H77_12979,"CRO_T033538, CRO_T129268"
M9H77_12980,CRO_T005945
M9H77_12981,CRO_T005946
M9H77_12982,"Cro001G.10881.1.p1, CrChr4.2070"
M9H77_12984,"CRO_T011755, CRO_T129276"
M9H77_12985,"CRO_T008456, CRO_T129278"
M9H77_12986,"CRO_T008455, CRO_T129279"
M9H77_12987,CRO_T008458
M9H77_12988,CRO_T008457
M9H77_12990,"CRO_T026079, CRO_T129284"
M9H77_12993,CRO_T022295
M9H77_12994,"CRO_T023597, CRO_T129291"
M9H77_12995,"CRO_T023601, CRO_T129292"
M9H77_12997,"CRO_T023599, CRO_T129294"
M9H77_13004,CRO_T016929
M9H77_13005,"CRO_T017381, Cro001G.10872.1.p1, Cro001G.10872.2.p1, Cro001G.10872.3.p1"
M9H77_13007,"Cro001G.10871.1.p1, CrChr4.2086"
M9H77_13008,CRO_T015104
M9H77_13009,CRO_T015107
M9H77_13010,CRO_T013359
M9H77_13011,"CRO_T013358, Cro001G.10869.1.p1, CrChr4.2089, CRO_T129312"
M9H77_13013,"CRO_T005959, Cro001G.10868.1.p1, CRO_T129314"
M9H77_13015,CRO_T006798
M9H77_13017,CRO_T017138
M9H77_13020,"CRO_T016932, Cro001G.10863.1.p1, CrChr4.2093, CRO_T129320"
M9H77_13022,"CRO_T016933, CRO_T129322"
M9H77_13025,"Cro001G.10866.1.p1, Cro001G.10866.2.p1, CrChr4.2096, CRO_T129325"
M9H77_13026,CRO_T019612
M9H77_13028,CRO_T024506
M9H77_13032,CRO_T010728
M9H77_13033,CRO_T010727
M9H77_13034,CRO_T014137
M9H77_13035,"CRO_T027321, CRO_T129339"
M9H77_13037,CRO_T019007
M9H77_13039,CrChr4.2105
M9H77_13040,CRO_T033670
M9H77_13041,CRO_T033671
M9H77_13042,"CRO_T017003, Cro001G.10852.1.p1, CrChr4.2107, CRO_T129349"
M9H77_13043,"Cro001G.10854.1.p1, CrChr4.2108"
M9H77_13046,"CRO_T015282, Cro001G.10847.1.p1, CrChr4.2111, CRO_T129352"
M9H77_13048,"CRO_T033634, CRO_T129354"
M9H77_13049,CRO_T007736
M9H77_13050,CRO_T007735
M9H77_13055,"CRO_T020203, CRO_T129362"
M9H77_13056,"CRO_T020204, CRO_T129363"
M9H77_13057,"CRO_T020202, CRO_T129364"
M9H77_13058,CRO_T020205
M9H77_13059,CRO_T023202
M9H77_13062,"Cro001G.10846.1.p1, CrChr4.2126"
M9H77_13066,CRO_T004156
M9H77_13070,"CRO_T021753, CrChr4.2129"
M9H77_13072,CrChr4.2130
M9H77_13073,CRO_T005722
M9H77_13074,CRO_T005723
M9H77_13075,CRO_T010497
M9H77_13076,CRO_T016782
M9H77_13077,"Cro001G.10839.1.p1, CRO_T129382"
M9H77_13082,CRO_T003592
M9H77_13083,CRO_T024762
M9H77_13084,CRO_T024763
M9H77_13088,"CRO_T009582, CRO_T107009"
M9H77_13089,"CRO_T010746, CRO_T107011"
M9H77_13091,CRO_T023816
M9H77_13092,CRO_T023817
M9H77_13093,CRO_T023814
M9H77_13095,"CRO_T027052, CRO_T107015"
M9H77_13098,"CRO_T009645, CRO_T107017"
M9H77_13099,CRO_T009648
M9H77_13100,CRO_T009647
M9H77_13101,CRO_T009644
M9H77_13103,CRO_T009842
M9H77_13104,CRO_T107024
M9H77_13107,CRO_T003450
M9H77_13108,CRO_T003451
M9H77_13109,CRO_T001893
M9H77_13110,CRO_T011658
M9H77_13112,"CRO_T033052, Cro001G.10831.1.p1, CrChr4.2158, CRO_T107033"
M9H77_13113,"CRO_T033051, Cro001G.10832.2.p1, CrChr4.2159"
M9H77_13117,"CRO_T015327, Cro001G.10829.1.p1, CrChr4.2162, CRO_T107036"
M9H77_13118,CRO_T015802
M9H77_13119,"CRO_T015803, CRO_T107041"
M9H77_13120,"Cro001G.10830.1.p1, CrChr4.2163"
M9H77_13122,"Cro001G.10826.1.p1, CRO_T107045"
M9H77_13124,CRO_T026206
M9H77_13126,CRO_T006087
M9H77_13127,"CRO_T029265, Cro001G.10827.1.p2, CRO_T107049"
M9H77_13128,"CRO_T029266, CRO_T107050"
M9H77_13129,"CRO_T029267, CRO_T107051"
M9H77_13130,CRO_T033149
M9H77_13131,"CRO_T033150, CRO_T107055"
M9H77_13132,"CRO_T033148, CRO_T107056"
M9H77_13133,CRO_T004333
M9H77_13136,"CRO_T014630, CRO_T107058"
M9H77_13137,CRO_T014629
M9H77_13139,CRO_T028875
M9H77_13144,CRO_T015605
M9H77_13145,"CRO_T015607, CRO_T107068"
M9H77_13146,CRO_T015604
M9H77_13147,CRO_T015606
M9H77_13149,Cro001G.10810.1.p1
M9H77_13151,"CRO_T027835, Cro001G.10809.1.p1, Cro001G.10809.2.p1, CrChr4.2183, CRO_T107072"
M9H77_13152,CrChr4.2184
M9H77_13154,CRO_T027837
M9H77_13155,Cro001G.10806.3.p1
M9H77_13156,"CRO_T020166, CRO_T107078"
M9H77_13157,CRO_T020161
M9H77_13158,"CRO_T020160, CRO_T107080"
M9H77_13160,CRO_T020164
M9H77_13161,CRO_T020165
M9H77_13162,CRO_T020163
M9H77_13163,"CRO_T020159, Cro001G.10819.1.p1, CrChr4.2190, CRO_T107084"
M9H77_13164,CRO_T020158
M9H77_13165,CRO_T016968
M9H77_13167,"CRO_T004340, CRO_T107091"
M9H77_13168,"CRO_T004339, Cro001G.10798.1.p1, Cro001G.10798.2.p1, Cro001G.10798.3.p1, CRO_T107092"
M9H77_13169,CRO_T004341
M9H77_13170,"Cro001G.10796.1.p1, CrChr4.2192, CRO_T107095"
M9H77_13171,CRO_T019808
M9H77_13172,CRO_T008545
M9H77_13173,CRO_T012902
M9H77_13174,"CRO_T012335, CRO_T107099"
M9H77_13177,CRO_T028874
M9H77_13178,"CRO_T007891, CRO_T124219"
M9H77_13181,"Cro001G.11797.1.p1, CrChr4.2199, CRO_T124224"
M9H77_13186,CRO_T021567
M9H77_13187,CRO_T024930
M9H77_13188,"CRO_T024929, CRO_T124229"
M9H77_13190,CRO_T008247
M9H77_13192,CRO_T029708
M9H77_13196,"Cro001G.11801.1.p1, Cro001G.11801.2.p1"
M9H77_13198,Cro001G.11795.2.p1
M9H77_13200,CRO_T020651
M9H77_13203,"CRO_T015158, CRO_T124242"
M9H77_13204,"Cro001G.11788.1.p1, Cro001G.11788.3.p1"
M9H77_13209,"Cro001G.11790.1.p1, CRO_T124255"
M9H77_13210,"Cro001G.11794.1.p1, CrChr4.2221, CRO_T124256"
M9H77_13211,CRO_T013094
M9H77_13212,"CRO_T013095, CRO_T124258"
M9H77_13213,CRO_T013096
M9H77_13214,"Cro001G.11792.1.p1, CrChr4.2224"
M9H77_13215,"Cro001G.11791.1.p1, CrChr4.2225"
M9H77_13216,CRO_T033620
M9H77_13218,"CRO_T022817, CRO_T124265"
M9H77_13219,"CRO_T022816, CRO_T124266"
M9H77_13220,CRO_T022818
M9H77_13221,"Cro001G.11782.1.p1, CrChr4.2227"
M9H77_13222,CRO_T020330
M9H77_13223,CRO_T020333
M9H77_13224,CRO_T020332
M9H77_13226,"CRO_T033126, CRO_T124271"
M9H77_13230,CRO_T028746
M9H77_13231,CRO_T028745
M9H77_13232,CRO_T028747
M9H77_13233,"CRO_T030242, CRO_T124277"
M9H77_13234,CRO_T033499
M9H77_13235,CRO_T033500
M9H77_13236,CRO_T033501
M9H77_13238,"CRO_T025739, CRO_T124281"
M9H77_13239,CRO_T003068
M9H77_13240,"CRO_T013438, Cro001G.11771.1.p1, CrChr4.2236, CRO_T124284"
M9H77_13243,CRO_T031885
M9H77_13245,"CRO_T031887, CRO_T124291"
M9H77_13248,"CRO_T025433, CRO_T124296"
M9H77_13250,CRO_T025432
M9H77_13251,"CRO_T021541, Cro001G.11773.1.p1, CRO_T124298"
M9H77_13252,"CRO_T021542, CRO_T124300"
M9H77_13253,"CRO_T023260, CRO_T124302"
M9H77_13254,"CRO_T023259, CRO_T124304"
M9H77_13255,"Cro001G.11768.1.p1, CrChr4.2244"
M9H77_13257,"CRO_T022943, Cro001G.11767.1.p1, CRO_T124307"
M9H77_13258,"CRO_T022944, Cro001G.11766.1.p1, CrChr4.2246"
M9H77_13259,"CRO_T022945, Cro001G.11760.1.p1, CRO_T124309"
M9H77_13264,CRO_T024834
M9H77_13265,CRO_T024835
M9H77_13266,CRO_T032451
M9H77_13267,CRO_T003997
M9H77_13268,"Cro001G.11763.1.p1, CRO_T124317"
M9H77_13269,Cro001G.11762.1.p1
M9H77_13270,"CRO_T032858, Cro001G.11761.1.p2, CrChr4.2256, CRO_T124320"
M9H77_13271,"Cro001G.11752.1.p1, Cro001G.11752.2.p1"
M9H77_13272,CRO_T029240
M9H77_13273,"Cro001G.11758.1.p1, CrChr4.2259"
M9H77_13275,Cro001G.11757.1.p1
M9H77_13276,CRO_T025508
M9H77_13277,"CRO_T025507, Cro001G.11753.1.p1, CrChr4.2264, CRO_T124327"
M9H77_13280,CRO_T031743
M9H77_13281,"CRO_T031744, Cro001G.11750.1.p1, Cro001G.11751.1.p1, CRO_T124330"
M9H77_13283,"CRO_T011041, Cro001G.11749.1.p1, CRO_T124332"
M9H77_13285,CRO_T011045
M9H77_13286,"CRO_T011039, Cro001G.11747.1.p1, CrChr4.2268, CRO_T124335"
M9H77_13287,"CRO_T011044, Cro001G.11746.1.p1, CrChr4.2269, CRO_T124336"
M9H77_13288,CRO_T011043
M9H77_13289,"CRO_T011042, Cro001G.11745.1.p1, CrChr4.2270, CRO_T124337"
M9H77_13291,CRO_T000668
M9H77_13292,CRO_T000672
M9H77_13293,CRO_T000667
M9H77_13294,CRO_T000671
M9H77_13301,CRO_T012492
M9H77_13302,CRO_T012491
M9H77_13304,"CRO_T015011, CRO_T124352"
M9H77_13305,"CRO_T004337, CRO_T124354"
M9H77_13306,CRO_T004336
M9H77_13307,CRO_T022765
M9H77_13308,CRO_T022766
M9H77_13310,Cro001G.11743.1.p1
M9H77_13311,CRO_T014263
M9H77_13312,CRO_T033470
M9H77_13313,"Cro001G.11740.1.p1, CrChr4.2281, CRO_T124363"
M9H77_13314,"CRO_T009238, Cro001G.11739.1.p3, Cro001G.11739.3.p3, Cro001G.11739.5.p2, CrChr4.2282, CRO_T124364"
M9H77_13315,"CRO_T009237, Cro001G.11739.1.p1, Cro001G.11739.2.p1, Cro001G.11739.3.p1, Cro001G.11739.4.p1, CrChr4.2283, CRO_T124365"
M9H77_13316,"CRO_T009236, CrChr4.2284"
M9H77_13318,"CRO_T002980, Cro001G.11736.1.p1, CrChr4.2285, CRO_T124367"
M9H77_13319,"CRO_T002978, CRO_T124368"
M9H77_13320,"Cro001G.11738.1.p1, CrChr4.2287, CRO_T124369"
M9H77_13321,"CRO_T001777, Cro001G.11737.1.p2"
M9H77_13322,"CRO_T001778, Cro001G.11737.1.p1, Cro001G.11737.2.p1, CRO_T124371"
M9H77_13323,"CRO_T001779, Cro001G.11734.1.p1, CRO_T124372"
M9H77_13324,CRO_T030020
M9H77_13325,CRO_T030019
M9H77_13326,CRO_T033443
M9H77_13327,CRO_T033440
M9H77_13328,"CRO_T033444, Cro001G.11733.1.p1, CrChr4.2296, CRO_T124378"
M9H77_13329,"Cro001G.11731.1.p1, CrChr4.2297"
M9H77_13330,"Cro001G.11732.5.p1, Cro001G.11732.6.p1"
M9H77_13331,"CRO_T031466, CRO_T124381"
M9H77_13332,Cro001G.11730.1.p1
M9H77_13334,CRO_T021758
M9H77_13335,"CRO_T021757, Cro001G.11729.1.p1, Cro001G.11729.3.p1, Cro001G.11729.4.p1, CrChr4.2300, CRO_T124384"
M9H77_13336,"CRO_T023837, Cro001G.11728.1.p1, CRO_T124385"
M9H77_13338,Cro001G.11727.2.p1
M9H77_13339,"Cro001G.11726.1.p1, CrChr4.2304"
M9H77_13340,"CRO_T023808, CRO_T124388"
M9H77_13342,CRO_T003696
M9H77_13343,CRO_T003697
M9H77_13344,"Cro001G.11721.1.p1, CrChr4.2306, CRO_T124391"
M9H77_13345,"Cro001G.11720.1.p1, CrChr4.2308, CRO_T124392"
M9H77_13346,"CRO_T001697, Cro001G.11719.1.p1"
M9H77_13347,"CRO_T001698, Cro001G.11718.1.p1, CrChr4.2310, CRO_T124396"
M9H77_13348,"CRO_T000688, Cro001G.11716.1.p1, CrChr4.2311, CRO_T124398"
M9H77_13349,"Cro001G.11713.1.p1, CRO_T124400"
M9H77_13350,"CRO_T005155, Cro001G.11715.1.p1, CRO_T124401"
M9H77_13352,"Cro001G.11712.1.p1, CRO_T124403"
M9H77_13354,Cro001G.11710.1.p1
M9H77_13355,"CRO_T009461, Cro001G.11725.1.p1"
M9H77_13356,"Cro001G.11725.1.p2, Cro001G.11725.4.p1"
M9H77_13358,"CRO_T009464, CRO_T124409"
M9H77_13360,"CRO_T021993, CrChr4.2322"
M9H77_13361,CRO_T020468
M9H77_13363,CRO_T020469
M9H77_13364,Cro001G.11704.1.p1
M9H77_13368,"CRO_T013005, Cro001G.11706.1.p1, Cro001G.11706.2.p1, CRO_T124420"
M9H77_13370,CRO_T013001
M9H77_13371,Cro001G.11705.1.p1
M9H77_13373,"CRO_T013004, CRO_T124426"
M9H77_13374,"CRO_T012998, CRO_T124427"
M9H77_13375,"CRO_T013007, CRO_T124428"
M9H77_13376,CRO_T013003
M9H77_13379,CRO_T001546
M9H77_13380,CRO_T001545
M9H77_13381,CRO_T124431
M9H77_13382,"CRO_T001542, Cro001G.11702.1.p1, CrChr4.2340, CRO_T124432"
M9H77_13383,Cro001G.11701.1.p1
M9H77_13384,"CRO_T027450, CRO_T124434"
M9H77_13385,"Cro001G.11700.1.p1, Cro001G.11700.2.p1, CrChr4.2342"
M9H77_13388,"CRO_T024828, CRO_T124438"
M9H77_13389,"Cro001G.11695.1.p1, Cro001G.11695.4.p1"
M9H77_13390,CRO_T024827
M9H77_13391,CRO_T024826
M9H77_13392,CRO_T024831
M9H77_13393,"Cro001G.11693.1.p1, CRO_T124445"
M9H77_13395,CRO_T033201
M9H77_13396,"CRO_T001821, Cro001G.11689.1.p1"
M9H77_13399,CRO_T019454
M9H77_13400,"Cro001G.11703.1.p1, Cro001G.11703.5.p1, Cro001G.11703.7.p1, Cro001G.11703.9.p1"
M9H77_13401,"Cro001G.11679.1.p1, CrChr4.2357, CRO_T124460"
M9H77_13404,"CRO_T019425, Cro001G.11678.1.p1"
M9H77_13405,Cro001G.11688.1.p1
M9H77_13406,CRO_T019422
M9H77_13407,CRO_T019427
M9H77_13408,"CRO_T019426, CRO_T124469"
M9H77_13409,"CRO_T019421, Cro001G.11686.1.p1, CrChr4.2361, CRO_T124470"
M9H77_13411,CRO_T030521
M9H77_13412,Cro001G.11685.1.p1
M9H77_13413,CRO_T017767
M9H77_13415,Cro001G.11683.1.p1
M9H77_13416,"CRO_T017768, CRO_T124476"
M9H77_13417,"CRO_T017770, CRO_T124477"
M9H77_13419,CRO_T017769
M9H77_13420,CRO_T023132
M9H77_13421,CRO_T023131
M9H77_13423,Cro001G.11677.1.p1
M9H77_13424,CrChr4.2369
M9H77_13425,CRO_T014201
M9H77_13426,"Cro001G.11674.1.p1, Cro001G.11674.11.p1, Cro001G.11674.12.p1"
M9H77_13427,"CRO_T014199, Cro001G.11668.1.p1, Cro001G.11668.2.p1, Cro001G.11673.1.p1"
M9H77_13428,"CRO_T014198, Cro001G.11671.1.p1, CRO_T124486"
M9H77_13431,"CRO_T028937, Cro001G.11669.1.p1, CrChr4.2374, CRO_T124492"
M9H77_13433,CRO_T026198
M9H77_13438,"Cro001G.11665.1.p1, CRO_T124494"
M9H77_13439,CRO_T015152
M9H77_13441,"CRO_T017445, Cro001G.11664.1.p1, CRO_T124500"
M9H77_13442,"Cro001G.11663.1.p1, Cro001G.11663.2.p1"
M9H77_13445,"Cro001G.11662.1.p1, Cro001G.11662.2.p1, Cro001G.11662.3.p1, CrChr4.2383, CRO_T124504"
M9H77_13446,"CRO_T014074, CRO_T124506"
M9H77_13448,"Cro001G.11659.1.p1, CRO_T124508"
M9H77_13449,"Cro001G.11656.1.p1, CRO_T124509"
M9H77_13450,"Cro001G.11658.1.p1, CrChr4.2390"
M9H77_13453,CRO_T020887
M9H77_13456,CRO_T000020
M9H77_13458,"CRO_T000019, Cro001G.11654.1.p1"
M9H77_13459,"Cro001G.11653.1.p1, CRO_T124519"
M9H77_13460,"Cro001G.11652.1.p1, Cro001G.11652.2.p1, CrChr4.2396"
M9H77_13462,CRO_T032362
M9H77_13464,CRO_T127416
M9H77_13467,CRO_T025853
M9H77_13468,Cro001G.11651.1.p1
M9H77_13469,"CRO_T013864, CRO_T127422"
M9H77_13470,Cro001G.11650.1.p1
M9H77_13471,CRO_T013863
M9H77_13472,"CRO_T013860, CrChr4.2401, CRO_T127424"
M9H77_13473,"Cro001G.11647.1.p1, CRO_T127425"
M9H77_13474,CRO_T026811
M9H77_13475,"CRO_T026810, Cro001G.11648.3.p4, Cro001G.11648.4.p3, CRO_T127429"
M9H77_13477,"CRO_T026809, Cro001G.11648.1.p1, Cro001G.11648.4.p1, Cro001G.11648.5.p1, CrChr4.2408, CRO_T127431"
M9H77_13478,"CRO_T026808, Cro001G.11638.1.p1, CrChr4.2409, CRO_T127432"
M9H77_13480,"Cro001G.11637.1.p1, CrChr4.2410, CRO_T127434"
M9H77_13481,CrChr4.2411
M9H77_13483,CrChr4.2412
M9H77_13485,CRO_T031188
M9H77_13486,"CRO_T023156, CRO_T031187, CRO_T002621, CRO_T015047, Cro001G.11640.1.p1, Cro001G.11640.3.p1, Cro001G.11640.4.p1, Cro001G.11646.2.p1, CrChr4.2414, CrChr4.2415, CRO_T127440, CRO_T127441"
M9H77_13488,"CRO_T023156, CRO_T031187, CRO_T002621, CRO_T015047, Cro001G.11640.1.p1, Cro001G.11640.3.p1, Cro001G.11640.4.p1, Cro001G.11646.2.p1, CrChr4.2414, CrChr4.2415, CRO_T127440, CRO_T127441"
M9H77_13490,"CRO_T023257, Cro001G.11645.1.p1, CrChr4.2416, CRO_T127443"
M9H77_13494,"CRO_T009514, Cro001G.11643.1.p1, CrChr4.2418, CRO_T127445"
M9H77_13495,"CRO_T009516, Cro001G.11642.1.p1, Cro001G.11642.2.p1, CRO_T127446"
M9H77_13496,"CRO_T009513, Cro001G.11641.1.p1, CrChr4.2420, CRO_T127447"
M9H77_13498,"CRO_T023892, CRO_T127456"
M9H77_13499,CRO_T023894
M9H77_13502,CRO_T023893
M9H77_13503,CRO_T028869
M9H77_13505,"CRO_T002883, CRO_T127465"
M9H77_13506,"CRO_T002884, CRO_T127466"
M9H77_13508,"CRO_T014436, Cro001G.11626.1.p1, CRO_T127473"
M9H77_13509,CRO_T014438
M9H77_13510,Cro001G.11625.1.p1
M9H77_13512,CRO_T014437
M9H77_13515,"CRO_T007850, Cro001G.11620.1.p1, Cro001G.11620.2.p1, Cro001G.11620.3.p1, CRO_T127480"
M9H77_13516,"CRO_T007853, CRO_T127481"
M9H77_13518,"Cro001G.11616.1.p1, CrChr4.2440"
M9H77_13519,CRO_T018817
M9H77_13520,"Cro001G.11613.3.p1, CrChr4.2442, CRO_T127486"
M9H77_13521,"CRO_T011667, Cro001G.11611.1.p1, CRO_T127487"
M9H77_13522,"CRO_T011669, Cro001G.11610.1.p1, Cro001G.11610.2.p1, Cro001G.11610.3.p1, Cro001G.11610.5.p1, CRO_T127488"
M9H77_13524,Cro001G.11609.1.p1
M9H77_13525,"Cro001G.11608.1.p1, CrChr4.2447"
M9H77_13526,CRO_T010104
M9H77_13527,"CRO_T010105, Cro001G.11605.1.p1, CRO_T127493"
M9H77_13528,CRO_T010107
M9H77_13529,"CRO_T010106, Cro001G.11604.1.p1, CRO_T127495"
M9H77_13530,CRO_T008120
M9H77_13531,"CRO_T020843, CRO_T127501"
M9H77_13533,CRO_T013101
M9H77_13535,CRO_T015417
M9H77_13538,"CRO_T022070, CRO_T127512"
M9H77_13539,"CRO_T022069, Cro001G.11600.1.p1, CrChr4.2458, CRO_T127514"
M9H77_13540,"Cro001G.11603.1.p1, CrChr4.2459"
M9H77_13541,"Cro001G.11599.1.p1, CrChr4.2460"
M9H77_13543,"Cro001G.11598.1.p1, CRO_T127521"
M9H77_13544,"CRO_T029986, CrChr4.2463"
M9H77_13545,"Cro001G.11596.1.p1, CrChr4.2464"
M9H77_13547,Cro001G.11592.1.p1
M9H77_13549,Cro001G.11591.2.p1
M9H77_13551,CRO_T011733
M9H77_13556,"CRO_T015698, CRO_T127530"
M9H77_13557,"CRO_T015699, CRO_T127531"
M9H77_13560,Cro001G.11588.1.p1
M9H77_13561,"Cro001G.11590.1.p1, CRO_T127533"
M9H77_13562,"Cro001G.11589.1.p1, CrChr4.2476"
M9H77_13565,CRO_T033615
M9H77_13569,CRO_T025504
M9H77_13570,Cro001G.11593.1.p1
M9H77_13571,"CRO_T016507, CRO_T127539"
M9H77_13572,CRO_T016506
M9H77_13573,"CRO_T016508, CRO_T127540"
M9H77_13574,"CRO_T015281, CRO_T127541"
M9H77_13575,"CRO_T030690, Cro001G.11584.1.p1, Cro001G.11584.3.p1, Cro001G.11584.4.p1, CRO_T127547"
M9H77_13576,"CRO_T030689, Cro001G.11585.2.p2, CRO_T127548"
M9H77_13578,Cro001G.11585.1.p1
M9H77_13579,CRO_T013510
M9H77_13581,CRO_T016603
M9H77_13582,Cro001G.11583.1.p1
M9H77_13583,"Cro001G.11582.1.p1, CRO_T127559"
M9H77_13584,"CRO_T008927, CRO_T127561"
M9H77_13587,Cro001G.11581.2.p1
M9H77_13590,"CRO_T006839, CRO_T127567"
M9H77_13591,"CRO_T006838, CRO_T127569"
M9H77_13592,"Cro001G.11578.1.p1, CrChr4.2493"
M9H77_13593,"CRO_T003088, CRO_T127571"
M9H77_13595,"Cro001G.11577.1.p1, Cro001G.11577.2.p1, Cro001G.11577.3.p1, CrChr4.2496"
M9H77_13598,"CrChr4.2499, CRO_T127578"
M9H77_13605,CrChr4.2511
M9H77_13607,"CRO_T014957, Cro001G.11565.1.p1, CRO_T127586"
M9H77_13608,CRO_T023847
M9H77_13609,"Cro001G.11563.1.p1, Cro001G.11563.3.p1, Cro001G.11563.4.p1, Cro001G.11563.5.p1, Cro001G.11563.7.p1"
M9H77_13610,CRO_T017564
M9H77_13612,CRO_T020956
M9H77_13613,"CRO_T018526, Cro001G.11561.1.p1"
M9H77_13616,"CRO_T007864, CrChr4.2517, CRO_T127597"
M9H77_13617,"Cro001G.11556.1.p1, CrChr4.2519, CRO_T127598"
M9H77_13619,CRO_T019279
M9H77_13620,CRO_T016952
M9H77_13621,"CRO_T016951, CrChr4.2520, CRO_T127601"
M9H77_13622,CRO_T016953
M9H77_13624,"CRO_T018072, CrChr4.2521, CRO_T127607"
M9H77_13628,CrChr4.2524
M9H77_13630,CRO_T023577
M9H77_13631,CRO_T026526
M9H77_13632,"CRO_T026524, CrChr4.2535, CRO_T127618"
M9H77_13633,CRO_T032241
M9H77_13635,"CRO_T032242, CRO_T127621"
M9H77_13636,"CRO_T032239, Cro001G.11546.1.p1, Cro001G.11546.2.p1, Cro001G.11546.3.p1, Cro001G.11546.4.p1, CrChr4.2540, CRO_T127622"
M9H77_13639,"CRO_T008079, Cro001G.11542.1.p1, CrChr4.2544, CRO_T127625"
M9H77_13640,"CRO_T023139, CRO_T127626"
M9H77_13641,"CRO_T023138, Cro001G.11539.1.p1, Cro001G.11539.2.p1, CrChr4.2545, CRO_T127627"
M9H77_13642,CRO_T025262
M9H77_13643,CRO_T002389
M9H77_13644,"CRO_T002390, CrChr4.2546, CRO_T127630"
M9H77_13645,CRO_T002391
M9H77_13647,"Cro001G.11545.1.p1, CrChr4.2547"
M9H77_13648,"CRO_T004107, Cro001G.11544.2.p1, CrChr4.2548"
M9H77_13649,"CRO_T010774, CRO_T127635"
M9H77_13650,"CRO_T010776, CRO_T127636"
M9H77_13651,CRO_T010775
M9H77_13653,CRO_T019925
M9H77_13655,Cro001G.11535.1.p1
M9H77_13656,CRO_T024710
M9H77_13657,CRO_T024709
M9H77_13659,CRO_T021193
M9H77_13660,CRO_T021194
M9H77_13662,"CRO_T003228, Cro001G.11532.1.p1, CrChr4.2560, CRO_T127650"
M9H77_13665,CRO_T022976
M9H77_13666,"Cro001G.11530.1.p1, CrChr4.2562, CRO_T127652"
M9H77_13672,CRO_T022974
M9H77_13676,Cro001G.11528.3.p1
M9H77_13677,"Cro001G.11524.1.p1, CrChr4.2568"
M9H77_13678,CRO_T027503
M9H77_13680,"CRO_T016590, Cro001G.11525.1.p1, Cro001G.11525.2.p1, Cro001G.11527.1.p1, Cro001G.11527.2.p1, CrChr4.2571, CRO_T127664"
M9H77_13681,"CRO_T024504, Cro001G.11526.1.p1, CRO_T127667"
M9H77_13683,"CRO_T024505, Cro001G.11522.1.p1, CrChr4.2575"
M9H77_13685,"CRO_T023056, CrChr4.2576"
M9H77_13686,CrChr4.2577
M9H77_13687,CRO_T026190
M9H77_13688,"Cro001G.11521.1.p1, CrChr4.2579"
M9H77_13689,"CRO_T026189, Cro001G.11520.1.p1, CrChr4.2580, CRO_T127674"
M9H77_13692,"Cro001G.11511.1.p1, CrChr4.2583"
M9H77_13693,Cro001G.11506.1.p1
M9H77_13694,"Cro001G.11507.2.p1, CrChr4.2585"
M9H77_13696,"CRO_T010567, CrChr4.2588, CRO_T127682"
M9H77_13697,"CRO_T007720, CrChr4.2589, CRO_T127683"
M9H77_13699,"CRO_T024452, CRO_T127685"
M9H77_13700,Cro001G.11505.2.p1
M9H77_13702,CrChr4.2593
M9H77_13709,CRO_T023117
M9H77_13710,"CRO_T023116, CRO_T109144"
M9H77_13711,"Cro001G.11496.1.p1, Cro001G.11496.2.p1, CrChr4.2598"
M9H77_13713,CRO_T008485
M9H77_13714,"CRO_T013734, CRO_T109147"
M9H77_13715,CRO_T013735
M9H77_13718,"CRO_T013731, CRO_T109149"
M9H77_13719,CRO_T013730
M9H77_13720,"CRO_T013727, CrChr4.2601, CRO_T109152"
M9H77_13721,CRO_T013732
M9H77_13722,"Cro001G.11500.2.p1, CrChr4.2603"
M9H77_13723,"Cro001G.11501.1.p1, CrChr4.2604, CRO_T109154"
M9H77_13725,"Cro001G.11494.1.p1, CrChr4.2606"
M9H77_13726,"CRO_T028627, Cro001G.11493.1.p1, Cro001G.11493.2.p1, CrChr4.2607, CRO_T109156"
M9H77_13727,CRO_T031114
M9H77_13728,"Cro001G.11495.1.p1, Cro001G.11495.2.p1, Cro001G.11495.3.p1, Cro001G.11495.4.p1, Cro001G.11495.5.p1, CrChr4.2608, CRO_T109159"
M9H77_13732,CrChr4.2611
M9H77_13733,CRO_T006084
M9H77_13734,CRO_T006083
M9H77_13735,"Cro001G.11491.1.p1, CrChr4.2618"
M9H77_13736,CRO_T016250
M9H77_13737,CRO_T021308
M9H77_13739,"CRO_T021311, CRO_T109170"
M9H77_13740,"CRO_T021309, CRO_T109171"
M9H77_13741,CRO_T021307
M9H77_13743,CRO_T027488
M9H77_13745,CRO_T109174
M9H77_13747,CRO_T010247
M9H77_13748,CRO_T010250
M9H77_13749,"Cro001G.11482.1.p1, CrChr4.2623, CRO_T109178"
M9H77_13751,"CRO_T021593, CRO_T109180"
M9H77_13752,"CRO_T021594, CRO_T109181"
M9H77_13756,CRO_T008295
M9H77_13757,CRO_T008294
M9H77_13758,"CRO_T008293, Cro001G.11476.1.p1, CrChr4.2633, CRO_T109190"
M9H77_13759,"Cro001G.11473.1.p1, CrChr4.2634"
M9H77_13761,CRO_T033136
M9H77_13763,"CRO_T015766, Cro001G.11474.1.p1, Cro001G.11474.6.p1, CRO_T109196"
M9H77_13764,Cro001G.11474.5.p1
M9H77_13766,Cro001G.11483.1.p1
M9H77_13768,Cro001G.11471.1.p1
M9H77_13769,Cro001G.11470.1.p1
M9H77_13770,CRO_T004972
M9H77_13771,Cro001G.11469.2.p1
M9H77_13773,"CRO_T029116, CRO_T109205"
M9H77_13774,CRO_T029117
M9H77_13776,"CRO_T004840, CRO_T109208"
M9H77_13778,"CRO_T018030, CRO_T109211"
M9H77_13780,"CRO_T018028, Cro001G.11465.2.p1, CrChr4.2646, CRO_T109215"
M9H77_13782,CRO_T013284
M9H77_13784,CRO_T000158
M9H77_13786,CRO_T001185
M9H77_13787,"Cro001G.11466.1.p1, Cro001G.11466.2.p1, Cro001G.11466.3.p1, Cro001G.11466.4.p1, Cro001G.11466.5.p1, Cro001G.11466.6.p1, Cro001G.11466.7.p1, Cro001G.11466.8.p1, CRO_T109221"
M9H77_13788,"CRO_T024179, CRO_T109224"
M9H77_13789,CRO_T022323
M9H77_13790,CRO_T002501
M9H77_13791,"CRO_T002500, Cro001G.11458.1.p1, CrChr4.2653, CRO_T109228"
M9H77_13792,"CRO_T022701, Cro001G.11457.1.p1, CrChr4.2654, CRO_T109229"
M9H77_13793,"CRO_T022699, Cro001G.11457.1.p2, Cro001G.11457.2.p2, CrChr4.2655, CRO_T109230"
M9H77_13794,"CRO_T022702, CRO_T109231"
M9H77_13795,CRO_T022698
M9H77_13796,Cro001G.11456.1.p1
M9H77_13797,CRO_T022703
M9H77_13798,Cro001G.11454.1.p1
M9H77_13801,"CRO_T022694, CRO_T120543"
M9H77_13802,"CRO_T022693, CRO_T120542"
M9H77_13803,"CRO_T022692, CRO_T120541"
M9H77_13807,"Cro001G.11450.3.p1, CrChr4.2670"
M9H77_13809,CRO_T000424
M9H77_13810,"CRO_T020276, Cro001G.11449.1.p1, CrChr4.2672, CRO_T120534"
M9H77_13812,"CRO_T020277, CrChr4.2675, CRO_T120533"
M9H77_13816,CrChr4.2685
M9H77_13817,"CRO_T002331, Cro001G.19376.1.p1, Cro001G.19376.2.p1, Cro001G.19376.3.p1, CRO_T120526"
M9H77_13820,CRO_T012310
M9H77_13821,Cro001G.11895.1.p1
M9H77_13822,CRO_T001770
M9H77_13825,"CRO_T023163, CrChr4.2693, CRO_T116201"
M9H77_13826,CRO_T023165
M9H77_13829,"Cro001G.11890.1.p1, CrChr4.2695"
M9H77_13831,"CRO_T000271, CrChr4.2696, CRO_T116195"
M9H77_13832,CRO_T028559
M9H77_13833,"CRO_T031411, CRO_T116193"
M9H77_13838,CRO_T008991
M9H77_13839,CRO_T022305
M9H77_13841,CRO_T022893
M9H77_13842,"Cro001G.11887.1.p1, CrChr4.2706, CRO_T116184"
M9H77_13843,CrChr4.2707
M9H77_13844,"Cro001G.11884.1.p1, Cro001G.11884.2.p1, Cro001G.11884.3.p1"
M9H77_13845,CRO_T022891
M9H77_13846,"CRO_T022900, CRO_T116180"
M9H77_13848,"CRO_T022890, CrChr4.2709"
M9H77_13850,"CRO_T022894, CrChr4.2711, CRO_T116177"
M9H77_13851,"CRO_T022889, Cro001G.11881.1.p1, CrChr4.2712, CRO_T116176"
M9H77_13852,"CRO_T022898, CRO_T116174"
M9H77_13853,"CRO_T030764, CRO_T116172"
M9H77_13854,"CRO_T030765, Cro001G.11879.1.p1, Cro001G.11879.2.p1, CRO_T116171"
M9H77_13855,CRO_T010427
M9H77_13856,"CRO_T006409, CRO_T135849"
M9H77_13858,CRO_T011253
M9H77_13859,"CRO_T008077, CRO_T135851"
M9H77_13861,CRO_T006310
M9H77_13862,CRO_T004496
M9H77_13863,CRO_T017437
M9H77_13864,"CRO_T017436, Cro001G.11877.1.p1, Cro001G.11877.2.p1, CRO_T135858"
M9H77_13866,"Cro001G.11876.1.p1, CrChr4.2723"
M9H77_13867,"CRO_T012795, Cro001G.11875.1.p1, Cro001G.11875.2.p1, Cro001G.11875.3.p1, CrChr4.2724, CRO_T135863"
M9H77_13868,"CRO_T016116, Cro001G.11874.1.p1, CrChr4.2725, CRO_T135865"
M9H77_13869,CRO_T016118
M9H77_13870,"CRO_T016117, Cro001G.11873.1.p1, CrChr4.2726, CRO_T135866"
M9H77_13871,"CRO_T016115, Cro001G.11872.1.p1, CrChr4.2727, CRO_T135867"
M9H77_13872,CrChr4.2728
M9H77_13873,"CRO_T009172, CRO_T135869"
M9H77_13874,CRO_T009171
M9H77_13876,Cro001G.11867.1.p1
M9H77_13877,CrChr4.2731
M9H77_13879,CRO_T018057
M9H77_13880,"CRO_T018056, CRO_T135877"
M9H77_13881,Cro001G.11866.1.p1
M9H77_13883,CRO_T004286
M9H77_13884,CRO_T022476
M9H77_13885,"CRO_T003958, Cro001G.11859.1.p1, CrChr4.2740, CRO_T135885"
M9H77_13886,CrChr4.2741
M9H77_13887,"Cro001G.11855.1.p1, CrChr4.2742, CRO_T135887"
M9H77_13888,CRO_T009890
M9H77_13890,"CRO_T009882, Cro001G.11857.1.p1, CrChr4.2744, CRO_T135889"
M9H77_13891,"CRO_T032750, CRO_T009886, Cro001G.11856.1.p2, Cro001G.11857.1.p3, CRO_T135891"
M9H77_13893,"Cro001G.11864.1.p1, CrChr4.2746, CRO_T135892"
M9H77_13895,CRO_T135894
M9H77_13896,CRO_T009889
M9H77_13898,CRO_T002294
M9H77_13899,CRO_T002293
M9H77_13900,"CRO_T018495, Cro001G.11863.1.p1, CrChr4.2752, CRO_T135900"
M9H77_13901,CrChr4.2753
M9H77_13904,"Cro001G.11854.1.p1, CrChr4.2756"
M9H77_13905,Cro001G.11853.1.p1
M9H77_13906,"Cro001G.11851.1.p1, Cro001G.11851.2.p1, CrChr4.2758"
M9H77_13908,CRO_T025935
M9H77_13909,CRO_T021130
M9H77_13910,"Cro001G.11849.1.p2, CrChr4.2762"
M9H77_13914,"CRO_T018981, CRO_T135913"
M9H77_13915,CRO_T018978
M9H77_13916,CRO_T018979
M9H77_13917,CRO_T018979
M9H77_13918,CRO_T018979
M9H77_13919,CRO_T018979
M9H77_13920,CRO_T018980
M9H77_13923,CRO_T018983
M9H77_13924,"Cro001G.11850.1.p1, CrChr4.2768, CRO_T135920"
M9H77_13925,"CRO_T018975, Cro001G.11845.1.p1, Cro001G.11845.2.p1, Cro001G.11845.3.p1, Cro001G.11845.4.p1, Cro001G.11845.5.p1, CRO_T135921"
M9H77_13926,"CRO_T018976, CRO_T135922"
M9H77_13927,"CRO_T010157, CRO_T135924"
M9H77_13928,"CRO_T010156, Cro001G.11839.1.p1, Cro001G.11839.2.p1, CrChr4.2772, CRO_T135925"
M9H77_13931,CRO_T020054
M9H77_13933,CRO_T002288
M9H77_13934,CRO_T002289
M9H77_13936,"Cro001G.11844.1.p1, CrChr4.2775, CRO_T135934"
M9H77_13937,"CRO_T022913, CrChr4.2776, CRO_T135935"
M9H77_13938,"Cro001G.11840.1.p1, CrChr4.2777, CRO_T135936"
M9H77_13939,Cro001G.11836.1.p1
M9H77_13940,Cro001G.11835.2.p1
M9H77_13941,"CRO_T029985, CRO_T135940"
M9H77_13942,CRO_T001397
M9H77_13943,"Cro001G.11831.1.p1, CrChr4.2781"
M9H77_13944,"CRO_T005644, CRO_T135943"
M9H77_13947,"Cro001G.11832.1.p1, CrChr4.2784"
M9H77_13949,"CRO_T008663, CrChr4.2785, CRO_T135949"
M9H77_13950,CRO_T008659
M9H77_13951,"CRO_T008660, CrChr4.2787, CRO_T135951"
M9H77_13952,"CRO_T008661, Cro001G.11830.1.p1, Cro001G.11830.2.p1, Cro001G.11830.4.p1, CrChr4.2788"
M9H77_13955,"CRO_T021010, Cro001G.11825.1.p1"
M9H77_13958,CRO_T012565
M9H77_13959,CRO_T029837
M9H77_13960,"CRO_T029838, Cro001G.11818.1.p1, CRO_T135961"
M9H77_13962,CRO_T010789
M9H77_13966,CRO_T025206
M9H77_13968,CRO_T029242
M9H77_13969,CRO_T029243
M9H77_13971,CRO_T029244
M9H77_13972,CRO_T006911
M9H77_13974,CRO_T006912
M9H77_13975,"CRO_T009856, Cro001G.11820.1.p1, CRO_T135971"
M9H77_13976,"CRO_T009857, Cro001G.11819.1.p1, Cro001G.11819.2.p1, CrChr4.2804, CRO_T135972"
M9H77_13977,"Cro001G.11814.1.p1, CrChr4.2805"
M9H77_13978,"CRO_T013964, CrChr4.2806, CRO_T135974"
M9H77_13979,"CRO_T012150, Cro001G.11810.1.p1, CrChr4.2807, CRO_T135976"
M9H77_13980,CrChr4.2809
M9H77_13982,CRO_T009822
M9H77_13984,CRO_T009823
M9H77_13988,"Cro001G.11808.1.p1, Cro001G.11808.2.p1, CrChr4.2817"
M9H77_13991,"Cro001G.11806.1.p1, CrChr4.2818, CRO_T135987"
M9H77_13992,"CRO_T006769, Cro001G.11805.1.p1, CrChr4.2819, CRO_T135988"
M9H77_13994,"Cro001G.11804.1.p1, CRO_T135989"
M9H77_13995,"Cro001G.11803.1.p1, CrChr4.2821"
M9H77_13996,"CRO_T025294, CRO_T135991"
M9H77_13998,"CRO_T011753, CRO_T135995"
M9H77_14007,CRO_T019622
M9H77_14009,"Cro001G.17079.1.p1, CrChr4.2829, CRO_T118375"
M9H77_14010,"CRO_T026162, Cro001G.17079.3.p1, Cro001G.17079.5.p1, CRO_T118373"
M9H77_14011,"CRO_T026161, CRO_T118372"
M9H77_14012,"CRO_T009953, Cro001G.17081.1.p1, CrChr4.2834"
M9H77_14013,"Cro001G.17080.1.p1, Cro001G.17080.2.p1, CrChr4.2835, CRO_T118369"
M9H77_14014,Cro001G.17048.1.p1
M9H77_14016,"CRO_T019909, Cro001G.17071.2.p1, CRO_T118368"
M9H77_14017,"CRO_T019910, Cro001G.17071.1.p2, Cro001G.17072.1.p2, CrChr4.2838, CRO_T118367"
M9H77_14021,CRO_T029578
M9H77_14023,CRO_T006702
M9H77_14024,"CRO_T006701, CRO_T108836"
M9H77_14026,"Cro001G.17073.1.p1, CrChr4.2845"
M9H77_14027,"CRO_T021104, CrChr4.2846, CRO_T108829"
M9H77_14031,"CRO_T021106, CRO_T108824"
M9H77_14032,"Cro001G.17068.1.p1, CrChr4.2847"
M9H77_14033,"CRO_T009487, Cro001G.17069.1.p1, CrChr4.2848, CRO_T108822"
M9H77_14034,CRO_T012827
M9H77_14035,"CRO_T027018, CRO_T108818"
M9H77_14036,"Cro001G.17082.1.p1, CrChr4.2854"
M9H77_14037,Cro001G.17085.1.p1
M9H77_14038,"CRO_T027019, Cro001G.17084.1.p1, CrChr4.2856, CRO_T108814"
M9H77_14040,CRO_T031738
M9H77_14042,"Cro001G.17090.1.p1, CrChr4.2860"
M9H77_14043,CRO_T031492
M9H77_14044,CRO_T014087
M9H77_14045,"CRO_T014088, CRO_T108808"
M9H77_14048,"CRO_T014090, CRO_T108806"
M9H77_14056,CRO_T010419
M9H77_14057,"Cro001G.17091.1.p1, CrChr4.2876"
M9H77_14058,CRO_T018602
M9H77_14059,"CRO_T009853, Cro001G.17098.1.p1, CRO_T108797"
M9H77_14062,"CRO_T032729, Cro001G.17097.1.p1, CrChr4.2880, CRO_T108795"
M9H77_14063,"CRO_T032730, CrChr4.2881, CRO_T108794"
M9H77_14064,"CRO_T032728, CRO_T108793"
M9H77_14065,"CRO_T011480, CRO_T108792"
M9H77_14067,CRO_T031708
M9H77_14068,"Cro001G.17101.1.p1, CrChr4.2888"
M9H77_14070,CRO_T017884
M9H77_14071,"CRO_T017885, CRO_T108780"
M9H77_14072,CRO_T017883
M9H77_14073,"CRO_T003852, CRO_T108778"
M9H77_14074,Cro001G.17107.2.p1
M9H77_14075,"CRO_T008094, CRO_T108776"
M9H77_14077,"CRO_T008096, CRO_T108774"
M9H77_14079,"CRO_T008095, Cro001G.17103.1.p2, CrChr4.2892, CRO_T108770"
M9H77_14080,CRO_T008093
M9H77_14081,"CRO_T008092, Cro001G.17103.1.p1, CRO_T108768"
M9H77_14085,"Cro001G.17110.1.p1, Cro001G.17110.2.p1, Cro001G.17110.4.p1, CrChr4.2896"
M9H77_14086,"Cro001G.17104.1.p1, CrChr4.2897"
M9H77_14088,"Cro001G.17109.1.p1, Cro001G.17109.2.p1, CrChr4.2899"
M9H77_14089,Cro001G.17112.1.p1
M9H77_14090,"CRO_T028296, Cro001G.17111.1.p1, CrChr4.2901, CRO_T108757"
M9H77_14091,"CRO_T028298, Cro001G.17113.1.p1, CrChr4.2902, CRO_T108756"
M9H77_14092,"CRO_T022992, CRO_T108754"
M9H77_14093,CRO_T010708
M9H77_14094,CRO_T002222
M9H77_14099,CRO_T014050
M9H77_14100,"CRO_T014049, CrChr4.2927, CRO_T136763"
M9H77_14101,"CRO_T022367, Cro001G.970.1.p1, Cro001G.970.2.p1"
M9H77_14102,"Cro001G.971.2.p1, CRO_T136760"
M9H77_14103,"Cro001G.972.1.p1, Cro001G.972.2.p1, Cro001G.972.3.p1, Cro001G.972.4.p1, Cro001G.972.5.p1, Cro001G.972.6.p1, Cro001G.972.7.p1, CrChr4.2930, CRO_T136758"
M9H77_14104,"CRO_T020879, CRO_T136756"
M9H77_14105,"CRO_T020880, CRO_T136755"
M9H77_14106,CRO_T020881
M9H77_14107,"CRO_T020882, Cro001G.975.1.p1, CrChr4.2934, CRO_T136754"
M9H77_14108,CRO_T020877
M9H77_14109,Cro001G.976.1.p1
M9H77_14111,CRO_T019526
M9H77_14112,CRO_T019525
M9H77_14114,"Cro001G.969.1.p1, CrChr4.2936"
M9H77_14115,"CRO_T009510, Cro001G.967.1.p1, CrChr4.2937, CRO_T136746"
M9H77_14116,"Cro001G.978.2.p1, CrChr4.2938"
M9H77_14117,"Cro001G.978.1.p1, Cro001G.978.2.p2"
M9H77_14119,CRO_T013506
M9H77_14120,"CRO_T004574, CRO_T136737"
M9H77_14121,CRO_T018571
M9H77_14122,CRO_T018570
M9H77_14123,"Cro001G.979.1.p1, CrChr4.2944"
M9H77_14124,CRO_T010485
M9H77_14127,"CRO_T010323, CRO_T136726"
M9H77_14128,CRO_T010325
M9H77_14129,"Cro001G.981.1.p1, Cro001G.981.2.p1, CrChr4.2947"
M9H77_14130,Cro001G.982.1.p1
M9H77_14133,"Cro001G.983.1.p1, CrChr4.2949"
M9H77_14134,"CRO_T017488, Cro001G.984.1.p1, CrChr4.2950, CRO_T136718"
M9H77_14135,"Cro001G.986.1.p1, CrChr4.2951"
M9H77_14136,"Cro001G.989.1.p1, CRO_T136714"
M9H77_14138,Cro001G.1003.4.p1
M9H77_14139,Cro001G.1004.2.p1
M9H77_14141,"CRO_T031908, CRO_T136708"
M9H77_14143,CRO_T024005
M9H77_14144,CRO_T024008
M9H77_14145,"CRO_T024006, Cro001G.994.1.p1, CrChr4.2960, CRO_T136706"
M9H77_14147,"CRO_T024007, CRO_T136705"
M9H77_14150,CRO_T000270
M9H77_14151,Cro001G.996.4.p1
M9H77_14152,"Cro001G.997.1.p1, CrChr4.2964"
M9H77_14153,"CRO_T012294, CrChr4.2965, CRO_T136700"
M9H77_14154,"Cro001G.998.1.p1, CrChr4.2966"
M9H77_14155,"Cro001G.1001.1.p1, CRO_T136696"
M9H77_14156,CRO_T005617
M9H77_14157,CRO_T024334
M9H77_14162,"CRO_T010958, CRO_T136690"
M9H77_14163,Cro001G.1008.1.p1
M9H77_14164,"Cro001G.1011.1.p1, Cro001G.1011.2.p1, Cro001G.1011.4.p1"
M9H77_14166,CRO_T017105
M9H77_14167,CRO_T011374
M9H77_14168,"Cro001G.1012.2.p1, CRO_T136682"
M9H77_14169,"CRO_T011371, Cro001G.1013.1.p1, Cro001G.1013.2.p1, CrChr4.2979, CRO_T136681"
M9H77_14170,CRO_T008190
M9H77_14171,"Cro001G.1016.1.p1, CrChr4.2980"
M9H77_14172,"CRO_T001443, CrChr4.2981, CRO_T136679"
M9H77_14174,"CRO_T007296, CRO_T136677"
M9H77_14176,"CRO_T009936, CRO_T136674"
M9H77_14177,CRO_T009935
M9H77_14178,CRO_T021460
M9H77_14179,CRO_T021461
M9H77_14180,"Cro001G.1016.1.p2, CrChr4.2983"
M9H77_14181,"CRO_T009760, CrChr4.2984, CRO_T136669"
M9H77_14182,CRO_T009762
M9H77_14183,CRO_T009761
M9H77_14184,"Cro001G.1021.1.p2, CrChr4.2985"
M9H77_14185,Cro001G.1022.3.p1
M9H77_14186,"CRO_T011754, CRO_T136665"
M9H77_14187,"CRO_T023958, Cro001G.1020.1.p1, CrChr4.2989, CRO_T136664"
M9H77_14189,"CRO_T023954, Cro001G.1024.1.p1, CrChr4.2991, CRO_T136661"
M9H77_14190,"Cro001G.1025.1.p1, CrChr4.2992"
M9H77_14192,"CRO_T023953, Cro001G.1028.1.p1, CrChr4.2993, CRO_T136658"
M9H77_14193,"Cro001G.1037.1.p1, Cro001G.1037.12.p1, Cro001G.1037.2.p1, Cro001G.1037.9.p1"
M9H77_14194,"CRO_T023956, Cro001G.1029.1.p1"
M9H77_14196,"CRO_T023957, Cro001G.1032.1.p1, CrChr4.2996, CRO_T136654"
M9H77_14198,CRO_T023572
M9H77_14200,"Cro001G.1031.1.p1, CRO_T136649"
M9H77_14201,CRO_T025977
M9H77_14204,Cro001G.1034.4.p1
M9H77_14205,CRO_T022471
M9H77_14206,CRO_T032398
M9H77_14207,CRO_T026916
M9H77_14208,CRO_T026917
M9H77_14209,CRO_T019621
M9H77_14210,"CrChr4.3002, CRO_T136639"
M9H77_14211,"CRO_T026492, CRO_T136636"
M9H77_14213,CRO_T011078
M9H77_14215,"CRO_T002948, CRO_T136631"
M9H77_14216,CRO_T002949
M9H77_14217,"CRO_T007025, CRO_T136626"
M9H77_14218,"CRO_T026066, CRO_T136621"
M9H77_14220,CRO_T030990
M9H77_14222,CRO_T023154
M9H77_14223,CRO_T004052
M9H77_14224,CRO_T015357
M9H77_14226,"CRO_T009401, CRO_T118712"
M9H77_14227,CRO_T009400
M9H77_14228,CRO_T009399
M9H77_14230,CRO_T033781
M9H77_14231,CRO_T030417
M9H77_14232,CRO_T030416
M9H77_14234,CRO_T017482
M9H77_14236,CRO_T032966
M9H77_14237,CRO_T014025
M9H77_14239,"Cro001G.14245.1.p1, Cro001G.14245.2.p1"
M9H77_14241,"CRO_T013350, CRO_T118927"
M9H77_14243,"CRO_T023783, CRO_T118925"
M9H77_14245,CRO_T027776
M9H77_14246,"CRO_T027773, CRO_T118922"
M9H77_14248,"CRO_T027771, CRO_T118920"
M9H77_14249,"CRO_T027772, Cro001G.4810.1.p1, CrChr4.3034, CRO_T118919"
M9H77_14250,"CRO_T027774, CRO_T118918"
M9H77_14256,CRO_T024627
M9H77_14257,CRO_T015114
M9H77_14259,"CRO_T016241, Cro001G.4806.1.p1, CrChr4.3039, CRO_T114734"
M9H77_14260,"Cro001G.4805.1.p1, CRO_T114736"
M9H77_14265,CRO_T033252
M9H77_14266,"Cro001G.4804.1.p1, CrChr4.3041, CRO_T114739"
M9H77_14268,"CRO_T020354, CRO_T114740"
M9H77_14269,"CRO_T020355, Cro001G.4802.1.p1, CrChr4.3043, CRO_T114741"
M9H77_14270,"CRO_T023147, CRO_T114742"
M9H77_14271,"CRO_T023146, CRO_T114743"
M9H77_14272,"CRO_T023148, CrChr4.3045, CRO_T114744"
M9H77_14274,CRO_T017882
M9H77_14279,"Cro001G.4798.1.p1, CrChr4.3050, CRO_T114751"
M9H77_14281,"CRO_T022526, Cro001G.4800.1.p1, CrChr4.3053, CRO_T114754"
M9H77_14282,CRO_T022527
M9H77_14283,CRO_T022528
M9H77_14285,"Cro001G.4794.1.p2, CrChr4.3058, CRO_T114760"
M9H77_14287,Cro001G.4793.1.p1
M9H77_14288,"Cro001G.4791.1.p1, CrChr4.3064"
M9H77_14290,CRO_T016557
M9H77_14291,"CRO_T016558, Cro001G.4790.1.p1, Cro001G.4790.3.p1, CrChr4.3066, CRO_T114767"
M9H77_14292,"Cro001G.4788.1.p1, CrChr4.3067"
M9H77_14293,"CRO_T002478, CRO_T114770"
M9H77_14294,"CRO_T002477, CRO_T114771"
M9H77_14296,"Cro001G.4787.1.p1, CrChr4.3068"
M9H77_14297,CRO_T025613
M9H77_14299,"Cro001G.4786.1.p1, Cro001G.4786.2.p1, Cro001G.4786.3.p1, Cro001G.4786.4.p1, Cro001G.4786.5.p1"
M9H77_14300,CRO_T007386
M9H77_14301,"CRO_T007385, CRO_T114778"
M9H77_14304,"Cro001G.4781.1.p1, CrChr4.3071"
M9H77_14305,"CRO_T026591, CRO_T114782"
M9H77_14308,"Cro001G.4780.1.p1, CrChr4.3072"
M9H77_14309,"CRO_T009891, CRO_T132477"
M9H77_14311,"CrChr4.3073, CRO_T132476"
M9H77_14316,"CRO_T023205, CRO_T132471"
M9H77_14317,"Cro001G.4785.1.p1, Cro001G.4785.10.p1, Cro001G.4785.2.p1, Cro001G.4785.3.p1, Cro001G.4785.4.p1, Cro001G.4785.5.p1, Cro001G.4785.6.p1, Cro001G.4785.7.p1, Cro001G.4785.8.p1, Cro001G.4785.9.p1, CrChr4.3079"
M9H77_14318,Cro001G.4784.1.p1
M9H77_14319,"Cro001G.4783.1.p1, Cro001G.4783.2.p1, Cro001G.4783.4.p1"
M9H77_14320,"CRO_T030863, CrChr4.3082, CRO_T132466"
M9H77_14322,"CRO_T018320, CrChr4.3083, CRO_T132461"
M9H77_14323,"CRO_T018321, CrChr4.3084, CRO_T132460"
M9H77_14324,"CRO_T018319, CRO_T132459"
M9H77_14325,Cro001G.4778.1.p1
M9H77_14326,CRO_T006875
M9H77_14327,CRO_T006878
M9H77_14328,CRO_T006877
M9H77_14329,CRO_T006879
M9H77_14333,CRO_T011600
M9H77_14334,"Cro001G.4775.1.p1, CrChr4.3087"
M9H77_14335,"CRO_T024950, CRO_T132451"
M9H77_14336,CRO_T024952
M9H77_14338,CRO_T024953
M9H77_14339,"Cro001G.4782.9.p1, CrChr4.3088"
M9H77_14340,"Cro001G.4782.1.p1, Cro001G.4782.4.p1, CrChr4.3089, CRO_T132447"
M9H77_14343,"CRO_T001112, CRO_T132444"
M9H77_14344,CRO_T001114
M9H77_14347,Cro001G.4774.2.p1
M9H77_14348,"CRO_T001110, Cro001G.4771.1.p1, CrChr4.3091, CRO_T132440"
M9H77_14349,"CRO_T008971, CRO_T132439"
M9H77_14351,CRO_T015547
M9H77_14352,"Cro001G.4772.1.p1, CrChr4.3096"
M9H77_14353,CRO_T024066
M9H77_14354,"CRO_T024068, Cro001G.4766.1.p1, CrChr4.3098"
M9H77_14355,CRO_T024071
M9H77_14356,CRO_T024070
M9H77_14359,"Cro001G.4764.1.p1, CrChr4.3100, CRO_T132426"
M9H77_14360,"CRO_T012113, Cro001G.4760.1.p1, CRO_T132425"
M9H77_14363,"CRO_T012110, CRO_T132424"
M9H77_14364,"CRO_T012114, CRO_T132423"
M9H77_14365,CRO_T012112
M9H77_14366,CRO_T012111
M9H77_14368,"CRO_T012109, Cro001G.4759.1.p1, CrChr4.3103, CRO_T132421"
M9H77_14370,"Cro001G.4758.1.p1, CrChr4.3105"
M9H77_14372,"Cro001G.4757.1.p1, Cro001G.4757.2.p1, Cro001G.4757.3.p1, CrChr4.3106"
M9H77_14373,"CRO_T005161, CrChr4.3107, CRO_T132417"
M9H77_14374,"CRO_T006060, CRO_T132416"
M9H77_14375,"CRO_T023774, Cro001G.4756.1.p1, CrChr4.3112, CRO_T132415"
M9H77_14377,CRO_T001164
M9H77_14379,CRO_T026447
M9H77_14382,CRO_T007088
M9H77_14384,CRO_T029369
M9H77_14385,"Cro001G.4753.1.p1, CRO_T132408"
M9H77_14386,Cro001G.4752.1.p1
M9H77_14389,CRO_T020810
M9H77_14391,"CRO_T016120, CRO_T132399"
M9H77_14392,CrChr4.3123
M9H77_14394,"CRO_T004862, CRO_T132394"
M9H77_14395,CRO_T011058
M9H77_14396,CRO_T011059
M9H77_14398,Cro001G.4755.1.p1
M9H77_14399,CRO_T031827
M9H77_14401,"Cro001G.4747.1.p1, Cro001G.4747.2.p1, Cro001G.4747.3.p1, CrChr4.3128"
M9H77_14402,CRO_T009473
M9H77_14404,CrChr4.3131
M9H77_14405,"Cro001G.4741.1.p1, CrChr4.3134, CRO_T132388"
M9H77_14406,CrChr4.3135
M9H77_14408,"Cro001G.4748.1.p1, Cro001G.4748.3.p2"
M9H77_14409,CRO_T017997
M9H77_14410,CRO_T017999
M9H77_14411,"CRO_T017996, Cro001G.4739.1.p1, CrChr4.3138"
M9H77_14412,"CrChr4.3139, CRO_T132385"
M9H77_14415,Cro001G.4738.1.p1
M9H77_14416,"Cro001G.4734.1.p1, CrChr4.3142"
M9H77_14418,"Cro001G.4731.1.p1, Cro001G.4731.2.p1, CRO_T132381"
M9H77_14419,CRO_T008114
M9H77_14420,"CRO_T008113, CRO_T132378"
M9H77_14421,CRO_T008112
M9H77_14423,"CRO_T023841, CRO_T132374"
M9H77_14425,"CRO_T023839, Cro001G.4733.3.p1, CRO_T132373"
M9H77_14426,"CRO_T023838, Cro001G.4732.1.p1, Cro001G.4732.2.p1, Cro001G.4732.3.p1, Cro001G.4733.1.p2, Cro001G.4733.2.p2, Cro001G.4733.3.p2, Cro001G.4733.4.p2, Cro001G.4733.5.p2, Cro001G.4733.6.p2, Cro001G.4733.7.p2, CRO_T132372"
M9H77_14428,"CRO_T023840, CRO_T132371"
M9H77_14429,Cro001G.4735.1.p1
M9H77_14430,Cro001G.4730.2.p1
M9H77_14432,CRO_T132366
M9H77_14433,Cro001G.4727.1.p1
M9H77_14434,CRO_T022082
M9H77_14435,CRO_T022083
M9H77_14437,CRO_T004584
M9H77_14439,"CRO_T010983, CRO_T132358"
M9H77_14440,"Cro001G.4726.1.p1, CrChr4.3156"
M9H77_14441,"Cro001G.4725.1.p1, CrChr4.3157, CRO_T132356"
M9H77_14442,"Cro001G.4723.1.p1, CrChr4.3158"
M9H77_14443,"CRO_T014505, CrChr4.3160"
M9H77_14445,"CRO_T022359, Cro001G.4722.1.p1, CRO_T132350"
M9H77_14446,"CrChr4.3162, CRO_T132349"
M9H77_14447,"CRO_T003376, Cro001G.4719.1.p1, CrChr4.3163, CRO_T132348"
M9H77_14449,CRO_T003379
M9H77_14450,"Cro001G.4718.1.p1, CrChr4.3164"
M9H77_14452,"CRO_T019386, CrChr4.3165, CRO_T132340"
M9H77_14453,CRO_T005158
M9H77_14454,Cro001G.4716.1.p1
M9H77_14456,"Cro001G.4712.1.p1, CrChr4.3168"
M9H77_14457,"Cro001G.4710.1.p1, CrChr4.3169"
M9H77_14458,"CRO_T016598, Cro001G.4709.1.p1, CrChr4.3170"
M9H77_14459,"CRO_T016601, CRO_T132331"
M9H77_14460,"CRO_T029054, Cro001G.4708.1.p1, CrChr4.3172, CRO_T132329"
M9H77_14462,"CRO_T029055, Cro001G.4707.1.p1, CrChr4.3173"
M9H77_14463,CRO_T022663
M9H77_14464,"CRO_T027271, CrChr4.3176"
M9H77_14465,CRO_T027270
M9H77_14466,CrChr4.3178
M9H77_14468,CrChr4.3180
M9H77_14469,"CRO_T023819, CRO_T132324"
M9H77_14471,CRO_T018902
M9H77_14472,"CRO_T017495, CRO_T132317"
M9H77_14474,"Cro001G.4706.1.p1, Cro001G.4706.2.p1, CrChr4.3182"
M9H77_14475,"CRO_T007926, Cro001G.4700.1.p1, CRO_T132313"
M9H77_14476,CRO_T007927
M9H77_14477,CRO_T017419
M9H77_14478,Cro001G.4702.1.p1
M9H77_14479,CRO_T017418
M9H77_14480,CRO_T010581
M9H77_14481,CRO_T024934
M9H77_14482,CRO_T024933
M9H77_14498,"Cro001G.4697.1.p1, CrChr4.3195"
M9H77_14499,CRO_T030886
M9H77_14501,CRO_T030887
M9H77_14502,"CRO_T009965, CRO_T107188"
M9H77_14503,"CRO_T009964, Cro001G.4696.1.p1, CRO_T107186"
M9H77_14504,"CRO_T009963, Cro001G.4695.1.p1, CrChr4.3199, CRO_T107185"
M9H77_14505,"CRO_T009961, CrChr4.3200, CRO_T107183"
M9H77_14506,CRO_T000903
M9H77_14508,CrChr4.3202
M9H77_14509,"Cro001G.4694.1.p1, Cro001G.4694.7.p1, CrChr4.3203"
M9H77_14510,Cro001G.4693.1.p1
M9H77_14511,"Cro001G.4689.1.p1, CrChr4.3205"
M9H77_14512,Cro001G.4687.1.p1
M9H77_14513,"Cro001G.4688.1.p1, CrChr4.3207"
M9H77_14514,"CRO_T019868, CRO_T107173"
M9H77_14515,"Cro001G.4684.1.p1, CrChr4.3209"
M9H77_14516,Cro001G.4683.1.p1
M9H77_14517,"Cro001G.4681.1.p1, CrChr4.3211, CRO_T107169"
M9H77_14518,"CRO_T033304, Cro001G.4682.1.p1, CrChr4.3212, CRO_T107168"
M9H77_14519,CrChr4.3213
M9H77_14520,CRO_T006261
M9H77_14521,"CRO_T007865, Cro001G.4680.1.p1, CrChr4.3217, CRO_T107162"
M9H77_14524,CRO_T024335
M9H77_14526,"CRO_T018592, CRO_T107158"
M9H77_14528,"CRO_T016111, CrChr4.3222, CRO_T107156"
M9H77_14529,CRO_T016113
M9H77_14530,CRO_T016112
M9H77_14531,"CRO_T008420, CRO_T107154"
M9H77_14532,"CRO_T008417, Cro001G.4675.1.p1, CrChr4.3224, CRO_T107153"
M9H77_14533,CRO_T008418
M9H77_14534,CRO_T008419
M9H77_14535,CRO_T018898
M9H77_14536,"CRO_T018896, CRO_T107148"
M9H77_14537,"CRO_T018897, Cro001G.4678.1.p1, CrChr4.3228, CRO_T107147"
M9H77_14538,"CRO_T018895, CrChr4.3229, CRO_T107146"
M9H77_14539,CRO_T016692
M9H77_14540,CRO_T016693
M9H77_14542,"CRO_T025901, CRO_T107144"
M9H77_14543,"CRO_T025902, Cro001G.4667.1.p1, CrChr4.3231, CRO_T107143"
M9H77_14544,"CRO_T002082, Cro001G.4666.1.p1, CrChr4.3233"
M9H77_14545,"Cro001G.4668.1.p1, CrChr4.3234"
M9H77_14548,"CRO_T002084, CRO_T107135"
M9H77_14550,Cro001G.4664.1.p1
M9H77_14551,CrChr4.3236
M9H77_14552,"Cro001G.4663.1.p1, CrChr4.3237, CRO_T107131"
M9H77_14553,"Cro001G.4661.1.p1, CrChr4.3238"
M9H77_14554,"Cro001G.4660.1.p1, CRO_T107128"
M9H77_14556,Cro001G.4656.1.p1
M9H77_14557,CRO_T107122
M9H77_14558,"CRO_T029210, CRO_T107121"
M9H77_14561,CRO_T002092
M9H77_14562,"Cro001G.4662.1.p1, Cro001G.4662.13.p1, Cro001G.4662.14.p1, Cro001G.4662.15.p1, Cro001G.4662.2.p1, Cro001G.4662.3.p1, Cro001G.4662.4.p1, Cro001G.4662.6.p1, Cro001G.4662.7.p1"
M9H77_14563,CRO_T024083
M9H77_14564,"Cro001G.4651.1.p1, CrChr4.3246, CRO_T107116"
M9H77_14565,"Cro001G.4652.1.p1, CRO_T107114"
M9H77_14567,"CRO_T006982, Cro001G.4650.1.p1, CrChr4.3248"
M9H77_14568,"Cro001G.4648.1.p1, CrChr4.3249"
M9H77_14570,"CRO_T023911, CRO_T107108"
M9H77_14571,"CRO_T018283, CRO_T107107"
M9H77_14574,"CRO_T008745, CRO_T107105"
M9H77_14575,CrChr4.3252
M9H77_14576,CRO_T025307
M9H77_14577,CRO_T023084
M9H77_14587,"CRO_T016033, CRO_T123019"
M9H77_14592,Cro001G.4812.1.p1
M9H77_14593,CRO_T019892
M9H77_14595,"CRO_T010793, CRO_T129404"
M9H77_14596,"CRO_T010794, CrChr4.3275, CRO_T129405"
M9H77_14598,CRO_T010796
M9H77_14600,"Cro001G.4819.1.p1, Cro001G.4819.2.p1"
M9H77_14601,"Cro001G.4820.1.p1, Cro001G.4820.4.p1, CrChr4.3279, CRO_T129409"
M9H77_14606,"CRO_T019733, Cro001G.4833.1.p1, Cro001G.4833.2.p1, Cro001G.4833.3.p1, CrChr4.3285, CRO_T129415"
M9H77_14607,"CRO_T019734, Cro001G.4834.1.p1, CrChr4.3286, CRO_T129416"
M9H77_14608,"CRO_T013473, Cro001G.4831.1.p1, CRO_T129417"
M9H77_14611,"CRO_T032567, Cro001G.4826.1.p1"
M9H77_14613,"CRO_T012200, Cro001G.4828.1.p1, CrChr4.3290, CRO_T129419"
M9H77_14616,CRO_T007753
M9H77_14617,CRO_T007752
M9H77_14618,CRO_T021189
M9H77_14619,Cro001G.4830.1.p1
M9H77_14622,CRO_T033774
M9H77_14623,CRO_T029608
M9H77_14624,CRO_T013211
M9H77_14625,"CRO_T013212, Cro001G.4825.1.p1, CrChr4.3295, CRO_T129430"
M9H77_14626,"CRO_T033321, Cro001G.4839.1.p1"
M9H77_14629,CRO_T013165
M9H77_14630,Cro001G.4842.1.p1
M9H77_14633,CRO_T023143
M9H77_14636,"Cro001G.4850.1.p1, Cro001G.4850.2.p1"
M9H77_14637,"CRO_T019205, Cro001G.4851.1.p1, CrChr4.3306"
M9H77_14638,CRO_T129448
M9H77_14639,CRO_T129449
M9H77_14643,"Cro001G.4854.1.p1, CrChr4.3309"
M9H77_14644,"CRO_T029639, CrChr4.3310, CRO_T129453"
M9H77_14645,"CRO_T029641, CRO_T129454"
M9H77_14646,CRO_T016010
M9H77_14647,CRO_T028592
M9H77_14648,CRO_T028593
M9H77_14649,"CRO_T030025, Cro001G.4853.2.p1, Cro001G.4853.4.p1, Cro001G.4853.5.p1, CrChr4.3311, CRO_T129457"
M9H77_14650,CRO_T030027
M9H77_14651,"CRO_T030026, Cro001G.4855.1.p1"
M9H77_14652,"Cro001G.4852.2.p1, Cro001G.4852.3.p1"
M9H77_14653,Cro001G.4843.1.p1
M9H77_14654,Cro001G.4845.1.p1
M9H77_14655,Cro001G.4848.1.p1
M9H77_14656,Cro001G.4847.1.p1
M9H77_14657,"CRO_T018830, CRO_T129468"
M9H77_14658,"CRO_T018828, CRO_T129469"
M9H77_14659,"CRO_T018831, Cro001G.4849.1.p1, CRO_T129470"
M9H77_14660,"Cro001G.4860.2.p1, Cro001G.4861.1.p1, CrChr4.3324, CRO_T129472"
M9H77_14661,"CRO_T000901, Cro001G.4862.1.p1, Cro001G.4862.3.p1, Cro001G.4862.4.p1, CrChr4.3325, CRO_T129473"
M9H77_14663,"CRO_T000899, Cro001G.4864.1.p1, CrChr4.3327, CRO_T129475"
M9H77_14664,"CRO_T000898, Cro001G.4865.1.p1, CRO_T129476"
M9H77_14665,"CRO_T005718, Cro001G.4866.1.p1, CRO_T129478"
M9H77_14666,"CRO_T005717, CRO_T129479"
M9H77_14667,"CRO_T005719, Cro001G.4868.1.p1, CrChr4.3334, CRO_T129481"
M9H77_14668,"CRO_T005720, Cro001G.4858.2.p1, CRO_T129482"
M9H77_14670,"Cro001G.4869.1.p1, Cro001G.4869.2.p1, CRO_T129484"
M9H77_14671,CRO_T026391
M9H77_14672,"CRO_T026392, Cro001G.4873.2.p1, CRO_T129486"
M9H77_14673,Cro001G.4872.1.p1
M9H77_14674,CrChr4.3341
M9H77_14675,"CRO_T016904, Cro001G.4874.1.p1, CRO_T129489"
M9H77_14676,"CRO_T016905, Cro001G.4882.1.p1, CRO_T129490"
M9H77_14677,CRO_T016903
M9H77_14682,"Cro001G.4878.1.p1, CrChr4.3349"
M9H77_14683,"CRO_T005977, Cro001G.4879.1.p1, CrChr4.3350, CRO_T129499"
M9H77_14684,"CRO_T005976, Cro001G.4876.1.p1, CrChr4.3351"
M9H77_14685,CRO_T005980
M9H77_14686,"CRO_T005975, CRO_T129501"
M9H77_14687,CRO_T005979
M9H77_14689,"CRO_T005978, Cro001G.4888.1.p1, CrChr4.3359, CRO_T129503"
M9H77_14690,"CRO_T005974, Cro001G.4889.10.p1, Cro001G.4889.11.p1, Cro001G.4889.2.p1, Cro001G.4889.4.p1, Cro001G.4889.5.p1, Cro001G.4889.6.p1, CRO_T129504"
M9H77_14691,"Cro001G.4893.2.p1, Cro001G.4893.4.p1, Cro001G.4893.6.p1"
M9H77_14692,CrChr4.3362
M9H77_14693,Cro001G.4891.1.p1
M9H77_14695,"CRO_T020749, Cro001G.4894.1.p1, CrChr4.3365, CRO_T129510"
M9H77_14696,CRO_T020750
M9H77_14697,CRO_T020751
M9H77_14699,"CRO_T019381, Cro001G.4896.1.p1, CrChr4.3367, CRO_T129512"
M9H77_14700,CRO_T019382
M9H77_14701,CRO_T019383
M9H77_14703,"Cro001G.4900.1.p1, CRO_T129516"
M9H77_14704,CRO_T007460
M9H77_14705,"CRO_T001843, CRO_T129519"
M9H77_14708,"CRO_T023066, CRO_T129526"
M9H77_14709,"CRO_T023068, Cro001G.4923.1.p1, Cro001G.4923.2.p1, Cro001G.4923.3.p1, CrChr4.3376, CRO_T129527"
M9H77_14711,Cro001G.4924.2.p1
M9H77_14712,"Cro001G.4925.1.p1, CrChr4.3379"
M9H77_14713,"CRO_T025008, CRO_T129531"
M9H77_14715,Cro001G.4921.2.p1
M9H77_14716,Cro001G.4927.1.p1
M9H77_14717,"CRO_T005862, Cro001G.4928.1.p1, CRO_T129536"
M9H77_14718,Cro001G.4929.1.p1
M9H77_14719,"CRO_T024875, Cro001G.4930.1.p1, CRO_T129539"
M9H77_14720,Cro001G.4931.1.p1
M9H77_14721,"CRO_T024877, Cro001G.4932.1.p1, CrChr4.3390, CRO_T129542"
M9H77_14722,"Cro001G.4926.1.p1, Cro001G.4926.2.p1, CrChr4.3391"
M9H77_14723,"Cro001G.4901.1.p1, CrChr4.3392"
M9H77_14725,CRO_T020461
M9H77_14726,"CRO_T017960, Cro001G.4903.1.p1, Cro001G.4903.2.p1, CrChr4.3395, CRO_T129546"
M9H77_14727,Cro001G.4904.1.p1
M9H77_14728,"CRO_T012388, Cro001G.4905.1.p1, CRO_T129549"
M9H77_14729,CRO_T012389
M9H77_14732,CRO_T010251
M9H77_14733,"Cro001G.4907.1.p1, CrChr4.3402"
M9H77_14735,CRO_T031927
M9H77_14736,"CRO_T031928, CrChr4.3404, CRO_T129555"
M9H77_14738,"CRO_T031925, CRO_T129557"
M9H77_14739,"Cro001G.4913.1.p1, CrChr4.3409"
M9H77_14747,"CRO_T005312, CRO_T129566"
M9H77_14751,"Cro001G.4942.1.p1, CrChr4.3420"
M9H77_14752,"CrChr4.3421, CRO_T129571"
M9H77_14761,CrChr4.3430
M9H77_14768,"CRO_T020830, CRO_T129589"
M9H77_14769,"CRO_T020829, Cro001G.4955.1.p1, Cro001G.4955.2.p1, CRO_T129590"
M9H77_14770,"CRO_T010887, Cro001G.4953.1.p1, CrChr4.3442, CRO_T129592"
M9H77_14771,"Cro001G.4958.1.p1, CrChr4.3443"
M9H77_14772,CrChr4.3445
M9H77_14773,"Cro001G.4959.1.p1, CrChr4.3446"
M9H77_14774,"CRO_T015483, CrChr4.3447, CRO_T129597"
M9H77_14775,"CRO_T015479, CRO_T129598"
M9H77_14776,"CRO_T015478, CRO_T129599"
M9H77_14777,CRO_T015482
M9H77_14779,"CRO_T002647, CRO_T129602"
M9H77_14780,"CRO_T022758, Cro001G.4960.1.p1, CrChr4.3451, CRO_T129603"
M9H77_14783,"CRO_T014105, Cro001G.4969.1.p1, CrChr4.3455, CRO_T129607"
M9H77_14784,"CRO_T014107, Cro001G.4970.1.p1, CrChr4.3456, CRO_T129609"
M9H77_14787,Cro001G.4973.1.p1
M9H77_14788,"CRO_T003202, Cro001G.4974.1.p1, CrChr4.3461, CRO_T129615"
M9H77_14789,"Cro001G.4964.1.p1, CrChr4.3462, CRO_T129616"
M9H77_14790,"CrChr4.3463, CRO_T129617"
M9H77_14793,"CRO_T001102, Cro001G.4966.1.p1, CrChr4.3465, CRO_T129619"
M9H77_14795,Cro001G.4975.1.p1
M9H77_14796,"Cro001G.4976.1.p1, CrChr4.3469, CRO_T129622"
M9H77_14797,"Cro001G.4980.1.p1, CrChr4.3470"
M9H77_14798,CRO_T016333
M9H77_14799,"CRO_T016330, CrChr4.3472, CRO_T129625"
M9H77_14800,"CRO_T016332, CrChr4.3473, CRO_T129626"
M9H77_14801,"CrChr4.3474, CRO_T129627"
M9H77_14803,"CRO_T016328, Cro001G.4983.1.p1, Cro001G.4983.2.p1, CRO_T129630"
M9H77_14804,CRO_T026454
M9H77_14805,CRO_T026453
M9H77_14807,CrChr4.3479
M9H77_14808,"CRO_T010599, CrChr4.3480, CRO_T129634"
M9H77_14810,"Cro001G.4978.1.p1, CrChr4.3482"
M9H77_14811,"Cro001G.4979.1.p1, CrChr4.3483, CRO_T134560"
M9H77_14812,"Cro001G.4986.1.p1, CrChr4.3484"
M9H77_14813,"CRO_T001959, Cro001G.4987.1.p1, CrChr4.3485, CRO_T129638"
M9H77_14814,Cro001G.4989.1.p1
M9H77_14815,"CRO_T001965, Cro001G.4988.1.p1, CRO_T129640"
M9H77_14816,"Cro001G.4990.1.p1, CrChr4.3488"
M9H77_14817,Cro001G.4991.1.p1
M9H77_14818,"CRO_T001967, Cro001G.4984.1.p1, CrChr4.3490, CRO_T129643"
M9H77_14819,"CRO_T001962, Cro001G.4992.1.p1, CrChr4.3491, CRO_T129644"
M9H77_14820,"Cro001G.4993.1.p1, Cro001G.4993.2.p1"
M9H77_14821,"CRO_T001964, Cro001G.4994.1.p1, CrChr4.3493, CRO_T129646"
M9H77_14823,CRO_T028547
M9H77_14824,"CRO_T028553, CrChr4.3499, CRO_T129650"
M9H77_14825,"CRO_T028552, Cro001G.5010.1.p1, CrChr4.3501, CRO_T129651"
M9H77_14826,CRO_T028546
M9H77_14827,"Cro001G.5011.1.p1, CrChr4.3503"
M9H77_14828,"Cro001G.5013.1.p1, CrChr4.3505"
M9H77_14830,"CRO_T028545, Cro001G.5008.2.p2, Cro001G.5008.6.p1, CrChr4.3508, CRO_T129656"
M9H77_14832,CrChr4.3512
M9H77_14833,"Cro001G.5018.1.p1, CrChr4.3513"
M9H77_14834,CRO_T005362
M9H77_14837,CRO_T129663
M9H77_14838,"Cro001G.5021.1.p1, CrChr4.3516"
M9H77_14839,CRO_T018771
M9H77_14840,"Cro001G.4995.1.p1, CrChr4.3518"
M9H77_14841,"CRO_T019537, CRO_T129668"
M9H77_14842,"Cro001G.4996.1.p1, CrChr4.3522"
M9H77_14843,"CRO_T019536, CRO_T129670"
M9H77_14844,CRO_T019535
M9H77_14845,"Cro001G.4998.1.p1, CrChr4.3526"
M9H77_14847,CRO_T019541
M9H77_14850,CrChr4.3529
M9H77_14851,CRO_T002171
M9H77_14852,CrChr4.3531
M9H77_14853,Cro001G.5003.1.p1
M9H77_14858,"CRO_T016157, Cro001G.5023.1.p1, CrChr4.3538, CRO_T118829"
M9H77_14860,"Cro001G.5025.1.p1, CRO_T118827"
M9H77_14864,Cro001G.5032.1.p1
M9H77_14865,"Cro001G.5042.1.p1, CrChr4.3547"
M9H77_14866,CRO_T118819
M9H77_14867,Cro001G.5044.1.p1
M9H77_14869,"CRO_T014066, Cro001G.5033.1.p1, CRO_T118814"
M9H77_14870,"CRO_T014069, CRO_T118813"
M9H77_14871,"CRO_T014068, CRO_T118812"
M9H77_14872,"CRO_T014065, Cro001G.5035.1.p1, CrChr4.3554, CRO_T118811"
M9H77_14875,CrChr4.3556
M9H77_14876,CRO_T016084
M9H77_14877,"CRO_T016085, Cro001G.5040.2.p1, Cro001G.5040.3.p1, CrChr4.3557"
M9H77_14878,CRO_T016086
M9H77_14881,CrChr4.3559
M9H77_14883,"CRO_T003173, CrChr4.3564"
M9H77_14890,Cro001G.5046.1.p1
M9H77_14891,"CRO_T006297, Cro001G.5048.2.p1, CRO_T138688"
M9H77_14893,"Cro001G.5054.1.p1, Cro001G.5054.2.p1"
M9H77_14895,"CRO_T028856, Cro001G.5056.1.p1, CrChr4.3571, CRO_T138681"
M9H77_14896,"Cro001G.5056.1.p2, Cro001G.5056.3.p1"
M9H77_14897,"CRO_T028859, CRO_T138679"
M9H77_14898,"CRO_T028854, Cro001G.5053.1.p1, CrChr4.3573, CRO_T138678"
M9H77_14899,"Cro001G.5057.1.p1, Cro001G.5057.2.p1, Cro001G.5057.3.p1"
M9H77_14902,"Cro001G.5059.1.p1, CrChr4.3577, CRO_T138675"
M9H77_14903,"CRO_T004199, Cro001G.5060.1.p1, CRO_T138674"
M9H77_14904,"Cro001G.5061.1.p1, Cro001G.5061.2.p1, CrChr4.3579"
M9H77_14905,CrChr4.3580
M9H77_14907,"CRO_T004197, CRO_T138669"
M9H77_14909,"Cro001G.5063.1.p1, CrChr4.3583"
M9H77_14910,"Cro001G.5064.1.p1, Cro001G.5064.2.p1, Cro001G.5064.3.p1, Cro001G.5064.4.p1, CrChr4.3584"
M9H77_14912,"Cro001G.5068.1.p1, Cro001G.5068.2.p1, Cro001G.5068.3.p1, Cro001G.5068.4.p1, CrChr4.3586"
M9H77_14913,"CRO_T011576, Cro001G.5069.1.p1, CrChr4.3587, CRO_T138661"
M9H77_14914,Cro001G.5070.1.p1
M9H77_14915,"Cro001G.5071.1.p1, CrChr4.3589, CRO_T138659"
M9H77_14917,"Cro001G.5067.1.p1, CrChr4.3592, CRO_T138656"
M9H77_14918,"CRO_T012889, Cro001G.5066.1.p1, CrChr4.3593, CRO_T138655"
M9H77_14919,"Cro001G.5075.1.p1, CrChr4.3594"
M9H77_14920,"CRO_T012895, CRO_T138653"
M9H77_14921,CRO_T012892
M9H77_14922,CRO_T025735
M9H77_14923,Cro001G.5076.1.p1
M9H77_14924,CrChr4.3597
M9H77_14925,"CRO_T008539, CrChr4.3598, CRO_T138647"
M9H77_14927,"CRO_T008536, Cro001G.5074.1.p1, CrChr4.3600, CRO_T138645"
M9H77_14928,"CRO_T008537, Cro001G.5080.1.p1, Cro001G.5080.3.p1, CRO_T138644"
M9H77_14929,CRO_T008541
M9H77_14930,"CRO_T030841, CRO_T138642"
M9H77_14931,"Cro001G.5085.1.p1, CrChr4.3603"
M9H77_14932,"CRO_T030837, Cro001G.5085.1.p2, Cro001G.5085.2.p2, CrChr4.3604, CRO_T138640"
M9H77_14933,"Cro001G.5086.2.p2, Cro001G.5086.4.p1, Cro001G.5086.5.p2"
M9H77_14934,"Cro001G.5086.2.p1, CrChr4.3606"
M9H77_14935,"CrChr4.3607, CRO_T138637"
M9H77_14936,"Cro001G.5082.1.p1, CrChr4.3608, CRO_T138636"
M9H77_14938,Cro001G.5083.1.p1
M9H77_14939,"Cro001G.5089.1.p1, Cro001G.5089.2.p1"
M9H77_14940,"CRO_T001056, Cro001G.5092.1.p1, CRO_T138632"
M9H77_14942,"CRO_T020551, Cro001G.5097.1.p1, Cro001G.5097.2.p1, Cro001G.5099.2.p3, CrChr4.3613, CRO_T138630"
M9H77_14943,Cro001G.5100.1.p1
M9H77_14944,CRO_T002552
M9H77_14945,"Cro001G.5103.1.p1, CrChr4.3618"
M9H77_14946,"CRO_T002550, CrChr4.3619, CRO_T138626"
M9H77_14947,"Cro001G.5104.1.p1, CrChr4.3620"
M9H77_14948,"Cro001G.5105.1.p1, CrChr4.3621"
M9H77_14949,"CRO_T002553, Cro001G.5106.1.p1, Cro001G.5106.2.p1, CrChr4.3622, CRO_T138622"
M9H77_14950,CRO_T002554
M9H77_14952,"Cro001G.5093.1.p1, CrChr4.3624"
M9H77_14954,"Cro001G.5095.1.p1, Cro001G.5095.2.p1, CrChr4.3626"
M9H77_14955,"CRO_T014114, Cro001G.5094.1.p1, CrChr4.3627, CRO_T138615"
M9H77_14956,CrChr4.3628
M9H77_14957,Cro001G.5135.1.p1
M9H77_14958,"CRO_T007448, Cro001G.5136.1.p1"
M9H77_14960,Cro001G.5138.1.p1
M9H77_14963,"Cro001G.5140.1.p1, Cro001G.5140.2.p1"
M9H77_14964,"Cro001G.5141.1.p1, CrChr4.3637"
M9H77_14966,"Cro001G.5143.1.p1, CrChr4.3639, CRO_T138605"
M9H77_14967,"CRO_T010992, CrChr4.3640, CRO_T138604"
M9H77_14968,"Cro001G.5144.1.p1, CrChr4.3641"
M9H77_14969,Cro001G.5145.1.p2
M9H77_14970,"CRO_T012726, Cro001G.5146.1.p1, CRO_T138601"
M9H77_14971,CRO_T012734
M9H77_14972,"Cro001G.5147.1.p1, CrChr4.3645"
M9H77_14973,"CRO_T012732, Cro001G.5148.1.p1, Cro001G.5148.2.p1, CrChr4.3646, CRO_T138598"
M9H77_14974,CrChr4.3647
M9H77_14975,"Cro001G.5150.1.p1, CrChr4.3648, CRO_T138596"
M9H77_14977,CrChr4.3651
M9H77_14979,"CRO_T033389, CrChr4.3653, CRO_T138592"
M9H77_14980,"CRO_T033391, CrChr4.3654"
M9H77_14981,CrChr4.3655
M9H77_14984,"CRO_T033394, Cro001G.5138.1.p2, Cro001G.5138.3.p1, Cro001G.5138.4.p1, Cro001G.5138.5.p1, Cro001G.5138.6.p1, Cro001G.5138.7.p1, Cro001G.5138.8.p1, Cro001G.5138.9.p1, Cro001G.5152.1.p1, Cro001G.5152.2.p1, Cro001G.5152.3.p1, Cro001G.5152.4.p1, Cro001G.5152.5.p1, Cro001G.5152.6.p1, CrChr4.3658, CRO_T138587"
M9H77_14985,"Cro001G.5153.1.p1, CrChr4.3659"
M9H77_14986,"Cro001G.5154.1.p1, CrChr4.3660, CRO_T138585"
M9H77_14988,"Cro001G.5156.1.p1, CrChr4.3662"
M9H77_14989,"CRO_T025046, Cro001G.5124.1.p1, Cro001G.5124.2.p1, Cro001G.5124.3.p1, CrChr4.3663, CRO_T138582"
M9H77_14990,"Cro001G.5125.1.p1, CrChr4.3664, CRO_T138581"
M9H77_14991,Cro001G.5126.1.p1
M9H77_14992,"CRO_T012573, Cro001G.5127.1.p1, CrChr4.3666, CRO_T138578"
M9H77_14994,"CRO_T012574, Cro001G.5129.1.p1, Cro001G.5129.3.p1, Cro001G.5129.4.p1, Cro001G.5129.6.p1, Cro001G.5129.7.p1, CrChr4.3668"
M9H77_14997,CrChr4.3672
M9H77_14999,"CRO_T017275, Cro001G.5132.1.p1, CrChr4.3674, CRO_T138571"
M9H77_15000,"CRO_T017277, CRO_T138570"
M9H77_15001,"Cro001G.5108.1.p1, CRO_T138569"
M9H77_15002,CrChr4.3677
M9H77_15003,Cro001G.5114.1.p1
M9H77_15004,"Cro001G.5115.1.p1, CrChr4.3679"
M9H77_15005,"CRO_T001713, Cro001G.5116.1.p1, CRO_T138567"
M9H77_15006,"CRO_T001712, Cro001G.5110.1.p1, CrChr4.3681"
M9H77_15007,"CRO_T001711, CRO_T138566"
M9H77_15008,"CRO_T001715, Cro001G.5113.1.p2, Cro001G.5113.2.p2, Cro001G.5113.4.p1, CRO_T138565"
M9H77_15009,"CRO_T001710, Cro001G.5113.1.p1, CRO_T138564"
M9H77_15010,"CRO_T001709, CRO_T138563"
M9H77_15011,CrChr4.3687
M9H77_15012,"CRO_T008377, CRO_T138561"
M9H77_15013,CRO_T029003
M9H77_15014,"CRO_T029004, Cro001G.5121.1.p1, CRO_T138559"
M9H77_15015,Cro001G.5122.1.p1
M9H77_15016,"Cro001G.5157.1.p1, CrChr4.3693"
M9H77_15017,"Cro001G.5158.1.p1, Cro001G.5158.2.p1, CrChr4.3694"
M9H77_15018,Cro001G.5161.3.p1
M9H77_15019,Cro001G.5162.1.p1
M9H77_15020,Cro001G.5159.1.p1
M9H77_15021,Cro001G.5160.1.p1
M9H77_15022,CRO_T020494
M9H77_15023,"CRO_T020495, CrChr4.3702"
M9H77_15024,"CRO_T020504, CRO_T138548"
M9H77_15025,"Cro001G.5165.1.p1, CRO_T138547"
M9H77_15026,Cro001G.5166.1.p1
M9H77_15027,"CRO_T020497, CRO_T138545"
M9H77_15028,Cro001G.5167.1.p1
M9H77_15029,"CRO_T020507, Cro001G.5168.1.p1, CRO_T138543"
M9H77_15031,"CRO_T020499, Cro001G.5175.1.p1, CRO_T138541"
M9H77_15032,Cro001G.5176.1.p1
M9H77_15033,"Cro001G.5177.1.p1, Cro001G.5177.2.p1, Cro001G.5177.3.p1, Cro001G.5177.4.p1"
M9H77_15034,"CRO_T020508, CRO_T138538"
M9H77_15036,"CRO_T023671, Cro001G.5179.1.p1"
M9H77_15037,"Cro001G.5174.1.p1, CrChr4.3716"
M9H77_15038,"CRO_T023673, CRO_T138533"
M9H77_15039,"CRO_T023670, Cro001G.5181.1.p1, CrChr4.3717, CRO_T138532"
M9H77_15040,CRO_T033240
M9H77_15041,CRO_T030097
M9H77_15042,"CRO_T030094, CRO_T138528"
M9H77_15043,CrChr4.3723
M9H77_15045,"CRO_T030099, Cro001G.5173.1.p2, Cro001G.5173.3.p1, CrChr4.3726, CRO_T138524"
M9H77_15046,CrChr4.3727
M9H77_15047,"CRO_T006181, Cro001G.5169.1.p1, CrChr4.3728, CRO_T138522"
M9H77_15049,CrChr4.3729
M9H77_15050,CrChr4.3730
M9H77_15051,"Cro001G.5185.1.p1, CrChr4.3731"
M9H77_15052,"CRO_T025169, Cro001G.5186.1.p1, CrChr4.3732, CRO_T138517"
M9H77_15053,CrChr4.3733
M9H77_15055,CrChr4.3735
M9H77_15057,CrChr4.3737
M9H77_15061,CrChr4.3741
M9H77_15063,CrChr4.3744
M9H77_15064,CrChr4.3747
M9H77_15067,CRO_T020338
M9H77_15068,CrChr4.3751
M9H77_15069,CrChr4.3752
M9H77_15070,CrChr4.3754
M9H77_15076,CrChr4.3760
M9H77_15077,CrChr4.3761
M9H77_15079,CrChr4.3764
M9H77_15083,"CRO_T028954, Cro001G.5215.1.p1, Cro001G.5215.2.p1, CRO_T138487"
M9H77_15085,Cro001G.5219.1.p1
M9H77_15086,"CRO_T028946, Cro001G.5220.1.p2, CRO_T138483"
M9H77_15087,"CRO_T028947, CRO_T138482"
M9H77_15088,"Cro001G.5210.2.p1, CrChr4.3773"
M9H77_15089,"Cro001G.5222.1.p1, CrChr4.3774"
M9H77_15090,"CRO_T028948, Cro001G.5223.1.p1, CRO_T138479"
M9H77_15093,"CRO_T028958, Cro001G.5218.1.p1, Cro001G.5218.2.p1, Cro001G.5218.3.p1, Cro001G.5218.4.p1, CRO_T138476"
M9H77_15094,"Cro001G.5207.1.p1, CrChr4.3779"
M9H77_15095,Cro001G.5206.1.p1
M9H77_15096,Cro001G.5208.2.p1
M9H77_15097,CRO_T138471
M9H77_15098,"Cro001G.5229.1.p1, CRO_T138470"
M9H77_15099,Cro001G.5230.1.p1
M9H77_15101,CrChr4.3785
M9H77_15108,CrChr4.3794
M9H77_15109,CrChr4.3795
M9H77_15110,"Cro001G.5240.1.p1, CrChr4.3797"
M9H77_15111,"CRO_T012987, CrChr4.3798"
M9H77_15113,CrChr4.3799
M9H77_15116,CrChr4.3802
M9H77_15117,CrChr4.3803
M9H77_15120,CrChr4.3806
M9H77_15122,CRO_T011405
M9H77_15125,CrChr4.3814
M9H77_15128,CrChr4.3817
M9H77_15129,"CRO_T020565, Cro001G.5256.1.p1, Cro001G.5256.2.p1, CRO_T138437"
M9H77_15130,"CRO_T020567, Cro001G.5257.1.p2, CrChr4.3819, CRO_T138436"
M9H77_15131,"CRO_T020566, Cro001G.5258.1.p1, CrChr4.3820, CRO_T138435"
M9H77_15132,"CRO_T020564, Cro001G.5259.1.p1, Cro001G.5259.2.p1, CRO_T138434"
M9H77_15133,Cro001G.5226.1.p1
M9H77_15134,Cro001G.5227.1.p1
M9H77_15137,"CRO_T009342, CRO_T138428"
M9H77_15138,CRO_T007480
M9H77_15139,"Cro001G.5262.1.p1, Cro001G.5262.2.p1"
M9H77_15140,Cro001G.5264.2.p1
M9H77_15141,"Cro001G.5261.1.p1, CrChr4.3829"
M9H77_15142,"CRO_T007474, CRO_T138423"
M9H77_15143,Cro001G.5268.2.p1
M9H77_15144,CrChr4.3832
M9H77_15145,"CRO_T012002, CRO_T138420"
M9H77_15146,"CRO_T012003, Cro001G.5267.1.p1, CrChr4.3835"
M9H77_15150,CrChr4.3840
M9H77_15151,Cro001G.5274.1.p1
M9H77_15152,Cro001G.5275.1.p1
M9H77_15153,"Cro001G.5276.1.p1, Cro001G.5276.2.p1"
M9H77_15155,"CRO_T009356, Cro001G.5286.2.p1, Cro001G.5286.3.p1, CrChr4.3845, CRO_T127755"
M9H77_15157,"Cro001G.5288.1.p1, CrChr4.3847"
M9H77_15160,"CRO_T001541, CrChr4.3850, CRO_T127752"
M9H77_15162,"Cro001G.5292.1.p1, CrChr4.3853"
M9H77_15163,Cro001G.5293.1.p1
M9H77_15175,"CRO_T013896, Cro001G.10746.1.p1, CrChr4.3876, CRO_T120416"
M9H77_15176,"Cro001G.10747.1.p1, CrChr4.3877"
M9H77_15178,"CRO_T013898, CrChr4.3879, CRO_T120413"
M9H77_15180,Cro001G.10751.1.p1
M9H77_15181,"Cro001G.10752.1.p1, CRO_T120410"
M9H77_15182,"Cro001G.10753.1.p1, CrChr4.3883"
M9H77_15184,Cro001G.10756.1.p1
M9H77_15185,"CRO_T025560, Cro001G.10755.1.p1, CrChr4.3887, CRO_T120405"
M9H77_15186,"CRO_T025559, CRO_T120404"
M9H77_15188,CRO_T006959
M9H77_15189,Cro001G.10759.1.p1
M9H77_15192,"CRO_T015662, Cro001G.10760.1.p1, CrChr4.3894, CRO_T120399"
M9H77_15195,"CRO_T009563, Cro001G.10768.5.p1"
M9H77_15196,"CRO_T026230, Cro001G.10768.1.p1, Cro001G.10768.2.p1, Cro001G.10768.3.p1, Cro001G.10768.4.p1, CRO_T127695"
M9H77_15199,CrChr4.3904
M9H77_15202,CRO_T127760
M9H77_15205,Cro001G.10774.1.p1
M9H77_05792,"Cro001G.2841.1.p1, Cro001G.2841.2.p1, Cro001G.2841.20.p1, Cro001G.2841.21.p1, Cro001G.2841.23.p1, Cro001G.2841.24.p1, Cro001G.2841.3.p1, Cro001G.2854.1.p1, Cro001G.2854.10.p1, Cro001G.2854.11.p1, Cro001G.2854.13.p1, Cro001G.2854.16.p1, Cro001G.2854.17.p1, Cro001G.2854.18.p1, Cro001G.2854.20.p1, Cro001G.2854.21.p1, Cro001G.2854.24.p1, Cro001G.2854.3.p2, Cro001G.2854.30.p1, Cro001G.2854.31.p1, Cro001G.2854.8.p1"
M9H77_05794,CRO_T017508
M9H77_05796,CRO_T017506
M9H77_05798,Cro001G.2851.5.p1
M9H77_05799,Cro001G.2850.1.p2
M9H77_05801,"Cro001G.2849.1.p1, Cro001G.2849.2.p1, CRO_T124082"
M9H77_05802,CrChr1.13
M9H77_05804,"CRO_T019817, CRO_T124084"
M9H77_05805,"CRO_T019818, CrChr1.16, CRO_T124086"
M9H77_05807,"Cro001G.2796.1.p1, CrChr1.18"
M9H77_05808,"CRO_T005743, Cro001G.2795.1.p1, CrChr1.19, CRO_T124090"
M9H77_05810,CRO_T016059
M9H77_05811,"CRO_T016067, Cro001G.8542.1.p2"
M9H77_05812,CrChr1.22
M9H77_05815,"Cro001G.8540.1.p1, CRO_T124122"
M9H77_05816,"CRO_T016056, Cro001G.8539.1.p1, CrChr1.28, CRO_T124123"
M9H77_05817,"Cro001G.8538.1.p2, Cro001G.8538.2.p2, Cro001G.8538.3.p2, CrChr1.29"
M9H77_05818,"CRO_T016064, Cro001G.8538.1.p1, Cro001G.8538.2.p1, Cro001G.8538.3.p1, CrChr1.30, CRO_T124125"
M9H77_05819,"Cro001G.8537.1.p1, CrChr1.31"
M9H77_05820,"Cro001G.8536.1.p1, CrChr1.32"
M9H77_05821,"CRO_T016062, Cro001G.8534.1.p3, CRO_T124128"
M9H77_05822,CRO_T124129
M9H77_05823,"CRO_T016054, Cro001G.8535.1.p1, CrChr1.36, CRO_T124130"
M9H77_05824,"Cro001G.8533.1.p1, CrChr1.37"
M9H77_05825,CRO_T031992
M9H77_05826,"CRO_T031987, Cro001G.8532.1.p1, CrChr1.39, CRO_T124132"
M9H77_05828,CRO_T031990
M9H77_05829,CRO_T031989
M9H77_05832,"CRO_T031986, Cro001G.8501.1.p1, CrChr1.45, CRO_T124138"
M9H77_05833,"CRO_T031985, Cro001G.8494.1.p1, CrChr1.46, CRO_T124139"
M9H77_05834,CrChr1.47
M9H77_05835,CRO_T027622
M9H77_05838,"CrChr1.51, CRO_T124572"
M9H77_05841,"CRO_T033550, CrChr1.54, CRO_T124569"
M9H77_05843,"CRO_T033549, CrChr1.56, CRO_T124567"
M9H77_05845,CRO_T033564
M9H77_05846,"CRO_T033558, CrChr1.58, CRO_T124565"
M9H77_05847,"CRO_T033557, CrChr1.59, CRO_T124564"
M9H77_05848,"CRO_T033548, CrChr1.60, CRO_T124563"
M9H77_05849,"CRO_T033556, CrChr1.61, CRO_T124562"
M9H77_05850,"CRO_T033562, CrChr1.63, CRO_T124561"
M9H77_05851,"CRO_T033563, CrChr1.64, CRO_T124560"
M9H77_05852,CrChr1.65
M9H77_05854,"CRO_T029185, Cro001G.1138.1.p1, Cro001G.1138.2.p2, Cro001G.1138.3.p1, CrChr1.67, CRO_T124591"
M9H77_05855,CRO_T029181
M9H77_05857,"CRO_T029186, CrChr1.69, CRO_T124588"
M9H77_05858,"CRO_T029182, CRO_T124586"
M9H77_05859,"CRO_T029187, Cro001G.1141.1.p1, CrChr1.71, CRO_T124585"
M9H77_05860,CRO_T029183
M9H77_05861,Cro001G.1149.1.p1
M9H77_05863,Cro001G.1151.1.p1
M9H77_05864,"CRO_T010124, Cro001G.1150.1.p1, CrChr1.77, CRO_T124579"
M9H77_05865,"CRO_T010126, CRO_T124578"
M9H77_05866,"CRO_T010125, CrChr1.80, CRO_T124577"
M9H77_05867,CrChr1.81
M9H77_05868,"CRO_T015252, CRO_T120053"
M9H77_05869,"CRO_T015251, Cro001G.1146.1.p1, CrChr1.82, CRO_T120052"
M9H77_05870,"CRO_T005781, Cro001G.1148.1.p1, CrChr1.83, CRO_T120051"
M9H77_05871,Cro001G.1152.1.p1
M9H77_05872,"CRO_T016651, CrChr1.85, CRO_T120049"
M9H77_05873,"CRO_T016645, CRO_T120048"
M9H77_05874,"Cro001G.1168.4.p1, CrChr1.87"
M9H77_05875,"CRO_T016649, CRO_T120046"
M9H77_05876,CrChr1.90
M9H77_05877,CRO_T016648
M9H77_05878,"CrChr1.94, CRO_T120042"
M9H77_05880,CRO_T021052
M9H77_05881,"CRO_T021053, CRO_T120040"
M9H77_05882,CrChr1.96
M9H77_05883,"CRO_T022907, Cro001G.18731.1.p1, CrChr1.97, CRO_T120038"
M9H77_05885,"CRO_T022904, CrChr1.99, CRO_T120035"
M9H77_05887,"CRO_T005214, CrChr1.101, CRO_T120033"
M9H77_05888,"CRO_T005217, CrChr1.102, CRO_T120032"
M9H77_05889,"CRO_T005218, Cro001G.18735.1.p1, CrChr1.104, CRO_T120029"
M9H77_05890,"CRO_T005213, CrChr1.105, CRO_T120028"
M9H77_05891,CRO_T005216
M9H77_05892,"CRO_T005215, CrChr1.107, CRO_T120026"
M9H77_05893,"CRO_T005212, CRO_T120025"
M9H77_05894,CrChr1.109
M9H77_05897,CrChr1.111
M9H77_05901,CrChr1.112
M9H77_05902,"CRO_T020280, CrChr1.113, CRO_T120021"
M9H77_05905,"CRO_T013752, Cro001G.18743.1.p1, CrChr1.115, CRO_T123728"
M9H77_05906,CrChr1.116
M9H77_05907,CRO_T020981
M9H77_05908,"Cro001G.18749.1.p1, CrChr1.118"
M9H77_05909,"Cro001G.18750.1.p1, CrChr1.119, CRO_T123723"
M9H77_05910,"CRO_T020977, Cro001G.18747.1.p1, CrChr1.120, CRO_T123722"
M9H77_05911,"Cro001G.18751.1.p1, CrChr1.121, CRO_T123721"
M9H77_05913,"CRO_T010291, CrChr1.123"
M9H77_05914,"Cro001G.18756.1.p1, CrChr1.125"
M9H77_05915,CRO_T010289
M9H77_05916,"Cro001G.18758.1.p1, CrChr1.127"
M9H77_05917,CrChr1.128
M9H77_05918,"CRO_T021586, CRO_T120017"
M9H77_05919,"CRO_T021585, Cro001G.1320.1.p2, CrChr1.130, CRO_T120016"
M9H77_05920,"CRO_T021584, CRO_T120015"
M9H77_05921,"CRO_T021583, Cro001G.1323.1.p1, CrChr1.132, CRO_T120013"
M9H77_05922,CRO_T021582
M9H77_05923,"CRO_T017734, Cro001G.1352.1.p2, Cro001G.1352.2.p2, Cro001G.1352.3.p2, CrChr1.134"
M9H77_05925,"CRO_T017732, Cro001G.1354.1.p2, CRO_T120008"
M9H77_05926,Cro001G.1354.1.p1
M9H77_05927,CRO_T017735
M9H77_05928,CRO_T017730
M9H77_05930,"Cro001G.1356.1.p1, CrChr1.140"
M9H77_05931,"Cro001G.1357.1.p1, CrChr1.141, CRO_T120002"
M9H77_05933,"CRO_T031394, Cro001G.1359.1.p2, CRO_T120000"
M9H77_05934,"CRO_T027710, Cro001G.1361.1.p1, Cro001G.1361.3.p1, Cro001G.1361.4.p1, CrChr1.144, CRO_T119998"
M9H77_05935,Cro001G.1362.7.p1
M9H77_05937,"CRO_T032786, Cro001G.1364.1.p1, CrChr1.147, CRO_T113537"
M9H77_05938,"Cro001G.1365.1.p1, CRO_T113538"
M9H77_05939,"Cro001G.1366.1.p1, Cro001G.1366.2.p1, CrChr1.149"
M9H77_05946,"Cro001G.1371.1.p1, CrChr1.156"
M9H77_05947,"CRO_T032974, Cro001G.1371.2.p1, CrChr1.157, CRO_T113547"
M9H77_05948,"Cro001G.1353.1.p2, CrChr1.158, CRO_T113548"
M9H77_05949,CRO_T030399
M9H77_05950,"CRO_T006475, Cro001G.1339.1.p1, Cro001G.1339.2.p1, Cro001G.1339.3.p1, CrChr1.163, CRO_T113551"
M9H77_05951,"Cro001G.1340.1.p1, CrChr1.164"
M9H77_05952,"CRO_T024984, Cro001G.1341.1.p1, CrChr1.165, CRO_T113553"
M9H77_05953,"Cro001G.1341.2.p1, CrChr1.166"
M9H77_05957,CrChr1.172
M9H77_05958,"Cro001G.1345.1.p1, CrChr1.173"
M9H77_05959,"CRO_T019415, Cro001G.1346.1.p2, Cro001G.1347.1.p1, CrChr1.174, CRO_T113562"
M9H77_05960,"CRO_T019413, Cro001G.1346.1.p1, CrChr1.175, CRO_T113563"
M9H77_05961,"CRO_T019412, Cro001G.1349.1.p1, CrChr1.177, CRO_T113564"
M9H77_05962,"Cro001G.1351.1.p1, Cro001G.1351.10.p1, Cro001G.1351.11.p1, Cro001G.1351.9.p1"
M9H77_05963,"Cro001G.1350.1.p1, CrChr1.180, CRO_T113566"
M9H77_05964,"Cro001G.1397.1.p1, Cro001G.1397.2.p1, CrChr1.181"
M9H77_05965,Cro001G.1399.1.p1
M9H77_05966,CRO_T003743
M9H77_05967,"CRO_T003742, Cro001G.1398.1.p2, Cro001G.1398.12.p2, Cro001G.1398.14.p3, Cro001G.1398.15.p2, Cro001G.1398.16.p2, Cro001G.1398.17.p2, Cro001G.1398.20.p2, Cro001G.1398.21.p2, Cro001G.1398.23.p2, Cro001G.1398.7.p2, CrChr1.184"
M9H77_05968,"Cro001G.1398.1.p1, Cro001G.1398.7.p1, Cro001G.1398.8.p1, CrChr1.185"
M9H77_05969,"CrChr1.186, CRO_T113573"
M9H77_05970,"Cro001G.1400.1.p1, CrChr1.187"
M9H77_05971,"CRO_T002725, Cro001G.1401.1.p1, CrChr1.188"
M9H77_05972,CRO_T012120
M9H77_05973,CRO_T012119
M9H77_05974,"Cro001G.1398.2.p1, Cro001G.1398.25.p1, CrChr1.191"
M9H77_05975,"CRO_T032949, CrChr1.192, CRO_T113579"
M9H77_05976,"CRO_T032950, Cro001G.1398.24.p3, CrChr1.193, CRO_T113580"
M9H77_05977,"CRO_T032955, CrChr1.194, CRO_T113581"
M9H77_05978,"CRO_T032963, CRO_T113582"
M9H77_05979,"CRO_T032956, Cro001G.1398.27.p3, Cro001G.1398.28.p3, CRO_T113583"
M9H77_05980,CRO_T032951
M9H77_05981,"CRO_T032957, CRO_T113585"
M9H77_05982,"CRO_T032958, Cro001G.1398.24.p1, Cro001G.1398.26.p1, Cro001G.1398.27.p1, Cro001G.1398.28.p1, Cro001G.1398.29.p1, Cro001G.1398.30.p1, Cro001G.1398.31.p1, Cro001G.1398.32.p1, Cro001G.1398.33.p1, CRO_T113586"
M9H77_05983,"CRO_T032961, CRO_T113587"
M9H77_05984,"CRO_T032959, Cro001G.1405.1.p1, CrChr1.199, CRO_T113588"
M9H77_05985,"CRO_T032962, CRO_T113589"
M9H77_05986,"CRO_T032952, CRO_T113590"
M9H77_05987,"CRO_T032953, CrChr1.201"
M9H77_05988,"Cro001G.1407.1.p1, CrChr1.202"
M9H77_05989,"CrChr1.203, CRO_T113593"
M9H77_05991,"Cro001G.1409.1.p1, Cro001G.1409.2.p1"
M9H77_05992,"CRO_T007483, Cro001G.1410.1.p1"
M9H77_05993,"Cro001G.1374.1.p1, CrChr1.206"
M9H77_05994,"Cro001G.1375.1.p1, Cro001G.1375.2.p1, CrChr1.207"
M9H77_05995,"CRO_T020743, Cro001G.1376.1.p1, CRO_T113598"
M9H77_05996,"Cro001G.1377.1.p1, Cro001G.1377.2.p1"
M9H77_05997,"CRO_T020742, Cro001G.1378.1.p1, Cro001G.1378.2.p1, CRO_T113599"
M9H77_05998,"CRO_T020741, CRO_T113600"
M9H77_05999,"CRO_T020738, Cro001G.1385.1.p1, CrChr1.210"
M9H77_06000,Cro001G.1387.1.p1
M9H77_06002,"Cro001G.1391.1.p1, Cro001G.1391.2.p1, CRO_T113605"
M9H77_06003,"CRO_T002572, CRO_T113606"
M9H77_06004,"CRO_T004760, CRO_T140699"
M9H77_06005,CrChr1.216
M9H77_06006,"Cro001G.1384.1.p1, CrChr1.217"
M9H77_06007,"CRO_T005301, CrChr1.218, CRO_T140705"
M9H77_06008,"CRO_T005305, CRO_T140706"
M9H77_06009,"CRO_T005302, Cro001G.1394.1.p1, CrChr1.220, CRO_T140708"
M9H77_06011,Cro001G.1412.1.p1
M9H77_06012,Cro001G.1411.1.p1
M9H77_06013,"Cro001G.1413.1.p1, CrChr1.224, CRO_T140713"
M9H77_06014,CRO_T013672
M9H77_06015,CrChr1.226
M9H77_06016,CrChr1.227
M9H77_06017,CrChr1.228
M9H77_06018,"CRO_T013676, Cro001G.1414.1.p1, CrChr1.229, CRO_T140719"
M9H77_06022,Cro001G.1417.1.p1
M9H77_06023,"CRO_T018246, Cro001G.1419.1.p1, Cro001G.1419.2.p1"
M9H77_06024,"Cro001G.1418.1.p1, CrChr1.235, CRO_T140724"
M9H77_06025,"Cro001G.1420.1.p3, Cro001G.1420.2.p3, CrChr1.236, CRO_T140725"
M9H77_06026,"CRO_T031405, CRO_T140726"
M9H77_06027,"CRO_T031403, CrChr1.239, CRO_T140727"
M9H77_06028,"CRO_T031404, CrChr1.240"
M9H77_06029,CrChr1.241
M9H77_06030,"Cro001G.1422.1.p3, CrChr1.242"
M9H77_06031,"Cro001G.1422.1.p2, CrChr1.243, CRO_T140729"
M9H77_06032,"CRO_T026794, CRO_T026838, CRO_T026840, Cro001G.1423.1.p1, Cro001G.1423.2.p1, CrChr1.244, CRO_T140730"
M9H77_06034,"CRO_T001582, CRO_T140735"
M9H77_06035,Cro001G.1431.1.p1
M9H77_06037,"CRO_T001583, Cro001G.1434.1.p1, CrChr1.251, CRO_T140739"
M9H77_06038,"Cro001G.1435.1.p1, CrChr1.252"
M9H77_06039,Cro001G.1436.1.p1
M9H77_06040,"CRO_T013220, CRO_T140744"
M9H77_06041,"CRO_T013219, Cro001G.1432.1.p1, CrChr1.257, CRO_T140745"
M9H77_06042,CRO_T029581
M9H77_06044,"Cro001G.1429.1.p1, CrChr1.260"
M9H77_06045,Cro001G.1440.1.p1
M9H77_06050,"CRO_T003125, CrChr1.266, CRO_T140756"
M9H77_06063,"CRO_T012407, Cro001G.1461.1.p1, CRO_T140770"
M9H77_06064,Cro001G.1462.1.p1
M9H77_06067,"Cro001G.1466.1.p2, CrChr1.282"
M9H77_06073,"Cro001G.1470.1.p1, CrChr1.289"
M9H77_06074,"Cro001G.1471.1.p1, CRO_T140783"
M9H77_06075,Cro001G.1472.1.p1
M9H77_06076,"Cro001G.1474.1.p1, CRO_T140785"
M9H77_06077,"Cro001G.1476.1.p1, CrChr1.295"
M9H77_06078,"Cro001G.1475.1.p1, CrChr1.296"
M9H77_06079,"CRO_T014228, Cro001G.1477.1.p1, CrChr1.298, CRO_T140789"
M9H77_06080,"Cro001G.1478.1.p1, CrChr1.299"
M9H77_06083,"CRO_T018386, CRO_T140792"
M9H77_06085,CrChr1.304
M9H77_06087,"CRO_T030106, Cro001G.1484.1.p1, CRO_T140796"
M9H77_06088,CRO_T030105
M9H77_06090,CRO_T001890
M9H77_06106,"CRO_T029766, Cro001G.1489.1.p1, CrChr1.326, CRO_T140819"
M9H77_06107,"CRO_T029767, CRO_T140820"
M9H77_06111,"Cro001G.1501.1.p1, Cro001G.1501.2.p1, CrChr1.333"
M9H77_06117,"CRO_T026925, Cro001G.1499.1.p1, CrChr1.341, CRO_T140835"
M9H77_06121,"CrChr1.346, CRO_T140839"
M9H77_06123,CRO_T000990
M9H77_06124,"CRO_T000988, Cro001G.1506.1.p1, Cro001G.1506.2.p1, CrChr1.348, CRO_T140841"
M9H77_06126,"CRO_T000986, Cro001G.1508.1.p1, CrChr1.350, CRO_T140844"
M9H77_06130,Cro001G.1513.1.p1
M9H77_06131,"Cro001G.1514.1.p1, Cro001G.1514.2.p1, Cro001G.18834.1.p1, Cro001G.18834.2.p1, Cro001G.18834.3.p1, Cro001G.18834.4.p1, Cro001G.18834.5.p1"
M9H77_06134,CRO_T007686
M9H77_06141,"Cro001G.18819.1.p1, CrChr1.368"
M9H77_06142,"Cro001G.18824.1.p1, Cro001G.18824.2.p1"
M9H77_06143,"Cro001G.18818.1.p1, CrChr1.370, CRO_T140862"
M9H77_06146,CRO_T022204
M9H77_06147,"CRO_T022205, Cro001G.18817.1.p1, Cro001G.18817.2.p1, CrChr1.372, CRO_T140864"
M9H77_06150,"CRO_T022210, CRO_T140867"
M9H77_06151,Cro001G.18813.1.p1
M9H77_06153,Cro001G.18811.1.p1
M9H77_06157,"CrChr1.383, CRO_T140875"
M9H77_06165,"CRO_T016478, Cro001G.18800.1.p1, CrChr1.389, CRO_T140882"
M9H77_06169,"CRO_T033362, Cro001G.18795.1.p1, Cro001G.18795.2.p1, Cro001G.18795.3.p1, CrChr1.393, CRO_T140888"
M9H77_06175,CRO_T013777
M9H77_06176,CRO_T013786
M9H77_06179,"CRO_T013785, Cro001G.18774.1.p1, CrChr1.404, CRO_T140895"
M9H77_06193,"CRO_T008320, CRO_T118383"
M9H77_06195,CRO_T006072
M9H77_06210,Cro001G.20019.1.p1
M9H77_06219,"Cro001G.20016.1.p1, CrChr1.435, CRO_T118408"
M9H77_06222,"CRO_T001938, Cro001G.20012.1.p1, Cro001G.20012.2.p1, CrChr1.438, CRO_T118413"
M9H77_06224,"Cro001G.20011.1.p1, CRO_T118415"
M9H77_06226,"CRO_T000212, CrChr1.441"
M9H77_06228,"CRO_T006470, CRO_T118419"
M9H77_06247,"CRO_T025107, Cro001G.20001.1.p1, CRO_T103200"
M9H77_06254,Cro001G.19994.1.p1
M9H77_06255,"CRO_T018988, Cro001G.19995.1.p1, CrChr1.470, CRO_T103185"
M9H77_06259,Cro001G.19993.1.p1
M9H77_06261,Cro001G.19992.1.p1
M9H77_06265,Cro001G.19986.1.p1
M9H77_06266,"Cro001G.19981.1.p1, CrChr1.480"
M9H77_06267,Cro001G.19980.1.p1
M9H77_06276,CRO_T033314
M9H77_06289,"CRO_T013495, CRO_T103152"
M9H77_06293,"CrChr1.495, CRO_T103148"
M9H77_06294,"CRO_T021261, Cro001G.1131.1.p1, CrChr1.496, CRO_T103147"
M9H77_06296,"CRO_T021264, CrChr1.497, CRO_T103146"
M9H77_06303,"CRO_T031703, CrChr1.503, CRO_T103140"
M9H77_06304,"Cro001G.1128.1.p1, Cro001G.1128.2.p1, Cro001G.1128.3.p1, Cro001G.1128.5.p1, CRO_T103139"
M9H77_06309,"CRO_T005436, CRO_T103132"
M9H77_06314,"CRO_T029738, Cro001G.1118.1.p1, Cro001G.1118.2.p1, CrChr1.515, CRO_T103127"
M9H77_06315,"Cro001G.1116.1.p1, CrChr1.517"
M9H77_06316,"CRO_T029736, Cro001G.1115.1.p1, CrChr1.518, CRO_T103125"
M9H77_06318,CRO_T029741
M9H77_06321,"CRO_T008326, CrChr1.526, CRO_T103119"
M9H77_06326,"CRO_T028976, Cro001G.1114.1.p1, CrChr1.533, CRO_T103111"
M9H77_06330,CRO_T033511
M9H77_06331,CRO_T001627
M9H77_06333,"CRO_T013692, CRO_T103103"
M9H77_06334,"CRO_T013691, CrChr1.538, CRO_T103102"
M9H77_06335,"CRO_T024315, CRO_T103101"
M9H77_06337,CRO_T022329
M9H77_06342,CRO_T028800
M9H77_06344,CRO_T103095
M9H77_06346,CRO_T011546
M9H77_06347,CRO_T017359
M9H77_06349,CRO_T033204
M9H77_06350,"Cro001G.14135.1.p1, CRO_T136308"
M9H77_06354,CRO_T002385
M9H77_06356,"CRO_T002384, Cro001G.14130.1.p1, CrChr1.550, CRO_T136314"
M9H77_06360,"CRO_T026749, Cro001G.14134.2.p1, CRO_T136321"
M9H77_06361,"Cro001G.14133.1.p1, CrChr1.557"
M9H77_06365,CRO_T025991
M9H77_06366,CRO_T020474
M9H77_06369,CRO_T023082
M9H77_06370,CRO_T019780
M9H77_06371,CRO_T019781
M9H77_06373,"Cro001G.14124.1.p1, CrChr1.566"
M9H77_06374,CRO_T019343
M9H77_06375,CRO_T136338
M9H77_06377,CRO_T015985
M9H77_06380,CRO_T020246
M9H77_06386,"CRO_T009344, CRO_T136353"
M9H77_06387,"CRO_T007165, CRO_T136356"
M9H77_06388,"CRO_T007166, CRO_T136357"
M9H77_06389,CRO_T004134
M9H77_06394,CRO_T016691
M9H77_06395,CRO_T028460
M9H77_06398,"CRO_T011454, Cro001G.14120.1.p1, CRO_T136365"
M9H77_06401,CRO_T001906
M9H77_06403,"Cro001G.14116.1.p1, CrChr1.586, CRO_T136370"
M9H77_06405,"CRO_T003595, CRO_T136371"
M9H77_06409,"CRO_T001767, CRO_T136377"
M9H77_06410,CRO_T136378
M9H77_06413,"Cro001G.14114.1.p1, CrChr1.595, CRO_T136385"
M9H77_06414,"Cro001G.14112.1.p1, CrChr1.596, CRO_T136386"
M9H77_06415,"CRO_T023713, CRO_T136388"
M9H77_06417,"Cro001G.14110.1.p1, CrChr1.599"
M9H77_06418,"Cro001G.14109.1.p1, CrChr1.600"
M9H77_06419,"CRO_T018506, CrChr1.602, CRO_T136395"
M9H77_06420,CRO_T018507
M9H77_06421,"CRO_T018505, CrChr1.603, CRO_T136396"
M9H77_06422,CRO_T012170
M9H77_06424,"CRO_T003517, CRO_T136400"
M9H77_06425,"CRO_T003516, CrChr1.604, CRO_T136401"
M9H77_06431,"CRO_T005435, Cro001G.14099.1.p1, CrChr1.612, CRO_T136412"
M9H77_06432,CRO_T003627
M9H77_06443,CRO_T015200
M9H77_06444,"Cro001G.14097.1.p1, CRO_T136423"
M9H77_06445,"CRO_T020112, Cro001G.14096.1.p1, CrChr1.620, CRO_T136424"
M9H77_06448,"Cro001G.14095.1.p1, CrChr1.621"
M9H77_06449,CrChr1.622
M9H77_06452,"CRO_T032798, CrChr1.623, CRO_T136427"
M9H77_06453,CRO_T002514
M9H77_06456,CRO_T006373
M9H77_06457,CRO_T006371
M9H77_06458,CRO_T006372
M9H77_06461,CRO_T030166
M9H77_06466,CRO_T012945
M9H77_06467,CRO_T004444
M9H77_06468,CRO_T004445
M9H77_06474,"CRO_T023507, CRO_T115846"
M9H77_06476,"CRO_T008996, Cro001G.1154.1.p1, CrChr1.633, CRO_T115848"
M9H77_06477,"CRO_T025151, CrChr1.635, CRO_T115850"
M9H77_06479,"CRO_T033587, CRO_T115852"
M9H77_06490,"CRO_T019053, CRO_T115864"
M9H77_06491,"Cro001G.1164.1.p1, Cro001G.1164.2.p1, Cro001G.1164.3.p1, Cro001G.1164.4.p1, Cro001G.1164.5.p1, Cro001G.1164.6.p1, Cro001G.1164.7.p1, CRO_T115866"
M9H77_06494,Cro001G.1162.2.p1
M9H77_06495,"CRO_T019226, Cro001G.1163.1.p1, CRO_T115869"
M9H77_06496,"CRO_T019227, Cro001G.1165.1.p1, CRO_T115870"
M9H77_06497,"CRO_T019228, CRO_T115871"
M9H77_06498,CRO_T008921
M9H77_06500,CRO_T029160
M9H77_06502,CRO_T029159
M9H77_06503,CRO_T029162
M9H77_06504,"Cro001G.1167.1.p1, CrChr1.653"
M9H77_06507,"CrChr1.656, CrChr1.657"
M9H77_06508,CRO_T010545
M9H77_06509,CRO_T010542
M9H77_06510,"CRO_T010544, CRO_T117674"
M9H77_06511,"CRO_T010543, CrChr1.659, CRO_T117673"
M9H77_06512,Cro001G.1166.1.p1
M9H77_06513,CRO_T025914
M9H77_06516,"CRO_T030950, CRO_T117667"
M9H77_06521,CRO_T014715
M9H77_06524,"Cro001G.1179.1.p1, Cro001G.1179.2.p1, Cro001G.1179.4.p1, CrChr1.666, CRO_T117652"
M9H77_06530,"CRO_T004272, Cro001G.1182.1.p1, CrChr1.667"
M9H77_06531,CRO_T004273
M9H77_06533,CRO_T031956
M9H77_06538,"Cro001G.1194.1.p1, CrChr1.672"
M9H77_06542,CRO_T003381
M9H77_06545,CRO_T019013
M9H77_06546,"CRO_T019014, CRO_T103216"
M9H77_06549,CRO_T016053
M9H77_06550,CRO_T033726
M9H77_06556,CRO_T028466
M9H77_06560,"CRO_T031829, CRO_T103239"
M9H77_06562,"Cro001G.1185.1.p1, CrChr1.694, CRO_T103242"
M9H77_06563,CRO_T016344
M9H77_06564,"CRO_T016345, Cro001G.1187.1.p1, Cro001G.8332.1.p1, Cro001G.8332.3.p1, CrChr1.696, CrChr1.2567, CrChr1.2568"
M9H77_06565,CRO_T005935
M9H77_06567,CRO_T006795
M9H77_06570,CRO_T016794
M9H77_06574,"CRO_T017585, CRO_T103251"
M9H77_06575,"CRO_T017584, Cro001G.1197.1.p1, CRO_T103252"
M9H77_06576,"CRO_T018648, CrChr1.705, CRO_T103253"
M9H77_06577,CRO_T018649
M9H77_06579,CRO_T012822
M9H77_06580,"CRO_T012821, CRO_T103259"
M9H77_06586,"CRO_T019641, Cro001G.1201.1.p1, CrChr1.710, CRO_T103264"
M9H77_06587,CRO_T025282
M9H77_06589,"Cro001G.1205.1.p1, CrChr1.713"
M9H77_06591,"CRO_T005954, CrChr1.714, CRO_T103274"
M9H77_06597,"CRO_T010792, CRO_T103280"
M9H77_06598,CRO_T016556
M9H77_06604,"CRO_T007010, CRO_T103288"
M9H77_06614,"Cro001G.1206.1.p1, CrChr1.728, CRO_T104842"
M9H77_06620,CRO_T029028
M9H77_06621,CRO_T031175
M9H77_06624,"CRO_T029507, CRO_T104854"
M9H77_06626,"CRO_T001479, CRO_T104857"
M9H77_06631,"Cro001G.1215.1.p1, Cro001G.1215.2.p1, Cro001G.1215.5.p1, CrChr1.742"
M9H77_06632,"CRO_T014482, Cro001G.1216.1.p1, CrChr1.744, CRO_T104863"
M9H77_06633,"CRO_T020093, Cro001G.1217.1.p1, CrChr1.745, CRO_T104864"
M9H77_06635,"Cro001G.1219.1.p1, CrChr1.747"
M9H77_06642,"CRO_T028445, CRO_T104875"
M9H77_06643,"CRO_T028446, CRO_T104876"
M9H77_06659,CRO_T006483
M9H77_06660,CRO_T016450
M9H77_06662,CRO_T005823
M9H77_06663,"CRO_T012793, CRO_T104899"
M9H77_06664,CRO_T006590
M9H77_06666,"Cro001G.1228.1.p1, Cro001G.1228.2.p1, Cro001G.1228.3.p1"
M9H77_06670,"CRO_T027604, Cro001G.1230.1.p1, CrChr1.774, CRO_T104905"
M9H77_06672,"CrChr1.776, CRO_T104906"
M9H77_06675,"CRO_T015550, Cro001G.1231.1.p1, CRO_T104908"
M9H77_06678,Cro001G.1233.1.p1
M9H77_06691,CRO_T014570
M9H77_06693,CRO_T013736
M9H77_06695,CRO_T009726
M9H77_06716,"Cro001G.1239.1.p2, CrChr1.802"
M9H77_06717,CRO_T019645
M9H77_06722,"CRO_T027922, Cro001G.1242.1.p1, CrChr1.807"
M9H77_06723,Cro001G.1243.1.p1
M9H77_06724,CRO_T027924
M9H77_06725,CrChr1.809
M9H77_06731,CRO_T023334
M9H77_06732,CRO_T012587
M9H77_06740,CrChr1.818
M9H77_06743,"CRO_T030064, CRO_T138196"
M9H77_06749,"CRO_T020128, Cro001G.1249.1.p1, CRO_T138204"
M9H77_06750,"CRO_T020129, Cro001G.1251.1.p1, CrChr1.826, CRO_T138205"
M9H77_06752,"CRO_T001082, CRO_T138206"
M9H77_06763,CRO_T020806
M9H77_06765,"CRO_T001628, Cro001G.1257.1.p1, CrChr1.834, CRO_T138218"
M9H77_06767,Cro001G.1258.1.p1
M9H77_06768,CRO_T015737
M9H77_06777,"CRO_T013956, Cro001G.1261.1.p1, CrChr1.840, CRO_T138233"
M9H77_06778,CRO_T013958
M9H77_06786,CRO_T012357
M9H77_06787,CRO_T000563
M9H77_06790,CRO_T020248
M9H77_06791,CRO_T007602
M9H77_06792,"CRO_T007601, CRO_T138249"
M9H77_06793,"CRO_T008653, CRO_T138250"
M9H77_06795,"CRO_T026681, CRO_T118366"
M9H77_06799,CRO_T004263
M9H77_06800,"CRO_T025082, CRO_T118363"
M9H77_06801,CRO_T019276
M9H77_06810,"Cro001G.1269.1.p1, CrChr1.853, CRO_T118355"
M9H77_06813,CrChr1.856
M9H77_06815,CRO_T016706
M9H77_06818,"CRO_T027344, CRO_T133326"
M9H77_06819,CRO_T027343
M9H77_06821,"CRO_T024681, CRO_T133323"
M9H77_06822,CRO_T004787
M9H77_06825,CRO_T011558
M9H77_06827,"CRO_T002721, CRO_T133313"
M9H77_06833,"CRO_T028172, CRO_T133305"
M9H77_06842,CRO_T011165
M9H77_06845,CRO_T019178
M9H77_06848,CRO_T024021
M9H77_06852,"CRO_T018545, CRO_T133291"
M9H77_06854,CRO_T032757
M9H77_06855,"Cro001G.15493.1.p1, Cro001G.15493.2.p1"
M9H77_06857,"CRO_T019603, CRO_T133284"
M9H77_06858,"Cro001G.15487.1.p1, Cro001G.15487.3.p1, CRO_T133283"
M9H77_06862,CRO_T033100
M9H77_06865,CRO_T024560
M9H77_06866,CRO_T009069
M9H77_06869,"CRO_T031693, CrChr1.887, CRO_T133267"
M9H77_06880,CRO_T015659
M9H77_06882,CRO_T010273
M9H77_06883,CRO_T010274
M9H77_06884,"CRO_T010272, CRO_T133251"
M9H77_06886,CRO_T033716
M9H77_06890,CRO_T017034
M9H77_06891,CRO_T003794
M9H77_06896,"CRO_T020609, Cro001G.15471.1.p1, Cro001G.15471.2.p1, Cro001G.15471.3.p1, Cro001G.15471.4.p1, Cro001G.15471.5.p1, Cro001G.15471.6.p1, CrChr1.903, CRO_T133237"
M9H77_06897,"CRO_T020610, CRO_T133236"
M9H77_06898,"Cro001G.15470.1.p1, CrChr1.907, CRO_T133234"
M9H77_06901,"CRO_T006711, CRO_T133230"
M9H77_06902,CRO_T006710
M9H77_06908,"CRO_T013856, CRO_T133223"
M9H77_06909,CRO_T013857
M9H77_06914,CRO_T011053
M9H77_06916,CRO_T018112
M9H77_06918,"CRO_T030571, CRO_T133207"
M9H77_06919,CRO_T030570
M9H77_06929,"CRO_T000652, CRO_T133194"
M9H77_06930,"Cro001G.15455.1.p1, CrChr1.924"
M9H77_06935,"CRO_T025153, CRO_T118517"
M9H77_06936,CRO_T025152
M9H77_06937,CRO_T017435
M9H77_06938,"CRO_T014984, CRO_T118513"
M9H77_06939,"Cro001G.15453.1.p1, Cro001G.15453.2.p1, Cro001G.15453.4.p1, CrChr1.930"
M9H77_06941,CRO_T018694
M9H77_06942,CRO_T018693
M9H77_06945,"CRO_T023041, CRO_T118507"
M9H77_06947,"CRO_T023521, CRO_T118505"
M9H77_06948,CRO_T023522
M9H77_06950,"CRO_T026480, Cro001G.15451.1.p1, CrChr1.937"
M9H77_06951,CRO_T029949
M9H77_06953,"CRO_T031162, CRO_T118497"
M9H77_06954,CRO_T031163
M9H77_06956,"CRO_T022049, CRO_T118494"
M9H77_06957,CRO_T026282
M9H77_06959,CRO_T003246
M9H77_06963,CRO_T031498
M9H77_06966,CRO_T014293
M9H77_06967,"CRO_T014294, CRO_T118486"
M9H77_06968,"CRO_T014295, CRO_T118485"
M9H77_06970,"CRO_T019979, CRO_T118483"
M9H77_06971,CRO_T013256
M9H77_06973,CRO_T013255
M9H77_06974,CRO_T001882
M9H77_06976,"Cro001G.15452.1.p1, Cro001G.15452.2.p1, Cro001G.15452.3.p1, Cro001G.15452.5.p1, CrChr1.953"
M9H77_06977,"CRO_T015720, CRO_T118472"
M9H77_06985,CRO_T028386
M9H77_06987,"CRO_T024969, Cro001G.15443.1.p1, Cro001G.15443.2.p1, CrChr1.967, CRO_T118444"
M9H77_06988,"CRO_T024966, Cro001G.15444.1.p1, CrChr1.966, CRO_T118445"
M9H77_06989,"Cro001G.15445.1.p1, Cro001G.15445.2.p1, CrChr1.965"
M9H77_06990,"CRO_T024971, CRO_T118448"
M9H77_06991,"CRO_T024967, CRO_T118449"
M9H77_06992,"CRO_T024970, CRO_T118450"
M9H77_06993,Cro001G.15437.1.p1
M9H77_06994,CRO_T012673
M9H77_06995,CRO_T012675
M9H77_06996,CRO_T012676
M9H77_06997,CRO_T012674
M9H77_06999,CRO_T018985
M9H77_07003,CRO_T001359
M9H77_07004,"Cro001G.15447.1.p1, CrChr1.960"
M9H77_07005,"CRO_T023120, CRO_T118462"
M9H77_07006,"CRO_T007524, CRO_T118463"
M9H77_07007,CRO_T007523
M9H77_07010,CRO_T118431
M9H77_07011,CRO_T014767
M9H77_07015,CRO_T000619
M9H77_07018,CRO_T000617
M9H77_07020,"CRO_T004576, CRO_T120958"
M9H77_07022,"CRO_T021898, CRO_T120956"
M9H77_07024,"CRO_T019162, CrChr1.1000, CRO_T120954"
M9H77_07025,"CRO_T019163, CRO_T120953"
M9H77_07027,CRO_T026924
M9H77_07029,"CRO_T022118, CRO_T120949"
M9H77_07032,CRO_T020631
M9H77_07035,"CRO_T020630, CRO_T120943"
M9H77_07036,"CRO_T025683, CRO_T030951, CRO_T020629"
M9H77_07037,"CRO_T025683, CRO_T030951, CRO_T020629"
M9H77_07039,CRO_T005169
M9H77_07040,CRO_T006149
M9H77_07041,CRO_T006149
M9H77_07042,CRO_T006149
M9H77_07043,CRO_T017439
M9H77_07053,CRO_T003827
M9H77_07060,CRO_T022321
M9H77_07072,Cro001G.15408.2.p1
M9H77_07074,"CRO_T026469, Cro001G.15402.1.p1, Cro001G.15402.2.p1, Cro001G.15402.3.p1, Cro001G.15402.4.p1, CrChr1.1030, CRO_T126376"
M9H77_07080,"CRO_T001648, Cro001G.15399.1.p1, CrChr1.1040, CRO_T126355"
M9H77_07089,"CRO_T018274, Cro001G.15395.1.p1, CrChr1.1045, CRO_T126348"
M9H77_07090,"CRO_T018275, CRO_T126347"
M9H77_07097,"CRO_T027279, CRO_T126342"
M9H77_07098,"CRO_T027278, CRO_T126341"
M9H77_07103,"Cro001G.15390.1.p1, Cro001G.15390.2.p1"
M9H77_07105,"CRO_T008330, CRO_T126329"
M9H77_07111,"CRO_T002146, Cro001G.15386.1.p1, Cro001G.15387.1.p1, CRO_T126324"
M9H77_07112,CRO_T006677
M9H77_07115,CRO_T028293
M9H77_07126,CRO_T009200
M9H77_07129,"Cro001G.15383.1.p1, CrChr1.1066"
M9H77_07132,"CRO_T033476, CRO_T126301"
M9H77_07134,"CRO_T012161, CRO_T126297"
M9H77_07137,"CRO_T000920, CRO_T126293"
M9H77_07145,"CRO_T013603, CRO_T126277"
M9H77_07148,CRO_T003819
M9H77_07149,Cro001G.15379.1.p1
M9H77_07150,"CRO_T003817, Cro001G.15378.1.p1, CrChr1.1085, CRO_T126268"
M9H77_07151,CRO_T008279
M9H77_07152,CRO_T008278
M9H77_07156,CRO_T014752
M9H77_07158,CRO_T014750
M9H77_07166,"CRO_T019982, Cro001G.15372.1.p1, CrChr1.1092, CRO_T126246"
M9H77_07167,"CRO_T019981, CrChr1.1093, CRO_T126245"
M9H77_07183,CRO_T006525
M9H77_07189,"CRO_T007279, Cro001G.15365.1.p1, CRO_T126225"
M9H77_07191,CRO_T007280
M9H77_07196,CRO_T023786
M9H77_07199,Cro001G.15361.2.p1
M9H77_07200,"CRO_T027162, CrChr1.1117, CRO_T126215"
M9H77_07205,CRO_T023868
M9H77_07207,"CRO_T004258, CRO_T126207"
M9H77_07209,CRO_T008677
M9H77_07210,"CRO_T008679, CRO_T126204"
M9H77_07211,"CRO_T008675, CRO_T126203"
M9H77_07212,CRO_T008676
M9H77_07213,"CRO_T008678, CRO_T126201"
M9H77_07217,CRO_T002255
M9H77_07219,Cro001G.15359.1.p1
M9H77_07221,"CRO_T021725, Cro001G.15358.1.p1, CrChr1.1123, CRO_T126192"
M9H77_07222,CRO_T021728
M9H77_07223,Cro001G.15356.1.p1
M9H77_07224,"CRO_T021723, Cro001G.15353.1.p1, CrChr1.1126, CRO_T126189"
M9H77_07225,"CRO_T021727, CRO_T031587, CrChr1.1127, CRO_T126188"
M9H77_07226,CRO_T030613
M9H77_07231,"CRO_T031637, Cro001G.15349.1.p1, CrChr1.1136, CRO_T126181"
M9H77_07232,Cro001G.15350.1.p1
M9H77_07234,CRO_T033168
M9H77_07237,CRO_T030578
M9H77_07240,"Cro001G.15347.1.p1, CrChr1.1141"
M9H77_07253,CRO_T003480
M9H77_07257,CRO_T126162
M9H77_07258,"CRO_T029587, CrChr1.1154, CRO_T126157"
M9H77_07259,"CRO_T018249, CRO_T126156"
M9H77_07268,"CRO_T006389, CRO_T126153"
M9H77_07273,"Cro001G.15334.1.p1, CrChr1.1162, CRO_T126148"
M9H77_07276,"CRO_T024992, CRO_T126145"
M9H77_07292,CRO_T014400
M9H77_07304,"CRO_T011102, CRO_T126113"
M9H77_07305,"Cro001G.10258.1.p1, Cro001G.15327.1.p1, CrChr1.1185, CRO_T116031, CRO_T126112"
M9H77_07306,"CRO_T003438, CRO_T126111"
M9H77_07307,"CRO_T003439, CRO_T126110"
M9H77_07308,CRO_T006420
M9H77_07310,CRO_T025612
M9H77_07311,"Cro001G.15323.1.p1, CrChr1.1189"
M9H77_07313,"CRO_T006501, Cro001G.15318.1.p1, Cro001G.15318.2.p1, Cro001G.15318.4.p1, Cro001G.15318.6.p1, CrChr1.1193, CRO_T126097"
M9H77_07315,"CRO_T023252, Cro001G.15314.1.p1, Cro001G.15314.2.p1, CrChr1.1196, CRO_T126094"
M9H77_07316,CRO_T026504
M9H77_07317,"CRO_T026503, CRO_T126091"
M9H77_07318,CRO_T026502
M9H77_07319,CRO_T029711
M9H77_07325,CRO_T002364
M9H77_07329,CRO_T002365
M9H77_07330,"CRO_T002369, CRO_T126086"
M9H77_07331,CRO_T002363
M9H77_07332,"CRO_T032790, CRO_T126082"
M9H77_07333,"CrChr1.1203, CRO_T126080"
M9H77_07335,"Cro001G.15315.5.p1, CrChr1.1206"
M9H77_07336,CRO_T022096
M9H77_07339,"CRO_T027982, CRO_T126071"
M9H77_07349,"Cro001G.15312.1.p1, Cro001G.15312.2.p1, Cro001G.15312.3.p1"
M9H77_07352,"CRO_T004193, CRO_T126050"
M9H77_07356,CRO_T025917
M9H77_07358,CRO_T008088
M9H77_07359,CRO_T008086
M9H77_07361,Cro001G.15310.1.p1
M9H77_07362,"Cro001G.15309.1.p1, CrChr1.1218"
M9H77_07363,"CRO_T023740, CRO_T126039"
M9H77_07364,CRO_T002026
M9H77_07365,"Cro001G.15308.1.p1, CrChr1.1220"
M9H77_07366,CRO_T002025
M9H77_07367,CRO_T002024
M9H77_07368,"CRO_T002027, CRO_T126033"
M9H77_07371,"Cro001G.15307.1.p1, Cro001G.15307.2.p1, Cro001G.15307.3.p1, CrChr1.1223"
M9H77_07372,CRO_T009786
M9H77_07373,"CRO_T009784, CRO_T126028"
M9H77_07379,"CRO_T022051, CRO_T126021"
M9H77_07381,CRO_T009838
M9H77_07382,CRO_T006114
M9H77_07383,"Cro001G.15300.1.p1, CrChr1.1230"
M9H77_07386,"CRO_T024676, Cro001G.15299.1.p1, Cro001G.15299.2.p1, Cro001G.15299.4.p1, CRO_T126009"
M9H77_07387,CRO_T024677
M9H77_07389,CRO_T026099
M9H77_07393,CRO_T004891
M9H77_07394,CRO_T016654
M9H77_07398,CRO_T008781
M9H77_07399,"CRO_T008779, CRO_T112488"
M9H77_07400,"CRO_T008780, CRO_T112487"
M9H77_07402,"Cro001G.15293.1.p1, CRO_T112485"
M9H77_07408,"CRO_T027958, Cro001G.15289.1.p1, CrChr1.1252, CRO_T112480"
M9H77_07409,"CRO_T027956, CRO_T112478"
M9H77_07411,CRO_T027965
M9H77_07412,CRO_T027959
M9H77_07413,CRO_T027960
M9H77_07416,"CRO_T027963, CRO_T112472"
M9H77_07417,CRO_T008621
M9H77_07418,CRO_T005291
M9H77_07421,"Cro001G.15290.1.p1, Cro001G.15290.2.p1, Cro001G.15290.3.p1, Cro001G.15290.4.p1, Cro001G.15290.5.p1"
M9H77_07423,"CRO_T017148, Cro001G.15281.1.p1, CrChr1.1262, CRO_T112466"
M9H77_07424,"CRO_T002715, CRO_T112465"
M9H77_07428,CRO_T018682
M9H77_07429,CRO_T018683
M9H77_07430,"CRO_T018681, CRO_T112462"
M9H77_07432,"CRO_T012035, CRO_T112457"
M9H77_07434,CRO_T027350
M9H77_07435,"Cro001G.15277.1.p1, Cro001G.15277.3.p1, CrChr1.1268"
M9H77_07436,"Cro001G.15278.1.p1, CrChr1.1269"
M9H77_07441,CRO_T001119
M9H77_07442,"CRO_T020109, CRO_T112448"
M9H77_07445,CRO_T016014
M9H77_07446,CRO_T016012
M9H77_07447,CRO_T016014
M9H77_07450,"CRO_T032833, CRO_T126649"
M9H77_07452,"CRO_T018573, Cro001G.15274.1.p1, CRO_T126646"
M9H77_07456,Cro001G.15271.1.p1
M9H77_07457,CRO_T008197
M9H77_07461,CRO_T029580
M9H77_07462,"Cro001G.15270.1.p1, CrChr1.1282"
M9H77_07463,CRO_T004910
M9H77_07464,CRO_T017075
M9H77_07466,"CRO_T015691, CRO_T132887"
M9H77_07471,CRO_T010311
M9H77_07472,CRO_T010310
M9H77_07473,CRO_T033300
M9H77_07474,CRO_T000332
M9H77_07475,CRO_T000333
M9H77_07477,"CRO_T001011, CRO_T132879"
M9H77_07479,"CRO_T001008, Cro001G.15266.3.p1, CRO_T132877"
M9H77_07480,CRO_T001010
M9H77_07485,CRO_T011799
M9H77_07489,CRO_T028129
M9H77_07490,CRO_T001659
M9H77_07491,"CRO_T021431, CRO_T132870"
M9H77_07492,CRO_T021432
M9H77_07493,CRO_T009258
M9H77_07494,"CRO_T027510, CRO_T132863"
M9H77_07495,"CRO_T027511, CRO_T132861"
M9H77_07498,CRO_T015729
M9H77_07499,"CRO_T021948, CRO_T132854"
M9H77_07502,"CRO_T019989, Cro001G.15264.1.p1, CrChr1.1309"
M9H77_07505,"CRO_T001485, CRO_T132847"
M9H77_07506,Cro001G.15262.1.p1
M9H77_07511,CRO_T025035
M9H77_07514,CRO_T024306
M9H77_07515,CRO_T012489
M9H77_07519,"CRO_T003987, CRO_T132812"
M9H77_07520,Cro001G.15252.1.p1
M9H77_07521,CRO_T004086
M9H77_07522,"CRO_T016694, CRO_T132808"
M9H77_07523,CRO_T016695
M9H77_07524,"Cro001G.15251.1.p1, Cro001G.15251.2.p1, Cro001G.15251.3.p1, CrChr1.1331, CRO_T132805"
M9H77_07525,"CRO_T022089, CRO_T132803"
M9H77_07526,CRO_T022088
M9H77_07527,CRO_T022086
M9H77_07530,"CRO_T006159, CrChr1.1339"
M9H77_07531,CRO_T009720
M9H77_07534,"CRO_T033026, Cro001G.15238.1.p1, CrChr1.1341, CRO_T132791"
M9H77_07537,CRO_T007830
M9H77_07538,"CRO_T031731, CRO_T132788"
M9H77_07539,CRO_T007095
M9H77_07542,"CRO_T010820, CRO_T132785"
M9H77_07544,"CRO_T031254, Cro001G.15236.1.p1, CrChr1.1347, CRO_T132782"
M9H77_07547,CRO_T031256
M9H77_07551,"CRO_T024783, CRO_T132778"
M9H77_07552,CRO_T002645
M9H77_07554,"CRO_T002644, CRO_T132776"
M9H77_07555,CRO_T002646
M9H77_07556,CRO_T002643
M9H77_07558,CRO_T028969
M9H77_07561,"CRO_T030880, CRO_T132770"
M9H77_07562,CRO_T028393
M9H77_07564,CRO_T028394
M9H77_07565,"CRO_T028392, Cro001G.15234.1.p1, CrChr1.1358, CRO_T132767"
M9H77_07567,CRO_T004335
M9H77_07569,CRO_T033069
M9H77_07571,CRO_T033070
M9H77_07572,CRO_T033068
M9H77_07573,CRO_T033067
M9H77_07575,"CRO_T033742, CRO_T132756"
M9H77_07577,"Cro001G.15245.1.p1, CrChr1.1364"
M9H77_07578,"CRO_T000694, CRO_T132754"
M9H77_07581,"CRO_T005649, CRO_T132748"
M9H77_07582,CRO_T005651
M9H77_07587,CRO_T032447
M9H77_07588,CRO_T032448
M9H77_07590,CRO_T027673
M9H77_07594,CRO_T032588
M9H77_07598,CRO_T000993
M9H77_07600,CRO_T003910
M9H77_07602,"CRO_T011112, CRO_T132728"
M9H77_07603,"CRO_T022435, CRO_T132726"
M9H77_07604,CRO_T022954
M9H77_07606,CRO_T022952
M9H77_07607,"Cro001G.15227.1.p1, Cro001G.15227.2.p1, CrChr1.1386"
M9H77_07611,CRO_T028131
M9H77_07613,CRO_T002250
M9H77_07615,CRO_T014203
M9H77_07617,CRO_T014205
M9H77_07619,"CRO_T014209, CRO_T132701"
M9H77_07621,CRO_T033666
M9H77_07622,CRO_T033668
M9H77_07623,"Cro001G.15228.4.p1, Cro001G.15228.6.p1, Cro001G.15228.7.p1, Cro001G.15228.8.p1, Cro001G.15228.9.p1"
M9H77_07629,"CRO_T020020, Cro001G.15222.1.p1, CRO_T132689"
M9H77_07630,CRO_T020019
M9H77_07631,CRO_T020022
M9H77_07632,"CRO_T020021, CRO_T132687"
M9H77_07635,"CRO_T001311, CRO_T132683"
M9H77_07636,"Cro001G.15221.1.p1, CrChr1.1397"
M9H77_07638,CRO_T005926
M9H77_07641,CRO_T010035
M9H77_07643,CRO_T015942
M9H77_07644,CRO_T015941
M9H77_07648,CRO_T005577
M9H77_07649,"CRO_T030139, CrChr1.1405, CRO_T132670"
M9H77_07650,CRO_T021195
M9H77_07652,CRO_T016270
M9H77_07653,"CRO_T016272, CRO_T132668"
M9H77_07658,CRO_T017856
M9H77_07659,CRO_T017857
M9H77_07660,CRO_T033702
M9H77_07661,CRO_T033699
M9H77_07662,CRO_T033701
M9H77_07664,CRO_T033700
M9H77_07668,Cro001G.15209.1.p1
M9H77_07669,"CRO_T028880, Cro001G.15206.1.p1, CrChr1.1416, CRO_T132651"
M9H77_07673,CRO_T012415
M9H77_07682,CRO_T031477
M9H77_07684,Cro001G.15202.1.p1
M9H77_07687,Cro001G.15200.1.p1
M9H77_07688,"Cro001G.15197.1.p1, CrChr1.1432, CRO_T132628"
M9H77_07690,"CRO_T000307, Cro001G.15195.1.p1, CrChr1.1433, CRO_T132625"
M9H77_07691,"CRO_T025155, CRO_T132620"
M9H77_07692,"Cro001G.15190.1.p1, CrChr1.1437, CRO_T132618"
M9H77_07693,"Cro001G.15188.1.p1, CrChr1.1438, CRO_T132617"
M9H77_07695,CRO_T023357
M9H77_07699,"Cro001G.15196.1.p1, Cro001G.15196.10.p1, Cro001G.15196.12.p1, Cro001G.15196.14.p1, Cro001G.15196.17.p1, Cro001G.15196.2.p1, Cro001G.15196.4.p1, Cro001G.15196.8.p1, CrChr1.1444, CRO_T132608"
M9H77_07705,"CRO_T010077, CRO_T132597"
M9H77_07708,"CRO_T033102, CRO_T132594"
M9H77_07709,CRO_T006996
M9H77_07710,CRO_T003677
M9H77_07713,CRO_T031612
M9H77_07715,"CRO_T031611, CRO_T132583"
M9H77_07716,CRO_T031609
M9H77_07717,"CRO_T031610, CRO_T132581"
M9H77_07720,CRO_T005516
M9H77_07721,CRO_T005517
M9H77_07722,Cro001G.15183.1.p1
M9H77_07723,CRO_T015745
M9H77_07724,"CRO_T015746, CRO_T132572"
M9H77_07725,"CRO_T015747, CRO_T132571"
M9H77_07726,"CRO_T019676, CRO_T132568"
M9H77_07728,"CRO_T008421, CRO_T132566"
M9H77_07730,CRO_T003331
M9H77_07732,"CRO_T013688, CRO_T132560"
M9H77_07733,"CRO_T013689, CRO_T132559"
M9H77_07735,CRO_T000973
M9H77_07736,CRO_T011873
M9H77_07738,CrChr1.1474
M9H77_07739,"CRO_T026574, CRO_T132548"
M9H77_07741,"CRO_T026575, CRO_T132547"
M9H77_07743,"CRO_T021280, CrChr1.1477, CRO_T132543"
M9H77_07744,"CRO_T004937, Cro001G.15177.1.p1, CRO_T132542"
M9H77_07745,CRO_T004938
M9H77_07746,"CRO_T004940, CRO_T132541"
M9H77_07747,CRO_T004939
M9H77_07749,Cro001G.15175.1.p1
M9H77_07750,CRO_T031478
M9H77_07751,"CRO_T031479, CRO_T132537"
M9H77_07752,CRO_T031480
M9H77_07754,CRO_T003319
M9H77_07755,Cro001G.15173.1.p1
M9H77_07757,"CRO_T015379, CRO_T132531"
M9H77_07758,CRO_T015378
M9H77_07760,CRO_T016337
M9H77_07761,CRO_T013534
M9H77_07764,CRO_T032151
M9H77_07765,CRO_T010327
M9H77_07768,CRO_T033147
M9H77_07769,CRO_T018574
M9H77_07772,"CRO_T018576, Cro001G.15171.1.p1, Cro001G.15171.2.p1"
M9H77_07773,CRO_T018575
M9H77_07774,CRO_T018578
M9H77_07776,CRO_T018027
M9H77_07777,"CRO_T018026, CRO_T132510"
M9H77_07778,CRO_T018025
M9H77_07781,"CRO_T014116, Cro001G.15172.3.p1, CrChr1.1507, CRO_T132500"
M9H77_07782,"CRO_T014117, CRO_T132499"
M9H77_07783,"CRO_T002538, CRO_T132495"
M9H77_07784,CRO_T010548
M9H77_07786,CRO_T009222
M9H77_07787,CRO_T009221
M9H77_07788,CRO_T026281
M9H77_07793,CRO_T018901
M9H77_07794,"Cro001G.15167.1.p1, CrChr1.1518"
M9H77_07795,CRO_T027157
M9H77_07796,Cro001G.15165.1.p1
M9H77_07797,CRO_T020087
M9H77_07798,"CRO_T015288, CrChr1.1521"
M9H77_07799,CRO_T015286
M9H77_07801,"Cro001G.15162.1.p1, CrChr1.1522"
M9H77_07803,CRO_T015285
M9H77_07804,"CRO_T027266, CRO_T121744"
M9H77_07805,CRO_T027267
M9H77_07806,"CRO_T009080, Cro001G.15161.2.p1, Cro001G.15161.4.p1, CrChr1.1524"
M9H77_07807,CRO_T009081
M9H77_07808,CRO_T009082
M9H77_07811,"CRO_T000021, Cro001G.15157.1.p1, CrChr1.1530"
M9H77_07814,CRO_T033505
M9H77_07815,"CRO_T033504, CRO_T121762"
M9H77_07817,CRO_T023042
M9H77_07818,CrChr1.1535
M9H77_07821,CRO_T033606
M9H77_07823,"CRO_T018311, CRO_T121780"
M9H77_07829,"CRO_T013288, Cro001G.15148.1.p1, CrChr1.1546, CRO_T121784"
M9H77_07831,CRO_T011430
M9H77_07832,CRO_T011431
M9H77_07833,CRO_T011432
M9H77_07835,CRO_T028762
M9H77_07836,CRO_T028761
M9H77_07838,CRO_T028763
M9H77_07840,"CRO_T006441, CrChr1.1552, CRO_T121799"
M9H77_07841,"CRO_T010753, CRO_T121800"
M9H77_07842,"CRO_T019061, CRO_T121801"
M9H77_07845,CRO_T026820
M9H77_07846,CRO_T026819
M9H77_07851,CRO_T014757
M9H77_07853,"CRO_T011118, CRO_T121812"
M9H77_07854,"CRO_T011119, Cro001G.15137.1.p1, CRO_T121813"
M9H77_07855,"Cro001G.15135.1.p1, Cro001G.15135.2.p1"
M9H77_07856,CRO_T017040
M9H77_07858,"Cro001G.15133.1.p1, CrChr1.1563"
M9H77_07860,"Cro001G.15132.1.p1, CrChr1.1573, CRO_T121829"
M9H77_07862,CRO_T030465
M9H77_07863,"Cro001G.15131.1.p1, CrChr1.1574, CRO_T121833"
M9H77_07864,CRO_T000639
M9H77_07865,CRO_T000638
M9H77_07866,CRO_T008767
M9H77_07868,CRO_T008766
M9H77_07869,CRO_T018141
M9H77_07872,CRO_T025862
M9H77_07873,"Cro001G.15128.1.p1, Cro001G.15128.2.p1, CrChr1.1579"
M9H77_07874,CRO_T010850
M9H77_07875,"CRO_T032256, CRO_T121849"
M9H77_07876,CRO_T032259
M9H77_07877,CRO_T032258
M9H77_07880,CRO_T004633
M9H77_07881,CRO_T004364
M9H77_07883,CRO_T025333
M9H77_07885,CRO_T022819
M9H77_07886,CRO_T022820
M9H77_07889,CRO_T003427
M9H77_07891,CRO_T004955
M9H77_07894,"CRO_T020018, CRO_T121879"
M9H77_07895,CRO_T024795
M9H77_07896,CRO_T024797
M9H77_07898,CRO_T033758
M9H77_07899,CRO_T000187
M9H77_07900,"CRO_T027770, CRO_T121888"
M9H77_07901,CRO_T006451
M9H77_07907,CRO_T021409
M9H77_07908,CRO_T021410
M9H77_07910,"CRO_T021406, Cro001G.15122.1.p1, Cro001G.15122.10.p1, Cro001G.15122.11.p1, Cro001G.15122.2.p1, Cro001G.15122.3.p1, Cro001G.15122.4.p1, Cro001G.15122.6.p1, Cro001G.15122.7.p1, Cro001G.15122.8.p1, Cro001G.15122.9.p1"
M9H77_07912,CRO_T000013
M9H77_07914,CRO_T021529
M9H77_07916,"CRO_T030482, Cro001G.15121.1.p1, Cro001G.15121.10.p1, Cro001G.15121.2.p1, Cro001G.15121.3.p1, Cro001G.15121.4.p1, Cro001G.15121.5.p1, Cro001G.15121.6.p1, Cro001G.15121.7.p1, Cro001G.15121.8.p1, Cro001G.15121.9.p1"
M9H77_07917,CRO_T030483
M9H77_07918,CRO_T030484
M9H77_07919,"Cro001G.15120.1.p1, Cro001G.15120.2.p1, Cro001G.15120.3.p1, Cro001G.15120.4.p1, Cro001G.15120.5.p1, Cro001G.15120.6.p1, CrChr1.1615"
M9H77_07920,"CRO_T017244, Cro001G.15119.1.p1"
M9H77_07927,"CRO_T018415, Cro001G.15108.1.p1, CRO_T121919"
M9H77_07928,CRO_T021704
M9H77_07929,CRO_T000116
M9H77_07930,"CRO_T026457, CRO_T121927"
M9H77_07933,"CRO_T026456, Cro001G.15109.1.p1, Cro001G.15109.3.p1, Cro001G.15109.6.p1, Cro001G.15109.7.p1, Cro001G.15110.1.p1, Cro001G.15110.2.p1, Cro001G.15110.3.p1, CrChr1.1628, CRO_T121930"
M9H77_07934,"CRO_T026455, Cro001G.15110.2.p2, CrChr1.1629, CRO_T121931"
M9H77_07936,CRO_T030476
M9H77_07939,CRO_T024915
M9H77_07940,"CRO_T029629, Cro001G.15106.1.p1, CrChr1.1634, CRO_T121936"
M9H77_07943,"CRO_T023930, CRO_T121940"
M9H77_07944,"CRO_T023929, CRO_T121941"
M9H77_07947,CRO_T001579
M9H77_07948,"CRO_T001578, CRO_T121944"
M9H77_07949,CrChr1.1641
M9H77_07953,CRO_T003645
M9H77_07954,CRO_T003646
M9H77_07955,Cro001G.15116.1.p1
M9H77_07958,CRO_T022000
M9H77_07960,"CRO_T021996, CRO_T121958"
M9H77_07961,CRO_T021997
M9H77_07962,"Cro001G.15115.1.p1, CrChr1.1650"
M9H77_07965,CRO_T029943
M9H77_07966,CRO_T029944
M9H77_07967,CRO_T004238
M9H77_07969,CRO_T004240
M9H77_07970,CrChr1.1655
M9H77_07971,CRO_T021404
M9H77_07974,CRO_T024165
M9H77_07977,CRO_T003863
M9H77_07979,CRO_T031250
M9H77_07980,"Cro001G.15098.1.p1, CrChr1.1661, CRO_T121989"
M9H77_07984,CRO_T013935
M9H77_07987,CRO_T013937
M9H77_07988,"CRO_T013938, CRO_T121995"
M9H77_07989,CRO_T013936
M9H77_07990,CRO_T018033
M9H77_07994,"CRO_T015908, CRO_T122000"
M9H77_07995,CRO_T003482
M9H77_07996,CRO_T022038
M9H77_07998,CRO_T029753
M9H77_08001,CRO_T031158
M9H77_08003,CRO_T031159
M9H77_08005,"CRO_T031155, CRO_T122011"
M9H77_08006,CRO_T031154
M9H77_08008,CRO_T021040
M9H77_08010,"CRO_T019212, CrChr1.1682, CRO_T122015"
M9H77_08012,CRO_T026520
M9H77_08013,"CRO_T025716, CRO_T122022"
M9H77_08015,CRO_T025715
M9H77_08016,"CRO_T016705, CRO_T122025"
M9H77_08018,CRO_T014177
M9H77_08020,CRO_T006797
M9H77_08022,"CrChr1.1689, CRO_T122030"
M9H77_08025,CRO_T020453
M9H77_08026,CRO_T020452
M9H77_08028,"Cro001G.15089.1.p1, CrChr1.1690"
M9H77_08029,CRO_T006460
M9H77_08032,CRO_T005316
M9H77_08033,CRO_T031415
M9H77_08037,"Cro001G.15088.1.p1, CrChr1.1701"
M9H77_08038,CRO_T017650
M9H77_08039,CRO_T017649
M9H77_08041,CRO_T003229
M9H77_08043,CRO_T020091
M9H77_08044,CRO_T021893
M9H77_08045,CRO_T033436
M9H77_08046,"CRO_T031424, CRO_T122062"
M9H77_08049,CRO_T018435
M9H77_08050,CRO_T030674
M9H77_08054,"CRO_T021687, CRO_T122071"
M9H77_08059,CRO_T029861
M9H77_08062,CRO_T004850
M9H77_08063,CRO_T017944
M9H77_08064,"CRO_T020689, CrChr1.1720, CRO_T122084"
M9H77_08065,"CRO_T020690, CrChr1.1721, CRO_T122085"
M9H77_08066,"Cro001G.15073.1.p1, Cro001G.15073.2.p1, CrChr1.1722"
M9H77_08067,CRO_T010528
M9H77_08068,CRO_T016043
M9H77_08071,CRO_T020762
M9H77_08072,CRO_T032474
M9H77_08077,Cro001G.15065.1.p1
M9H77_08084,"CRO_T030846, CRO_T122108"
M9H77_08086,CRO_T002800
M9H77_08089,CRO_T015149
M9H77_08090,Cro001G.15071.1.p1
M9H77_08091,CRO_T016264
M9H77_08095,Cro001G.15067.2.p1
M9H77_08096,CRO_T013430
M9H77_08097,"Cro001G.15063.1.p1, CrChr1.1745"
M9H77_08099,Cro001G.15059.1.p1
M9H77_08100,"CRO_T028223, CRO_T122126"
M9H77_08101,CrChr1.1748
M9H77_08103,"CRO_T028221, Cro001G.15057.2.p1, Cro001G.15057.3.p1, Cro001G.15057.4.p1, Cro001G.15057.5.p1, CRO_T122129"
M9H77_08107,"Cro001G.15055.1.p1, CrChr1.1755, CRO_T122134"
M9H77_08109,CRO_T005085
M9H77_08111,CRO_T017294
M9H77_08114,"CRO_T002847, Cro001G.15052.1.p1, CrChr1.1758, CRO_T122142"
M9H77_08115,CRO_T002848
M9H77_08118,"CRO_T007700, CRO_T122149"
M9H77_08120,CRO_T011142
M9H77_08123,CRO_T019757
M9H77_08124,CRO_T000255
M9H77_08129,"CRO_T020230, CrChr1.1769, CRO_T122156"
M9H77_08130,Cro001G.15047.1.p1
M9H77_08131,"Cro001G.15044.1.p1, CrChr1.1772"
M9H77_08132,"CRO_T020231, CRO_T122162"
M9H77_08134,CRO_T020234
M9H77_08136,CRO_T020232
M9H77_08137,"CRO_T020227, CRO_T122164"
M9H77_08139,CrChr1.1775
M9H77_08140,"CRO_T001753, CRO_T122172"
M9H77_08141,"CRO_T000644, Cro001G.15042.1.p1, CrChr1.1776, CRO_T122175"
M9H77_08144,Cro001G.15038.1.p1
M9H77_08148,CRO_T008221
M9H77_08149,"CRO_T008223, CRO_T122184"
M9H77_08150,CRO_T008220
M9H77_08153,"CRO_T017066, Cro001G.15037.1.p1, CRO_T122186"
M9H77_08154,CRO_T017067
M9H77_08155,"Cro001G.15035.1.p1, CrChr1.1781"
M9H77_08157,CRO_T017064
M9H77_08161,CRO_T031289
M9H77_08166,"Cro001G.15029.1.p1, CrChr1.1786"
M9H77_08168,"CRO_T000797, CrChr1.1788, CRO_T122204"
M9H77_08170,"CRO_T000995, CrChr1.1790, CRO_T122207"
M9H77_08184,"CRO_T000299, Cro001G.15027.1.p2, Cro001G.15027.2.p2, Cro001G.15027.3.p1, Cro001G.15027.4.p2, Cro001G.15027.6.p1, CrChr1.1798, CRO_T132143"
M9H77_08185,Cro001G.15028.1.p1
M9H77_08188,"CRO_T000295, Cro001G.15023.3.p1, CrChr1.1800, CRO_T132147"
M9H77_08189,"CRO_T026775, CRO_T132148"
M9H77_08190,"Cro001G.15021.1.p1, CrChr1.1801"
M9H77_08196,"CRO_T022569, CRO_T132154"
M9H77_08197,"CRO_T013955, CRO_T132155"
M9H77_08199,CRO_T025106
M9H77_08203,"Cro001G.15019.1.p1, CrChr1.1810"
M9H77_08205,CRO_T020722
M9H77_08207,CrChr1.1817
M9H77_08208,CRO_T033098
M9H77_08209,CRO_T033099
M9H77_08213,CrChr1.1820
M9H77_08221,"Cro001G.15006.1.p1, CrChr1.1823, CRO_T132182"
M9H77_08222,CrChr1.1824
M9H77_08224,CRO_T008463
M9H77_08226,CRO_T030080
M9H77_08228,"CRO_T030078, CRO_T132189"
M9H77_08229,CRO_T030079
M9H77_08230,"Cro001G.15005.1.p1, CrChr1.1832, CRO_T132191"
M9H77_08231,"CRO_T003971, CRO_T132192"
M9H77_08235,CRO_T005086
M9H77_08239,CRO_T033641
M9H77_08240,CRO_T033640
M9H77_08241,CRO_T033642
M9H77_08244,"CRO_T022851, Cro001G.14996.1.p1, Cro001G.14996.2.p1, CrChr1.1838, CRO_T132201"
M9H77_08245,"CRO_T022850, Cro001G.14995.1.p1, CrChr1.1839, CRO_T132203"
M9H77_08246,Cro001G.14987.1.p1
M9H77_08247,"CRO_T013265, CRO_T132204"
M9H77_08253,CRO_T029616
M9H77_08254,CRO_T029617
M9H77_08257,CRO_T015926
M9H77_08259,CRO_T017233
M9H77_08265,"CRO_T014955, CRO_T132228"
M9H77_08267,"CRO_T017189, CRO_T132231"
M9H77_08270,"Cro001G.14991.1.p1, Cro001G.14991.2.p1, CrChr1.1849"
M9H77_08273,"Cro001G.14990.1.p1, Cro001G.14990.2.p1, Cro001G.14990.5.p1"
M9H77_08282,"Cro001G.14983.1.p1, CrChr1.1855"
M9H77_08287,CRO_T020157
M9H77_08291,"CRO_T024269, Cro001G.14972.1.p1, Cro001G.14972.2.p1, Cro001G.14972.3.p1, CrChr1.1860"
M9H77_08299,CRO_T011902
M9H77_08302,Cro001G.14977.5.p2
M9H77_08303,"CRO_T011906, CRO_T132255"
M9H77_08307,"CRO_T032616, CRO_T132257"
M9H77_08308,"CRO_T032615, Cro001G.14966.1.p1, CrChr1.1868"
M9H77_08320,"CRO_T029075, CRO_T132276"
M9H77_08325,"CRO_T025584, CRO_T132282"
M9H77_08328,"CRO_T020624, Cro001G.14953.1.p1, CRO_T132286"
M9H77_08334,"CRO_T000303, CrChr1.1900, CRO_T132294"
M9H77_08343,CRO_T015328
M9H77_08345,CRO_T032586
M9H77_08351,CRO_T000992
M9H77_08376,CRO_T031193
M9H77_08382,"Cro001G.5304.1.p1, Cro001G.5304.2.p1"
M9H77_08384,CRO_T014997
M9H77_08386,CRO_T025457
M9H77_08391,CrChr1.1926
M9H77_08397,"CRO_T006857, Cro001G.5309.1.p1, CrChr1.1927, CRO_T112543"
M9H77_08398,"CRO_T006856, CRO_T112542"
M9H77_08400,"CRO_T006858, CRO_T112539"
M9H77_08401,CRO_T028581
M9H77_08407,"Cro001G.5316.1.p1, Cro001G.5316.2.p1"
M9H77_08408,"CRO_T021151, CRO_T112527"
M9H77_08410,"CRO_T021153, CRO_T112524"
M9H77_08412,"CRO_T008916, Cro001G.5317.1.p1, CrChr1.1940, CRO_T112520"
M9H77_08413,CrChr1.1941
M9H77_08414,CrChr1.1942
M9H77_08416,"Cro001G.5320.1.p1, Cro001G.5320.2.p1, Cro001G.5320.3.p1"
M9H77_08418,CrChr1.1946
M9H77_08422,"CRO_T006734, Cro001G.5321.1.p1, CrChr1.1950, CRO_T112511"
M9H77_08426,Cro001G.5322.1.p1
M9H77_08428,"Cro001G.5328.1.p1, Cro001G.5328.3.p1, Cro001G.5328.4.p1, CrChr1.1954"
M9H77_08429,"CRO_T004762, CRO_T112503"
M9H77_08432,"CRO_T025351, Cro001G.5324.1.p1, CRO_T112498"
M9H77_08433,CRO_T025350
M9H77_08437,CRO_T023302
M9H77_08441,CRO_T021365
M9H77_08442,"Cro001G.5335.1.p1, Cro001G.5335.4.p1, Cro001G.5335.5.p1, CrChr1.1965"
M9H77_08443,"Cro001G.5336.1.p1, Cro001G.5336.2.p1, Cro001G.5336.3.p1, CrChr1.1966"
M9H77_08446,"CRO_T009959, CrChr1.1967"
M9H77_08448,CRO_T022673
M9H77_08449,CRO_T005177
M9H77_08451,"CRO_T005178, CRO_T114868"
M9H77_08453,CRO_T002822
M9H77_08455,CRO_T014796
M9H77_08464,CRO_T011979
M9H77_08465,CRO_T021684
M9H77_08470,"CRO_T019086, Cro001G.5339.1.p1, CrChr1.1985, CRO_T130316"
M9H77_08471,"Cro001G.5340.1.p1, CrChr1.1987, CRO_T130317"
M9H77_08477,CrChr1.1996
M9H77_08479,CRO_T032533
M9H77_08480,CRO_T006550
M9H77_08488,"CRO_T017112, Cro001G.5342.1.p1, CrChr1.2004, CRO_T130344"
M9H77_08492,"Cro001G.5344.3.p1, CRO_T130349"
M9H77_08493,"Cro001G.5347.1.p1, CrChr1.2010, CRO_T130350"
M9H77_08496,"Cro001G.5346.1.p1, CrChr1.2011, CRO_T130353"
M9H77_08497,"Cro001G.5351.1.p1, Cro001G.5351.10.p1, Cro001G.5351.11.p1, Cro001G.5351.2.p1, Cro001G.5351.3.p1, Cro001G.5351.4.p1, Cro001G.5351.5.p1, Cro001G.5351.6.p1, Cro001G.5351.7.p1, Cro001G.5351.8.p1, Cro001G.5351.9.p1"
M9H77_08500,"Cro001G.5354.1.p1, Cro001G.5354.2.p1, Cro001G.5354.3.p1, Cro001G.5354.4.p1, Cro001G.5354.5.p1, Cro001G.5354.6.p1, Cro001G.5354.7.p2, Cro001G.5354.8.p1"
M9H77_08502,"Cro001G.5348.1.p1, Cro001G.5348.2.p1, CRO_T130367"
M9H77_08506,Cro001G.5350.3.p1
M9H77_08509,"CRO_T006003, Cro001G.5349.1.p1, CrChr1.2021, CRO_T130372"
M9H77_08511,CRO_T006004
M9H77_08514,"CRO_T014211, Cro001G.5357.1.p1, CrChr1.2024, CRO_T130379"
M9H77_08517,CRO_T014215
M9H77_08519,CRO_T014214
M9H77_08522,CrChr1.2026
M9H77_08523,CrChr1.2027
M9H77_08524,"Cro001G.5361.1.p1, CrChr1.2028"
M9H77_08525,"CRO_T022750, CRO_T130385"
M9H77_08526,Cro001G.5364.3.p1
M9H77_08527,"CRO_T022748, CrChr1.2030, CRO_T130387"
M9H77_08528,"CRO_T022747, CRO_T130388"
M9H77_08537,CRO_T030190
M9H77_08539,"CRO_T011967, Cro001G.5365.1.p1, CrChr1.2037, CRO_T130400"
M9H77_08543,"CRO_T031526, Cro001G.5366.1.p1, CrChr1.2038, CRO_T130403"
M9H77_08550,CRO_T018493
M9H77_08551,"CRO_T018492, CrChr1.2041, CRO_T130409"
M9H77_08561,CRO_T024919
M9H77_08564,Cro001G.5374.1.p1
M9H77_08567,"Cro001G.5378.1.p1, CrChr1.2055"
M9H77_08576,"CRO_T018621, Cro001G.5388.1.p2, CrChr1.2060, CRO_T130430"
M9H77_08577,"CRO_T018623, Cro001G.5388.1.p1, CrChr1.2061, CRO_T130431"
M9H77_08595,"CRO_T015784, Cro001G.5392.1.p1, CrChr1.2070, CRO_T130448"
M9H77_08607,CRO_T020446
M9H77_08615,"CRO_T025881, Cro001G.5401.1.p1, CrChr1.2085, CRO_T130907, CRO_T130908"
M9H77_08620,CRO_T029155
M9H77_08634,"Cro001G.20798.1.p1, CrChr1.2095"
M9H77_08635,"Cro001G.20797.1.p1, CrChr1.2096, CRO_T130928"
M9H77_08636,"CRO_T006205, CRO_T130929"
M9H77_08641,CRO_T026263
M9H77_08645,"CRO_T022046, Cro001G.20788.1.p1, CRO_T130941"
M9H77_08647,CRO_T021380
M9H77_08649,Cro001G.20781.1.p1
M9H77_08650,"Cro001G.20780.1.p1, CrChr1.2112"
M9H77_08658,CRO_T014393
M9H77_08661,Cro001G.20784.1.p1
M9H77_08662,CRO_T031679
M9H77_08664,"CRO_T031682, CRO_T130960"
M9H77_08670,Cro001G.20773.1.p1
M9H77_08671,"Cro001G.20771.2.p1, Cro001G.20771.3.p1"
M9H77_08679,CrChr1.2129
M9H77_08681,"CRO_T018612, Cro001G.20766.1.p1, CrChr1.2131, CRO_T130977"
M9H77_08692,CRO_T001605
M9H77_08694,"CRO_T001609, CRO_T130994"
M9H77_08697,CRO_T001607
M9H77_08703,"CRO_T032351, CRO_T131007"
M9H77_08705,CRO_T023089
M9H77_08706,CRO_T023090
M9H77_08719,CRO_T005842
M9H77_08720,CRO_T005844
M9H77_08721,CRO_T005845
M9H77_08725,CRO_T005998
M9H77_08726,"CRO_T005602, CRO_T131035"
M9H77_08729,"CRO_T030512, CrChr1.2152, CRO_T131039"
M9H77_08732,"CRO_T020324, Cro001G.20752.1.p1, CrChr1.2155, CRO_T131042"
M9H77_08735,"CRO_T032907, CRO_T131046"
M9H77_08739,"Cro001G.20745.1.p1, CrChr1.2162"
M9H77_08740,Cro001G.20744.1.p1
M9H77_08742,"CRO_T031149, Cro001G.20743.1.p1, CrChr1.2164, CRO_T131054"
M9H77_08746,"CRO_T028263, CrChr1.2167, CRO_T131056"
M9H77_08752,CrChr1.2169
M9H77_08761,"CRO_T003905, Cro001G.20737.1.p1, CrChr1.2178, CRO_T105972"
M9H77_08762,CRO_T012877
M9H77_08768,"CRO_T001555, Cro001G.20727.1.p1, CrChr1.2188, CRO_T105988"
M9H77_08769,Cro001G.20726.1.p1
M9H77_08773,CRO_T031507
M9H77_08778,"CRO_T028109, CRO_T105998"
M9H77_08779,CrChr1.2193
M9H77_08782,Cro001G.20722.1.p1
M9H77_08787,"Cro001G.20718.2.p1, Cro001G.20718.3.p1, Cro001G.20718.4.p1, Cro001G.20721.1.p1, CrChr1.2198, CRO_T106004"
M9H77_08804,"CRO_T026643, Cro001G.20720.1.p1, CrChr1.2209, CRO_T106014"
M9H77_08808,"CRO_T023144, Cro001G.20719.1.p1, CrChr1.2213"
M9H77_08810,CRO_T015493
M9H77_08820,"CRO_T002304, CRO_T106031"
M9H77_08821,CRO_T026436
M9H77_08829,CRO_T013592
M9H77_08839,"CRO_T015248, CrChr1.2236, CRO_T116924"
M9H77_08842,"CRO_T012809, Cro001G.20702.1.p1, CrChr1.2238, CRO_T116926"
M9H77_08848,Cro001G.20700.1.p1
M9H77_08851,"Cro001G.20698.1.p1, Cro001G.20698.2.p1, Cro001G.20698.3.p1, Cro001G.20698.5.p1, CrChr1.2243, CRO_T116936"
M9H77_08854,"Cro001G.20693.1.p1, CrChr1.2246"
M9H77_08856,"CRO_T001390, CRO_T114667"
M9H77_08859,"CRO_T012012, CrChr1.2254, CRO_T114659"
M9H77_08860,CRO_T012011
M9H77_08862,CRO_T012315
M9H77_08865,"Cro001G.8109.1.p1, CrChr1.2257"
M9H77_08866,"Cro001G.8114.1.p1, CrChr1.2258"
M9H77_08868,"Cro001G.8121.2.p3, Cro001G.8121.3.p2, Cro001G.8121.5.p2, Cro001G.8121.6.p2"
M9H77_08869,CRO_T022281
M9H77_08872,"CRO_T022028, CRO_T114646"
M9H77_08874,"Cro001G.8110.1.p1, CrChr1.2262"
M9H77_08875,"Cro001G.8112.1.p1, Cro001G.8112.2.p1, Cro001G.8112.3.p1, Cro001G.8112.4.p1, Cro001G.8112.5.p1, CrChr1.2263"
M9H77_08877,CRO_T022022
M9H77_08878,"CRO_T022021, CRO_T114639"
M9H77_08883,"CRO_T014195, Cro001G.8117.1.p1, CrChr1.2266, CRO_T114637"
M9H77_08891,"CRO_T024257, CrChr1.2273"
M9H77_08892,CrChr1.2274
M9H77_08896,"CRO_T023036, Cro001G.8124.1.p1, Cro001G.8124.2.p1, Cro001G.8124.3.p1, CrChr1.2276, CRO_T114621"
M9H77_08897,"CRO_T023034, CRO_T114620"
M9H77_08901,CRO_T016899
M9H77_08904,CRO_T000632
M9H77_08906,CRO_T015754
M9H77_08911,CRO_T000808
M9H77_08912,CRO_T007930
M9H77_08924,CRO_T017471
M9H77_08930,"CRO_T004743, CRO_T108643"
M9H77_08939,"CRO_T029285, CRO_T108634"
M9H77_08940,"CRO_T029284, CRO_T108633"
M9H77_08941,"CRO_T029280, Cro001G.8137.1.p1, CrChr1.2301, CRO_T108632"
M9H77_08944,Cro001G.8135.2.p1
M9H77_08952,"CRO_T009421, Cro001G.8139.1.p1, CrChr1.2307, CRO_T108621"
M9H77_08953,"CRO_T024422, CRO_T108620"
M9H77_08959,"Cro001G.8144.1.p1, Cro001G.8144.2.p1"
M9H77_08961,"Cro001G.8145.1.p1, CrChr1.2315, CRO_T108602"
M9H77_08967,"CRO_T019244, CRO_T108598"
M9H77_08973,"CRO_T012104, Cro001G.8152.1.p1, CrChr1.2323, CRO_T108592"
M9H77_08976,"CRO_T012100, Cro001G.8154.1.p1, CrChr1.2324, CRO_T108591"
M9H77_08979,CRO_T024022
M9H77_08981,CRO_T022866
M9H77_08985,"CRO_T013480, Cro001G.8155.1.p1, CRO_T108587"
M9H77_08986,"Cro001G.8157.1.p1, CRO_T108584"
M9H77_08987,"CRO_T028734, CrChr1.2331, CRO_T108581"
M9H77_08998,"CRO_T009203, Cro001G.8164.1.p1, Cro001G.8164.2.p1, Cro001G.8164.3.p1, Cro001G.8164.4.p1, Cro001G.8164.5.p1, Cro001G.8164.6.p1, Cro001G.8164.7.p1, Cro001G.8164.8.p1, Cro001G.8164.9.p1, CrChr1.2336, CRO_T108568"
M9H77_08999,"Cro001G.8168.1.p1, CrChr1.2338, CRO_T108566"
M9H77_09011,"CRO_T016891, Cro001G.8169.1.p1, CrChr1.2351, CRO_T111728"
M9H77_09013,CRO_T021923
M9H77_09016,"CRO_T006928, CRO_T111733"
M9H77_09026,"CRO_T018580, CRO_T111742"
M9H77_09031,"CRO_T022710, CRO_T111748"
M9H77_09032,CRO_T014247
M9H77_09033,"CRO_T014246, CRO_T111749"
M9H77_09035,"CRO_T009927, Cro001G.8173.1.p1, CrChr1.2372, CRO_T111752"
M9H77_09037,CRO_T018665
M9H77_09039,CRO_T018664
M9H77_09040,CrChr1.2375
M9H77_09041,CRO_T023909
M9H77_09042,Cro001G.8182.1.p1
M9H77_09045,"CRO_T006841, CrChr1.2381, CRO_T111762"
M9H77_09047,"Cro001G.8187.1.p1, Cro001G.8187.2.p1, Cro001G.8187.3.p1, Cro001G.8187.4.p1, Cro001G.8187.5.p1"
M9H77_09048,"CRO_T022410, CRO_T111764"
M9H77_09049,CrChr1.2386
M9H77_09050,CrChr1.2387
M9H77_09051,"CRO_T023488, Cro001G.8188.1.p1, Cro001G.8188.3.p1"
M9H77_09052,CRO_T023491
M9H77_09057,"CRO_T004478, Cro001G.8189.1.p1, CrChr1.2390"
M9H77_09060,"CRO_T006661, CRO_T111784"
M9H77_09061,CRO_T018370
M9H77_09062,"Cro001G.8192.1.p1, CrChr1.2395, CRO_T111785"
M9H77_09063,"CRO_T003995, Cro001G.8193.1.p1, Cro001G.8193.2.p1, CrChr1.2396, CRO_T111786"
M9H77_09067,"CRO_T005930, CRO_T120579"
M9H77_09070,"CRO_T029828, Cro001G.8195.1.p1, Cro001G.8195.2.p1, CrChr1.2402, CRO_T120578"
M9H77_09072,"CRO_T029827, Cro001G.8197.1.p1, CrChr1.2403, CRO_T120577"
M9H77_09079,"CRO_T013363, CrChr1.2407, CRO_T120568"
M9H77_09081,CRO_T013366
M9H77_09083,CRO_T011853
M9H77_09086,CRO_T011850
M9H77_09087,CRO_T027442
M9H77_09088,"CRO_T027441, CRO_T120561"
M9H77_09095,"CrChr1.2424, CRO_T134567"
M9H77_09097,"CRO_T010624, Cro001G.8209.3.p2, Cro001G.8209.5.p1, CrChr1.2425, CRO_T134569"
M9H77_09102,CRO_T027045
M9H77_09105,CRO_T013756
M9H77_09109,"CRO_T003964, CRO_T134581"
M9H77_09110,"CRO_T003316, CRO_T134582"
M9H77_09111,"CRO_T003315, CRO_T134583"
M9H77_09113,"CRO_T017252, CRO_T134587"
M9H77_09121,"CRO_T011564, CRO_T134598"
M9H77_09128,"CRO_T029807, Cro001G.8227.1.p1, CRO_T134603"
M9H77_09130,CRO_T003435
M9H77_09131,"CRO_T003434, CRO_T134605"
M9H77_09132,"CRO_T004867, CRO_T134606"
M9H77_09134,CRO_T013142
M9H77_09136,"CRO_T013145, CrChr1.2454, CRO_T134612"
M9H77_09143,"CRO_T012635, Cro001G.8234.1.p1, CrChr1.2456, CRO_T134622"
M9H77_09146,"CRO_T031030, Cro001G.8238.1.p1, CrChr1.2459, CRO_T134625"
M9H77_09152,"Cro001G.8250.1.p1, CrChr1.2466"
M9H77_09154,CRO_T032649
M9H77_09156,Cro001G.8252.3.p1
M9H77_09158,Cro001G.8247.1.p1
M9H77_09162,"Cro001G.8256.1.p1, CrChr1.2471"
M9H77_09164,CrChr1.2472
M9H77_09166,"CRO_T025897, CrChr1.2473, CRO_T134655"
M9H77_09173,"CRO_T029493, CrChr1.2478, CRO_T134661"
M9H77_09174,CRO_T019313
M9H77_09175,Cro001G.8266.1.p1
M9H77_09177,"CRO_T028080, CrChr1.2482, CRO_T134667"
M9H77_09180,CRO_T000565
M9H77_09184,"CRO_T009489, Cro001G.8262.1.p1, CrChr1.2488, CRO_T134680"
M9H77_09189,"Cro001G.8272.2.p1, Cro001G.8272.4.p1"
M9H77_09199,Cro001G.8274.1.p1
M9H77_09204,Cro001G.8278.1.p1
M9H77_09205,CRO_T031892
M9H77_09207,CRO_T013178
M9H77_09209,"CRO_T020278, CRO_T134704"
M9H77_09211,CRO_T013381
M9H77_09212,CRO_T013380
M9H77_09217,"CRO_T006784, Cro001G.8281.1.p2, Cro001G.8281.2.p2, CRO_T134713"
M9H77_09223,Cro001G.8283.1.p1
M9H77_09224,"CRO_T004629, CRO_T134720"
M9H77_09226,"CRO_T004627, Cro001G.8284.1.p1, CrChr1.2512, CRO_T134721"
M9H77_09237,"CRO_T015298, Cro001G.8288.1.p1"
M9H77_09240,"CRO_T015295, Cro001G.8291.1.p1, CrChr1.2519, CRO_T134739"
M9H77_09241,"Cro001G.8293.1.p1, CrChr1.2520"
M9H77_09242,"Cro001G.8294.1.p1, CrChr1.2521"
M9H77_09243,"Cro001G.8296.1.p1, Cro001G.8296.2.p1, CrChr1.2522"
M9H77_09245,"Cro001G.8299.1.p1, CrChr1.2524, CRO_T134747"
M9H77_09247,Cro001G.8304.1.p1
M9H77_09257,"CRO_T006669, CrChr1.2533, CRO_T115827"
M9H77_09258,"CRO_T006668, CRO_T115826"
M9H77_09262,CRO_T022105
M9H77_09279,"Cro001G.8313.1.p1, Cro001G.8313.2.p1, CRO_T115811"
M9H77_09289,"CRO_T005574, CRO_T115800"
M9H77_09296,"Cro001G.8325.1.p1, CrChr1.2559"
M9H77_09300,"CRO_T001784, CrChr1.2561, CRO_T105850"
M9H77_09307,Cro001G.8332.2.p1
M9H77_09309,"CRO_T016345, Cro001G.1187.1.p1, Cro001G.8332.1.p1, Cro001G.8332.3.p1, CrChr1.696, CrChr1.2567, CrChr1.2568"
M9H77_09311,"CRO_T013410, Cro001G.8336.1.p1, CrChr1.2569, CRO_T105863"
M9H77_09313,"CRO_T013409, Cro001G.8337.1.p1, CrChr1.2570, CRO_T105866"
M9H77_09315,"CRO_T013408, Cro001G.8338.1.p1, CrChr1.2571, CRO_T105868"
M9H77_09316,"CRO_T013407, CRO_T105869"
M9H77_09321,"Cro001G.8346.1.p1, CrChr1.2576"
M9H77_09322,CRO_T007142
M9H77_09326,"Cro001G.8352.1.p1, CrChr1.2584"
M9H77_09328,"CRO_T023484, Cro001G.8351.1.p1, CrChr1.2586, CRO_T105888"
M9H77_09331,"CRO_T006301, Cro001G.8354.1.p1, CRO_T105891"
M9H77_09335,"CRO_T019914, CRO_T016546"
M9H77_09336,"Cro001G.8357.1.p2, CrChr1.2595"
M9H77_09337,CRO_T009550
M9H77_09338,"CRO_T009551, CRO_T105904"
M9H77_09339,"Cro001G.8359.1.p1, Cro001G.8359.2.p1"
M9H77_09343,"CrChr1.2599, CRO_T105910"
M9H77_09356,"CRO_T029301, Cro001G.8371.1.p1, CrChr1.2611, CRO_T105927"
M9H77_09360,"CRO_T017673, CRO_T105932"
M9H77_09365,"CRO_T014865, Cro001G.8385.1.p1, CrChr1.2621, CRO_T105937"
M9H77_09368,"CRO_T018759, Cro001G.8374.1.p1, CrChr1.2622, CRO_T105940"
M9H77_09371,"CRO_T011308, CRO_T105944"
M9H77_09377,"CRO_T018036, CrChr1.2631, CRO_T105951"
M9H77_09378,CrChr1.2632
M9H77_09379,"Cro001G.8388.1.p1, Cro001G.8388.3.p1"
M9H77_09423,"Cro001G.8400.1.p1, Cro001G.8400.2.p1, Cro001G.8400.3.p1"
M9H77_09424,"Cro001G.8398.6.p1, Cro001G.8398.8.p1"
M9H77_09425,CRO_T000700
M9H77_09428,"Cro001G.8402.1.p1, CrChr1.2668, CRO_T134891"
M9H77_09438,"CRO_T019471, Cro001G.8394.1.p1, Cro001G.8394.2.p1, Cro001G.8394.3.p1, Cro001G.8394.4.p1, CRO_T134881"
M9H77_09449,"CRO_T010959, CrChr1.2682, CRO_T134866"
M9H77_09453,CRO_T024233
M9H77_09464,CRO_T014259
M9H77_09467,"Cro001G.8409.1.p1, Cro001G.8409.2.p1, Cro001G.8409.3.p1, Cro001G.8409.4.p1, Cro001G.8409.5.p1, Cro001G.8409.6.p1, Cro001G.8409.7.p1"
M9H77_09482,"CRO_T020727, CRO_T134828"
M9H77_09486,CRO_T014381
M9H77_09487,"CRO_T014382, CRO_T134823"
M9H77_09495,"CRO_T022535, CRO_T134806"
M9H77_09496,CRO_T022533
M9H77_09497,"CRO_T022534, CRO_T134803"
M9H77_09501,CRO_T025965
M9H77_09505,CRO_T014656
M9H77_09509,CRO_T005856
M9H77_09517,CRO_T022647
M9H77_09519,"Cro001G.8418.1.p1, Cro001G.8418.2.p1, Cro001G.8418.3.p1, CrChr1.2735"
M9H77_09526,"CRO_T018935, Cro001G.8451.1.p1, CrChr1.2760, CRO_T134760"
M9H77_09530,CRO_T033088
M9H77_09531,CRO_T002611
M9H77_09532,"Cro001G.8456.1.p1, CRO_T109908"
M9H77_09533,"CRO_T014775, Cro001G.8462.1.p1, Cro001G.8462.10.p1, Cro001G.8462.2.p1, Cro001G.8462.3.p1, Cro001G.8462.6.p1"
M9H77_09541,"CRO_T007628, CRO_T109919"
M9H77_09542,Cro001G.8469.1.p1
M9H77_09545,"Cro001G.8470.1.p1, CrChr1.2775"
M9H77_09547,"CRO_T007631, CrChr1.2778, CRO_T109926"
M9H77_09551,CRO_T007634
M9H77_09553,CRO_T006641
M9H77_09554,"Cro001G.8468.2.p1, Cro001G.8468.7.p1, CrChr1.2785"
M9H77_09555,"CRO_T016223, Cro001G.8463.1.p1, CrChr1.2786, CRO_T109938"
M9H77_09557,"Cro001G.8473.1.p1, CrChr1.2788"
M9H77_09558,"CRO_T007013, CRO_T109942"
M9H77_09562,CrChr1.2791
M9H77_09565,"CRO_T014296, CRO_T109947"
M9H77_09566,"Cro001G.8477.1.p1, CrChr1.2792"
M9H77_09567,"Cro001G.8478.1.p1, CrChr1.2793"
M9H77_09573,"CRO_T026390, CrChr1.2795"
M9H77_09574,CRO_T019754
M9H77_09575,Cro001G.8481.1.p1
M9H77_09579,"CRO_T021511, CrChr1.2800, CRO_T109961"
M9H77_09581,"CRO_T031165, Cro001G.8483.1.p1, CrChr1.2803, CRO_T109963"
M9H77_09582,CRO_T022524
M9H77_09585,CRO_T012047
M9H77_09586,"CRO_T008115, CRO_T133499"
M9H77_09588,"Cro001G.8491.1.p1, CrChr1.2807"
M9H77_09591,"Cro001G.8488.1.p1, CrChr1.2808"
M9H77_09592,"CRO_T008104, Cro001G.8489.1.p1, CrChr1.2809, CRO_T109973"
M9H77_09593,"CRO_T008105, CrChr1.2810, CRO_T109974"
M9H77_09594,"Cro001G.8496.1.p1, CrChr1.2811"
M9H77_09630,"Cro001G.16664.1.p1, CrChr1.2824, CRO_T111655"
M9H77_09631,"CRO_T031051, Cro001G.16663.1.p1, CrChr1.2825, CRO_T111657"
M9H77_09632,CRO_T031052
M9H77_09636,"Cro001G.16659.1.p1, CrChr1.2828"
M9H77_09640,"CRO_T016226, Cro001G.16676.1.p1, CrChr1.2831"
M9H77_09641,"CRO_T032326, CRO_T111665"
M9H77_09644,"Cro001G.16673.1.p1, CrChr1.2833"
M9H77_09645,"Cro001G.16671.1.p1, CrChr1.2834"
M9H77_09646,CRO_T011127
M9H77_09647,"CRO_T001005, CRO_T111674"
M9H77_09649,"CRO_T001006, Cro001G.16654.1.p1, CRO_T111676"
M9H77_09652,CrChr1.2839
M9H77_09653,Cro001G.16657.1.p1
M9H77_09656,"CRO_T004916, Cro001G.16655.1.p1, CrChr1.2841, CRO_T111685"
M9H77_09657,CRO_T004915
M9H77_09659,CrChr1.2842
M9H77_09661,"CRO_T029675, CRO_T111691"
M9H77_09662,CRO_T029678
M9H77_09663,"Cro001G.16650.1.p1, CrChr1.2848, CRO_T111693"
M9H77_09667,"Cro001G.16643.1.p1, CrChr1.2852"
M9H77_09669,"CrChr1.2853, CRO_T111703"
M9H77_09670,"Cro001G.16645.1.p1, CrChr1.2854, CRO_T111704"
M9H77_09674,"CRO_T024899, Cro001G.16641.1.p1, CrChr1.2856, CRO_T111709"
M9H77_09675,"CRO_T024901, Cro001G.16637.1.p1, CrChr1.2857, CRO_T111710"
M9H77_09679,CRO_T031578
M9H77_09680,"CRO_T031574, CRO_T111715"
M9H77_09681,"CRO_T031575, Cro001G.16634.1.p1, CRO_T111716"
M9H77_09682,CRO_T031576
M9H77_09684,CRO_T031577
M9H77_09686,CRO_T025172
M9H77_09687,CRO_T031261
M9H77_09688,CRO_T031264
M9H77_09689,"CRO_T031260, CRO_T111721"
M9H77_09690,"CRO_T031262, CrChr1.2866, CRO_T111722"
M9H77_09691,"CrChr1.2867, CrChr1.2869"
M9H77_09692,"CrChr1.2872, CRO_T113447"
M9H77_09693,"CRO_T033034, CrChr1.2873"
M9H77_09694,CRO_T033035
M9H77_09696,"Cro001G.16629.1.p1, CrChr1.2875"
M9H77_09698,"CRO_T018746, Cro001G.16627.1.p1, CrChr1.2879, CRO_T113442"
M9H77_09700,CRO_T006823
M9H77_09705,"CRO_T032450, Cro001G.16625.1.p1, CrChr1.2884, CRO_T113433"
M9H77_09707,"Cro001G.16623.1.p1, Cro001G.16623.2.p1, Cro001G.16623.3.p1, CRO_T113430"
M9H77_09714,Cro001G.16618.3.p1
M9H77_09723,Cro001G.16611.1.p1
M9H77_09726,"Cro001G.16610.1.p1, Cro001G.16610.2.p1, Cro001G.16610.3.p1, CrChr1.2897, CRO_T113415"
M9H77_09728,Cro001G.16608.1.p1
M9H77_09729,"Cro001G.16609.1.p1, Cro001G.16609.2.p1"
M9H77_09730,CRO_T004523
M9H77_09732,Cro001G.16613.1.p1
M9H77_09733,"CRO_T007568, Cro001G.16606.1.p1, CrChr1.2902, CRO_T113406"
M9H77_09740,Cro001G.16605.2.p1
M9H77_09744,"Cro001G.16590.1.p2, CrChr1.2925"
M9H77_09756,"CrChr1.2938, CRO_T113377"
M9H77_09757,"CRO_T030531, Cro001G.16598.1.p1, CrChr1.2939, CRO_T113375"
M9H77_09758,"CRO_T030530, Cro001G.16596.1.p1, Cro001G.16596.2.p1"
M9H77_09762,"Cro001G.16592.1.p1, CrChr1.2945"
M9H77_09765,"CRO_T012846, CRO_T002142, Cro001G.16585.10.p1"
M9H77_09774,CRO_T020475
M9H77_09776,"Cro001G.16585.1.p1, Cro001G.16585.2.p1, Cro001G.16585.3.p1, Cro001G.16585.4.p1, Cro001G.16585.5.p1, CrChr1.2963"
M9H77_09780,"Cro001G.16579.1.p1, CRO_T114340"
M9H77_09783,"CRO_T018074, CRO_T114343"
M9H77_09785,Cro001G.16577.2.p1
M9H77_09799,"Cro001G.16570.1.p3, Cro001G.16570.2.p3, Cro001G.16570.3.p3"
M9H77_09806,"Cro001G.16560.1.p1, Cro001G.16560.2.p1, Cro001G.16560.3.p1, Cro001G.16560.4.p1, Cro001G.16560.5.p1, CrChr1.2993"
M9H77_09807,"Cro001G.16558.1.p1, CrChr1.2994"
M9H77_09808,"CRO_T007436, Cro001G.16559.1.p1, CrChr1.2995, CRO_T114368"
M9H77_09818,"CrChr1.3002, CRO_T114378"
M9H77_09825,"CRO_T025411, CrChr1.3006, CRO_T114385"
M9H77_09827,"CRO_T025411, CrChr1.3006, CRO_T114385"
M9H77_09829,"CRO_T025405, Cro001G.16551.1.p1, CrChr1.3008, CRO_T114388"
M9H77_09830,"Cro001G.16554.1.p2, Cro001G.16555.2.p1"
M9H77_09832,Cro001G.16553.4.p1
M9H77_09833,"CRO_T029824, Cro001G.16550.1.p1, CrChr1.3012, CRO_T114392"
M9H77_09834,Cro001G.16525.1.p1
M9H77_09839,"CRO_T002089, CrChr1.3062"
M9H77_09842,"CRO_T015797, Cro001G.16516.1.p1, CrChr1.3048, CRO_T114417"
M9H77_09843,"CRO_T024094, Cro001G.16530.1.p1, CrChr1.3047, CRO_T114416"
M9H77_09847,"Cro001G.16535.1.p1, Cro001G.16535.3.p1, Cro001G.16535.6.p1, CrChr1.3043"
M9H77_09848,"CRO_T011199, Cro001G.16536.1.p1, CrChr1.3042, CRO_T114412"
M9H77_09849,"Cro001G.16537.1.p1, CrChr1.3041"
M9H77_09851,Cro001G.16540.1.p1
M9H77_09852,"CRO_T011202, CRO_T114408"
M9H77_09853,"CRO_T004518, Cro001G.16543.1.p1, CrChr1.3035, CRO_T114406"
M9H77_09856,Cro001G.16521.2.p1
M9H77_09859,"CRO_T000140, Cro001G.16523.1.p2, Cro001G.16523.2.p2, Cro001G.16523.3.p2, Cro001G.16523.4.p2, Cro001G.16523.6.p2, CrChr1.3027, CRO_T114400"
M9H77_09868,"Cro001G.16499.1.p1, CrChr1.3066"
M9H77_09870,"Cro001G.16498.1.p2, Cro001G.16498.2.p2, Cro001G.16498.3.p1"
M9H77_09871,"CRO_T002438, Cro001G.16498.1.p1, Cro001G.16498.2.p1"
M9H77_09872,CRO_T015302
M9H77_09874,"CRO_T019487, CrChr1.3070, CRO_T127006"
M9H77_09875,"CrChr1.3071, CRO_T127007"
M9H77_09879,CRO_T030657
M9H77_09880,"CRO_T030656, CrChr1.3075, CRO_T128794"
M9H77_09881,CrChr1.3076
M9H77_09883,"CRO_T030658, Cro001G.16488.1.p1, CrChr1.3077, CRO_T128791"
M9H77_09888,"CRO_T017177, CrChr1.3080, CRO_T128787"
M9H77_09890,CrChr1.3082
M9H77_09892,"CRO_T007357, CrChr1.3084, CRO_T128783"
M9H77_09893,"CRO_T007356, CRO_T128782"
M9H77_09894,"CRO_T007358, Cro001G.16511.2.p1"
M9H77_09895,CRO_T030113
M9H77_09898,"CRO_T030110, Cro001G.16503.1.p1, Cro001G.16507.1.p1, CrChr1.3089, CRO_T128778"
M9H77_09899,"CRO_T031122, CrChr1.3090, CRO_T128777"
M9H77_09900,CRO_T031123
M9H77_09901,"CRO_T021362, Cro001G.16509.1.p1, CRO_T128775"
M9H77_09902,"Cro001G.16508.1.p1, CrChr1.3094"
M9H77_09903,"Cro001G.16505.1.p1, CRO_T128770"
M9H77_09904,"CrChr1.3096, CRO_T128769"
M9H77_09905,"Cro001G.16504.1.p1, CrChr1.3097"
M9H77_09906,"Cro001G.16502.1.p1, CrChr1.3098"
M9H77_09909,"CRO_T024700, Cro001G.16482.1.p1, CrChr1.3101, CRO_T128764"
M9H77_09912,"CRO_T016541, CRO_T128761"
M9H77_09913,Cro001G.16478.1.p1
M9H77_09915,"Cro001G.16475.1.p1, CrChr1.3105"
M9H77_09916,"Cro001G.16473.1.p1, CrChr1.3107, CRO_T128757"
M9H77_09918,Cro001G.16474.1.p2
M9H77_09919,"CRO_T031802, Cro001G.16474.1.p1"
M9H77_09923,"CRO_T028830, Cro001G.16467.1.p1, CrChr1.3113, CRO_T128751"
M9H77_09925,"CRO_T003359, Cro001G.16466.1.p1, Cro001G.16466.2.p1, CRO_T128749"
M9H77_09928,Cro001G.16462.1.p1
M9H77_09930,"CRO_T018707, Cro001G.16461.1.p1, CrChr1.3120, CRO_T128743"
M9H77_09931,"CRO_T018711, Cro001G.16458.1.p1, CrChr1.3121, CRO_T128742"
M9H77_09934,"CRO_T018713, Cro001G.16453.1.p1, CRO_T128739"
M9H77_09946,"CRO_T016003, CrChr1.3133, CRO_T128729"
M9H77_09947,"CRO_T016002, Cro001G.16456.1.p1, CrChr1.3134, CRO_T128728"
M9H77_09948,"CRO_T016001, CRO_T128727"
M9H77_09950,"CRO_T024039, Cro001G.16454.1.p1, CrChr1.3137, CRO_T128724"
M9H77_09951,"CRO_T024040, Cro001G.16448.1.p1, CrChr1.3138, CRO_T128723"
M9H77_09952,"Cro001G.16447.1.p1, Cro001G.16447.2.p1, Cro001G.16447.3.p1, Cro001G.16447.4.p1, Cro001G.16447.5.p1"
M9H77_09953,CRO_T024041
M9H77_09954,CRO_T023420
M9H77_09956,CRO_T128718
M9H77_09957,"CRO_T027681, CRO_T128717"
M9H77_09960,CRO_T027682
M9H77_09961,"CrChr1.3143, CRO_T128714"
M9H77_09962,"CRO_T009846, CrChr1.3144, CRO_T128713"
M9H77_09964,"CRO_T005793, Cro001G.16439.1.p1, CrChr1.3146, CRO_T128711"
M9H77_09967,"CRO_T027533, Cro001G.16433.1.p1, CrChr1.3149, CRO_T128708"
M9H77_09968,"Cro001G.16437.1.p1, Cro001G.16437.3.p2, Cro001G.16437.4.p2, Cro001G.16437.5.p1, CrChr1.3150, CRO_T128707"
M9H77_09969,"CRO_T020782, Cro001G.16436.1.p2, Cro001G.16436.3.p3, Cro001G.16437.3.p1, Cro001G.16437.4.p1, Cro001G.16437.6.p1, CrChr1.3151, CRO_T128706"
M9H77_09970,"Cro001G.16436.1.p1, Cro001G.16436.2.p1, CrChr1.3152"
M9H77_09971,"CRO_T020784, Cro001G.16435.1.p1, CrChr1.3153, CRO_T128704"
M9H77_09972,CRO_T004828
M9H77_09973,"Cro001G.16430.1.p1, CrChr1.3155"
M9H77_09977,"CRO_T002770, CRO_T128698"
M9H77_09981,Cro001G.16427.1.p1
M9H77_09982,"CRO_T013908, Cro001G.16426.1.p1, CRO_T128694"
M9H77_09984,"CRO_T019782, Cro001G.16423.1.p1, CrChr1.3162, CRO_T128691"
M9H77_09986,"CRO_T019784, Cro001G.16420.1.p1, CrChr1.3164, CRO_T128689"
M9H77_09988,"CRO_T019790, CrChr1.3165"
M9H77_09990,CRO_T019787
M9H77_09991,CRO_T019788
M9H77_09992,"Cro001G.16424.1.p1, Cro001G.16424.2.p1, Cro001G.16424.3.p1, Cro001G.16424.4.p1"
M9H77_09994,"CRO_T025664, Cro001G.16418.1.p1, CrChr1.3171, CRO_T128678"
M9H77_09995,"CRO_T019188, Cro001G.16417.1.p1, CrChr1.3172"
M9H77_09997,"CRO_T019190, Cro001G.16415.1.p1, CrChr1.3174, CRO_T128675"
M9H77_09998,"Cro001G.16416.1.p1, CrChr1.3175"
M9H77_09999,"CRO_T019196, CRO_T128674"
M9H77_10000,"CRO_T019182, CRO_T128673"
M9H77_10001,"CRO_T019192, Cro001G.16413.1.p1, CrChr1.3178, CRO_T128672"
M9H77_10008,"CRO_T019187, Cro001G.16398.1.p1, CrChr1.3187, CRO_T128666"
M9H77_10009,"CRO_T019195, Cro001G.16390.1.p1, CrChr1.3189, CRO_T128665"
M9H77_10010,"Cro001G.16401.1.p1, Cro001G.16401.2.p1, Cro001G.16401.3.p1, Cro001G.16401.4.p1, CrChr1.3190"
M9H77_10017,"CRO_T005893, Cro001G.16396.1.p1, CrChr1.3199, CRO_T128656"
M9H77_10018,"CRO_T005887, Cro001G.16395.1.p1, CrChr1.3200, CRO_T128655"
M9H77_10019,"CRO_T005894, Cro001G.16395.1.p2, CRO_T128654"
M9H77_10020,CrChr1.3202
M9H77_10021,Cro001G.16393.1.p1
M9H77_10022,"CRO_T005889, Cro001G.16386.1.p1, CrChr1.3204, CRO_T128651"
M9H77_10023,"CRO_T005890, Cro001G.16384.1.p1, CrChr1.3205, CRO_T128650"
M9H77_10025,Cro001G.16382.1.p1
M9H77_10026,"Cro001G.16383.2.p1, CrChr1.3207"
M9H77_10027,"CRO_T005898, CrChr1.3208, CRO_T128644"
M9H77_10029,"Cro001G.16381.1.p1, CrChr1.3210"
M9H77_10030,"Cro001G.16379.1.p1, CrChr1.3211, CRO_T128640"
M9H77_10031,"CRO_T030039, Cro001G.16378.1.p1, CrChr1.3212, CRO_T128639"
M9H77_10034,"CRO_T016215, Cro001G.16375.1.p1"
M9H77_10035,Cro001G.16359.1.p1
M9H77_10036,"CRO_T019144, Cro001G.16358.1.p1, CrChr1.3217, CRO_T128635"
M9H77_10037,"Cro001G.16356.1.p1, CrChr1.3218"
M9H77_10039,"CRO_T026277, Cro001G.16355.1.p1, CRO_T128632"
M9H77_10040,CRO_T026279
M9H77_10047,"CRO_T010294, Cro001G.16365.1.p1, CRO_T128623"
M9H77_10049,"CRO_T010295, Cro001G.16364.1.p2, CRO_T128621"
M9H77_10053,"CRO_T016842, Cro001G.16360.1.p1, CRO_T128617"
M9H77_10062,Cro001G.16345.1.p1
M9H77_10071,"CRO_T010254, Cro001G.16336.1.p1, CRO_T128600"
M9H77_10074,"Cro001G.16335.1.p1, CRO_T128597"
M9H77_10078,"Cro001G.16322.1.p1, Cro001G.16322.2.p1"
M9H77_10079,CRO_T128593
M9H77_10080,"CRO_T011235, Cro001G.16320.1.p1, CRO_T128592"
M9H77_10081,"CRO_T011234, Cro001G.16325.1.p1, Cro001G.16325.4.p1, Cro001G.16329.1.p1, Cro001G.16329.2.p1, CRO_T128591"
M9H77_10086,"Cro001G.16331.1.p1, CRO_T128586"
M9H77_10089,"Cro001G.16328.1.p1, CRO_T128584"
M9H77_10090,"CRO_T023728, Cro001G.16327.1.p1, CRO_T128583"
M9H77_10091,CrChr1.3286
M9H77_10094,"CRO_T023730, Cro001G.16308.1.p1, CRO_T128579"
M9H77_10096,"Cro001G.16319.1.p1, Cro001G.16319.2.p1"
M9H77_10098,"CRO_T008436, Cro001G.16318.1.p1, CRO_T128575"
M9H77_10112,Cro001G.16300.1.p1
M9H77_10113,Cro001G.16299.1.p1
M9H77_10115,"CRO_T009085, Cro001G.16297.1.p1, CRO_T128557"
M9H77_10116,Cro001G.16298.2.p1
M9H77_10117,"CRO_T026529, Cro001G.16290.1.p1, CRO_T128554"
M9H77_10122,"CRO_T020984, Cro001G.16291.1.p1, CrChr1.3320, CRO_T128549"
M9H77_10133,Cro001G.16274.1.p1
M9H77_10135,"Cro001G.16272.1.p1, CRO_T128532"
M9H77_10141,Cro001G.16266.1.p1
M9H77_10142,Cro001G.16265.3.p1
M9H77_10147,"CRO_T007169, Cro001G.16260.1.p1, CRO_T128520"
M9H77_10148,CRO_T128519
M9H77_10149,"Cro001G.16244.1.p1, CRO_T128518"
M9H77_10150,"CRO_T026088, Cro001G.16245.1.p1, Cro001G.16245.3.p1, CrChr1.3361, CRO_T128517"
M9H77_10186,CrChr1.3401
M9H77_10187,CrChr1.3402
M9H77_10189,"CRO_T007351, Cro001G.16214.1.p1, CrChr1.3404, CRO_T128477"
M9H77_10192,CrChr1.3407
M9H77_10193,CrChr1.3408
M9H77_10199,CrChr1.3415
M9H77_10202,CrChr1.3420
M9H77_10203,CrChr1.3421
M9H77_10204,CrChr1.3422
M9H77_10205,CrChr1.3423
M9H77_10206,CrChr1.3425
M9H77_10211,"CRO_T018815, Cro001G.16187.1.p1, CrChr1.3430, CRO_T128456"
M9H77_10212,CrChr1.3431
M9H77_10213,CrChr1.3433
M9H77_10214,CrChr1.3435
M9H77_10219,CRO_T011242
M9H77_10223,CRO_T031202
M9H77_10226,"CRO_T002002, CRO_T128441"
M9H77_10227,"Cro001G.16173.1.p1, CrChr1.3450, CRO_T128440"
M9H77_10228,"CRO_T002001, CRO_T128439"
M9H77_10230,CRO_T026146
M9H77_10231,CrChr1.3454
M9H77_10238,CrChr1.3461
M9H77_10241,"Cro001G.16160.1.p1, Cro001G.16160.2.p1"
M9H77_10243,"Cro001G.16162.17.p1, Cro001G.16162.3.p1, Cro001G.16162.5.p1"
M9H77_10244,CRO_T026002
M9H77_10247,"CRO_T017152, Cro001G.16155.1.p1, CrChr1.3470, CRO_T121720"
M9H77_10250,Cro001G.16150.1.p1
M9H77_10254,"CRO_T002509, Cro001G.16158.1.p1, CrChr1.3477"
M9H77_10258,"CRO_T013766, Cro001G.16157.1.p2, Cro001G.16157.4.p1, Cro001G.16157.6.p1, CrChr1.3480"
M9H77_10268,"Cro001G.16120.1.p1, CrChr1.3491"
M9H77_10273,Cro001G.16116.1.p1
M9H77_10277,"CRO_T025178, Cro001G.16113.1.p1, CRO_T127381"
M9H77_10278,"CRO_T021713, Cro001G.16111.1.p1, CRO_T120071"
M9H77_10279,CrChr1.3502
M9H77_10280,CrChr1.3503
M9H77_10282,Cro001G.16144.1.p1
M9H77_10284,"Cro001G.16142.1.p1, CRO_T120075"
M9H77_10285,CrChr1.3508
M9H77_10286,CrChr1.3509
M9H77_10288,CrChr1.3512
M9H77_10289,CrChr1.3514
M9H77_10290,"CRO_T028501, Cro001G.16136.1.p1"
M9H77_10292,"CRO_T028513, Cro001G.16134.1.p1, CrChr1.3517, CRO_T120083"
M9H77_10294,"Cro001G.16132.1.p1, CrChr1.3519, CRO_T120085"
M9H77_10295,"Cro001G.16131.3.p1, Cro001G.16131.8.p1"
M9H77_10304,"CRO_T028507, CRO_T120095"
M9H77_10305,"Cro001G.16096.1.p1, CRO_T120096"
M9H77_10314,"CRO_T018867, Cro001G.16084.1.p1, CRO_T120101"
M9H77_10315,"Cro001G.16088.1.p1, CrChr1.3538"
M9H77_10317,"CRO_T025942, Cro001G.16085.1.p1, CrChr1.3540, CRO_T120104"
M9H77_10320,"Cro001G.16081.1.p1, Cro001G.16081.2.p1, CrChr1.3543"
M9H77_10322,Cro001G.16101.2.p2
M9H77_10324,CrChr1.3547
M9H77_10325,"Cro001G.16101.7.p3, Cro001G.16101.8.p3, Cro001G.16101.9.p3, CrChr1.3548"
M9H77_10326,CrChr1.3549
M9H77_10328,CrChr1.3551
M9H77_10329,CrChr1.3552
M9H77_10339,"Cro001G.16069.1.p1, CrChr1.3563"
M9H77_10340,"Cro001G.16068.1.p1, CrChr1.3564, CRO_T123324"
M9H77_10341,CrChr1.3566
M9H77_10342,CrChr1.3568
M9H77_10343,CrChr1.3569
M9H77_10350,"CRO_T028420, Cro001G.16053.1.p1, CrChr1.3577, CRO_T123335"
M9H77_10354,"Cro001G.16051.1.p1, Cro001G.16051.2.p1, Cro001G.16051.3.p1"
M9H77_10355,"CrChr1.3582, CRO_T126655"
M9H77_10363,CrChr1.3591
M9H77_10364,"CrChr1.3592, CRO_T126664"
M9H77_10365,CrChr1.3593
M9H77_10367,"Cro001G.14877.1.p1, CrChr1.3596"
M9H77_10371,"CRO_T031948, Cro001G.14872.1.p1, CrChr1.3600"
M9H77_10373,CRO_T018359
M9H77_10375,"CRO_T023799, Cro001G.14867.1.p1, CRO_T125308"
M9H77_10376,Cro001G.14869.1.p1
M9H77_10377,"CRO_T023801, Cro001G.14868.1.p2, Cro001G.14868.2.p2, Cro001G.14868.3.p2, Cro001G.14868.4.p2, Cro001G.14868.5.p2, CRO_T125306"
M9H77_10378,"CRO_T023802, Cro001G.14868.1.p1, Cro001G.14868.2.p1, Cro001G.14868.3.p1, Cro001G.14868.4.p1, CRO_T125305"
M9H77_10379,"CRO_T023803, Cro001G.14866.1.p1, CRO_T125304"
M9H77_10380,CRO_T023798
M9H77_10381,"Cro001G.14861.1.p1, CRO_T125302"
M9H77_10383,"CRO_T011523, CRO_T125298"
M9H77_10384,"CRO_T011524, CRO_T125297"
M9H77_10385,"CRO_T011525, CrChr1.3612"
M9H77_10386,"CRO_T011526, CRO_T125295"
M9H77_10387,Cro001G.14862.4.p1
M9H77_10389,"CRO_T011521, CrChr1.3616, CRO_T125293"
M9H77_10390,Cro001G.14851.1.p1
M9H77_10392,"Cro001G.14855.1.p1, Cro001G.14855.7.p1"
M9H77_10393,"CRO_T003355, CRO_T125289"
M9H77_10394,"CRO_T003357, Cro001G.14849.1.p1, CRO_T125288"
M9H77_10395,"CRO_T016551, CRO_T124093"
M9H77_10396,Cro001G.18761.1.p1
M9H77_10397,"CRO_T016550, CRO_T124096"
M9H77_10398,Cro001G.18775.2.p1
M9H77_10400,Cro001G.18776.1.p1
M9H77_10402,"CRO_T015425, CRO_T124101"
M9H77_10403,"CRO_T015426, Cro001G.18779.1.p1, CRO_T124102"
M9H77_10404,Cro001G.18780.1.p1
M9H77_10405,"CRO_T015427, Cro001G.18781.1.p1, CRO_T124104"
M9H77_10406,"Cro001G.18782.1.p1, CRO_T124105"
M9H77_10407,Cro001G.18783.1.p1
M9H77_10408,CRO_T014487
M9H77_10409,"CRO_T014491, CRO_T124110"
M9H77_10411,"Cro001G.18787.1.p1, Cro001G.18787.5.p1"
M9H77_10413,"CRO_T014493, Cro001G.18762.1.p1, CRO_T124114"
M9H77_10414,Cro001G.18764.2.p1
M9H77_10415,"Cro001G.18801.1.p1, Cro001G.18801.2.p1"
M9H77_10416,"CRO_T027638, CRO_T126719"
M9H77_10417,CRO_T027637
M9H77_10418,CRO_T027639
M9H77_10419,"Cro001G.18801.5.p2, Cro001G.18801.6.p1, Cro001G.18801.7.p1, Cro001G.18801.8.p1"
M9H77_10420,Cro001G.18804.1.p1
M9H77_10422,CRO_T013515
M9H77_10423,CRO_T013516
M9H77_10424,CRO_T016983
M9H77_10425,"Cro001G.18805.1.p2, Cro001G.18805.2.p1, Cro001G.18805.3.p1, Cro001G.18805.4.p1, Cro001G.18805.6.p1, Cro001G.18805.7.p1, Cro001G.18805.8.p1, CRO_T126712"
M9H77_00705,Cro001G.16920.1.p1
M9H77_00706,Cro001G.16918.1.p1
M9H77_00708,"CRO_T032426, CRO_T125592"
M9H77_00711,"CRO_T032422, Cro001G.16914.1.p1, CRO_T125589"
M9H77_00712,"CRO_T032427, CRO_T125588"
M9H77_00713,"CRO_T032429, CRO_T125587"
M9H77_00715,"CRO_T032424, CRO_T125585"
M9H77_00717,Cro001G.20856.1.p1
M9H77_00719,"Cro001G.20848.1.p1, CrChr4.3954"
M9H77_00722,"CRO_T016423, Cro001G.20844.1.p1, Cro001G.20844.2.p1, CrChr4.3950, CRO_T127399"
M9H77_00723,Cro001G.20842.1.p1
M9H77_00724,"CRO_T029748, Cro001G.16957.1.p1, Cro001G.16957.2.p2, Cro001G.16957.4.p2, CRO_T127044"
M9H77_00725,"CRO_T029749, CRO_T127045"
M9H77_00727,"CRO_T001062, Cro001G.16956.1.p1, Cro001G.16956.2.p1, CRO_T127046"
M9H77_00728,"CRO_T001063, Cro001G.16973.1.p1, CRO_T127047"
M9H77_00731,"CRO_T001065, Cro001G.16976.1.p1, CRO_T127050"
M9H77_00733,Cro001G.16978.1.p1
M9H77_00734,Cro001G.16979.1.p1
M9H77_00735,"CRO_T001067, Cro001G.16960.1.p1, CRO_T127054"
M9H77_00736,"CRO_T001059, CRO_T127055"
M9H77_00737,"CRO_T001060, Cro001G.16962.1.p1, CRO_T127056"
M9H77_00738,"Cro001G.16964.1.p1, Cro001G.16964.2.p1, CrChr2.3783"
M9H77_00740,"CRO_T021368, Cro001G.16981.2.p2, Cro001G.16981.3.p1, CRO_T126747"
M9H77_00741,"CRO_T021369, Cro001G.16981.2.p1"
M9H77_00742,"CRO_T021512, Cro001G.16982.1.p1"
M9H77_00743,"Cro001G.16983.1.p1, Cro001G.16983.3.p1"
M9H77_00744,"CRO_T000035, Cro001G.16985.1.p1, Cro001G.16985.2.p1, CRO_T126742"
M9H77_00745,"CRO_T000034, CRO_T126741"
M9H77_00747,"Cro001G.16988.1.p1, Cro001G.16988.2.p1"
M9H77_00748,"Cro001G.16990.1.p1, Cro001G.16990.3.p1"
M9H77_00749,Cro001G.16989.1.p1
M9H77_00750,Cro001G.16991.1.p1
M9H77_00751,"Cro001G.16992.1.p1, CRO_T127722"
M9H77_00752,"Cro001G.16993.1.p1, Cro001G.16993.2.p1"
M9H77_00753,Cro001G.16995.1.p1
M9H77_00754,CRO_T026747
M9H77_00755,Cro001G.16999.2.p1
M9H77_00756,Cro001G.17000.1.p1
M9H77_00758,"Cro001G.2990.2.p2, CrChr2.3806"
M9H77_00760,Cro001G.2982.1.p1
M9H77_00761,"CRO_T014321, CRO_T127346"
M9H77_00763,"CRO_T020175, Cro001G.2981.1.p1, CRO_T127349"
M9H77_00764,Cro001G.2979.1.p2
M9H77_00767,"CRO_T008754, CRO_T127353"
M9H77_00768,"Cro001G.2973.1.p2, Cro001G.2973.2.p1, CrChr2.3815"
M9H77_00769,"CRO_T008757, Cro001G.2973.1.p1, Cro001G.2973.3.p1"
M9H77_00770,"CRO_T008756, CRO_T127356"
M9H77_00771,Cro001G.2972.1.p1
M9H77_00772,Cro001G.2976.1.p1
M9H77_00773,Cro001G.2975.1.p1
M9H77_00774,"CRO_T017614, Cro001G.2974.1.p1, Cro001G.2974.3.p1, CRO_T124192"
M9H77_00775,"Cro001G.2974.1.p3, Cro001G.2974.2.p2, Cro001G.2974.3.p2, Cro001G.2974.4.p3"
M9H77_00776,"Cro001G.2974.1.p2, Cro001G.2974.2.p1"
M9H77_00777,"CRO_T024360, CRO_T124195"
M9H77_00778,CRO_T124196
M9H77_00779,CRO_T024359
M9H77_00780,"Cro001G.2969.1.p1, Cro001G.2969.2.p1"
M9H77_00781,"CRO_T024353, Cro001G.2968.1.p1, CRO_T124199"
M9H77_00782,"CRO_T024358, Cro001G.2966.1.p1, CRO_T124200"
M9H77_00784,"CRO_T024357, Cro001G.2966.1.p2, CRO_T124202"
M9H77_00786,"Cro001G.2965.1.p1, Cro001G.2965.2.p1"
M9H77_00787,Cro001G.2963.1.p1
M9H77_00788,"CRO_T024350, CRO_T124207"
M9H77_00789,"Cro001G.2962.1.p1, Cro001G.2962.2.p1, Cro001G.2962.3.p1, CRO_T124208"
M9H77_00790,"CRO_T027884, Cro001G.2960.1.p1, CRO_T124212"
M9H77_00791,Cro001G.2959.4.p1
M9H77_00792,"CRO_T027882, Cro001G.2959.1.p1, Cro001G.2959.2.p1, Cro001G.2959.3.p1, CRO_T124215"
M9H77_00793,Cro001G.2956.1.p1
M9H77_00794,"CRO_T001021, CRO_T125352"
M9H77_00796,CRO_T021633
M9H77_00797,"CRO_T000624, CRO_T125350"
M9H77_00798,"CRO_T000623, CRO_T125349"
M9H77_00799,CRO_T019904
M9H77_00801,"Cro001G.2947.4.p1, Cro001G.2947.5.p1, CRO_T125346"
M9H77_00802,"CRO_T028807, Cro001G.2947.1.p1, Cro001G.2947.2.p1, Cro001G.2947.3.p1, Cro001G.2947.4.p2, CrChr2.3851"
M9H77_00803,CRO_T028808
M9H77_00804,Cro001G.2939.1.p1
M9H77_00811,CrChr5.7
M9H77_00820,CrChr5.20
M9H77_00824,CrChr5.26
M9H77_00830,CrChr5.35
M9H77_00832,CrChr5.38
M9H77_00834,CrChr5.40
M9H77_00836,CrChr5.42
M9H77_00838,CrChr5.44
M9H77_00841,CrChr5.47
M9H77_00843,CrChr5.48
M9H77_00844,CrChr5.49
M9H77_00847,CrChr5.52
M9H77_00849,CrChr5.54
M9H77_00851,CrChr5.56
M9H77_00852,"CRO_T026979, CrChr5.57"
M9H77_00859,CrChr5.64
M9H77_00861,CrChr5.66
M9H77_00863,CrChr5.68
M9H77_00864,CrChr5.69
M9H77_00866,CrChr5.72
M9H77_00867,CrChr5.73
M9H77_00869,CrChr5.75
M9H77_00874,CrChr5.79
M9H77_00875,CrChr5.80
M9H77_00878,CrChr5.83
M9H77_00879,CrChr5.84
M9H77_00880,CrChr5.85
M9H77_00881,"Cro001G.17050.2.p1, CrChr5.87"
M9H77_00882,CrChr5.88
M9H77_00887,CrChr5.93
M9H77_00889,CrChr5.95
M9H77_00890,CrChr5.96
M9H77_00892,CrChr5.98
M9H77_00893,CrChr5.99
M9H77_00896,CrChr5.103
M9H77_00897,CrChr5.104
M9H77_00902,"CRO_T031463, CrChr5.108, CRO_T117803"
M9H77_00904,CrChr5.110
M9H77_00907,CrChr5.112
M9H77_00911,CrChr5.118
M9H77_00912,CrChr5.119
M9H77_00925,CrChr5.123
M9H77_00926,CrChr5.124
M9H77_00928,CrChr5.125
M9H77_00930,CrChr5.128
M9H77_00932,CrChr5.130
M9H77_00937,CrChr5.135
M9H77_00942,"CRO_T007684, Cro001G.10714.1.p1"
M9H77_00957,CrChr5.163
M9H77_00960,CrChr5.166
M9H77_00961,CrChr5.167
M9H77_00963,CrChr5.169
M9H77_00964,CrChr5.170
M9H77_00965,CrChr5.171
M9H77_00967,"CRO_T019720, Cro001G.10693.1.p1, CrChr5.173"
M9H77_00968,CrChr5.174
M9H77_00975,CrChr5.183
M9H77_00977,CrChr5.185
M9H77_00978,"CRO_T011895, Cro001G.10680.1.p1, CrChr5.186, CRO_T117411"
M9H77_00979,CrChr5.187
M9H77_00980,CrChr5.188
M9H77_00981,CrChr5.189
M9H77_00982,"Cro001G.10678.1.p1, Cro001G.10678.3.p1, Cro001G.10678.4.p1, Cro001G.10678.5.p1, Cro001G.10678.6.p2, Cro001G.10678.7.p1, Cro001G.10678.8.p1, CRO_T117409"
M9H77_00985,"CRO_T002879, Cro001G.10671.1.p1, CrChr5.193, CRO_T117407"
M9H77_00990,CrChr5.199
M9H77_00994,CrChr5.202
M9H77_00997,CrChr5.206
M9H77_00998,CrChr5.207
M9H77_01000,CrChr5.215
M9H77_01001,CrChr5.216
M9H77_01002,CrChr5.217
M9H77_01004,CrChr5.219
M9H77_01005,CrChr5.220
M9H77_01010,CrChr5.225
M9H77_01014,CrChr5.228
M9H77_01017,CrChr5.231
M9H77_01028,"CRO_T025051, Cro001G.10634.1.p1, Cro001G.10634.2.p1, CrChr5.244, CRO_T117366"
M9H77_01030,"CRO_T025052, CrChr5.246, CRO_T117364"
M9H77_01039,"CRO_T004184, CrChr5.259"
M9H77_01050,"Cro001G.10594.2.p1, CrChr5.272, CRO_T117341"
M9H77_01067,Cro001G.10609.1.p1
M9H77_01071,Cro001G.10605.1.p1
M9H77_01082,"Cro001G.10585.1.p1, CrChr5.306"
M9H77_01088,"CRO_T017956, Cro001G.10568.1.p1, Cro001G.10568.2.p1, Cro001G.10568.3.p1, Cro001G.10568.4.p1, CRO_T117301"
M9H77_01095,"CRO_T017953, Cro001G.10563.1.p1, CrChr5.318, CRO_T117295"
M9H77_01108,"CRO_T028778, Cro001G.10571.1.p1, CrChr5.331, CRO_T117282"
M9H77_01136,"CRO_T020545, Cro001G.10537.1.p1, CRO_T117256"
M9H77_01145,"CRO_T020531, Cro001G.10520.1.p1, CrChr5.372, CRO_T117246"
M9H77_01146,CRO_T020528
M9H77_01147,CRO_T020520
M9H77_01148,"CRO_T020527, Cro001G.10533.1.p1"
M9H77_01149,"CRO_T020526, Cro001G.10532.1.p1"
M9H77_01150,Cro001G.10531.1.p1
M9H77_01151,Cro001G.10530.1.p1
M9H77_01152,"CRO_T020519, CRO_T117239"
M9H77_01153,"Cro001G.10529.1.p1, Cro001G.10529.3.p1"
M9H77_01154,CRO_T020518
M9H77_01155,"Cro001G.10528.1.p1, Cro001G.10528.2.p1"
M9H77_01157,"CRO_T020517, Cro001G.10526.1.p1"
M9H77_01158,Cro001G.10518.1.p2
M9H77_01159,Cro001G.10518.1.p1
M9H77_01160,"CRO_T023211, Cro001G.10517.1.p1, CRO_T117230"
M9H77_01161,CRO_T023212
M9H77_01162,Cro001G.10512.1.p1
M9H77_01163,"CRO_T002490, Cro001G.10511.1.p1, CRO_T117225"
M9H77_01165,Cro001G.10510.2.p1
M9H77_01166,"Cro001G.10508.1.p1, CRO_T117222"
M9H77_01168,"CRO_T002279, Cro001G.10506.1.p1"
M9H77_01169,Cro001G.10507.3.p1
M9H77_01170,"CRO_T021391, Cro001G.10504.1.p1, Cro001G.10504.2.p1"
M9H77_01171,CRO_T021390
M9H77_01173,CrChr5.406
M9H77_01174,"CRO_T021389, Cro001G.10500.1.p1"
M9H77_01175,CRO_T021386
M9H77_01176,"CRO_T021385, CRO_T117214"
M9H77_01177,"Cro001G.10496.1.p1, CRO_T117213"
M9H77_01179,Cro001G.10497.1.p1
M9H77_01180,Cro001G.10498.1.p1
M9H77_01181,"CRO_T006046, CRO_T117210"
M9H77_01182,CRO_T006050
M9H77_01183,Cro001G.10493.1.p1
M9H77_01187,CRO_T009524
M9H77_01188,"CRO_T009528, CRO_T117203"
M9H77_01189,"CRO_T009527, Cro001G.10488.1.p1, CRO_T117202"
M9H77_01190,"CRO_T009526, CRO_T117201"
M9H77_01191,"CRO_T009525, Cro001G.10487.1.p1, CrChr5.422, CRO_T117200"
M9H77_01192,CRO_T117199
M9H77_01193,"CRO_T015779, CRO_T117198"
M9H77_01195,"CRO_T015780, Cro001G.10483.1.p1, Cro001G.10483.4.p1, Cro001G.10483.6.p1"
M9H77_01197,"CRO_T005432, CRO_T117194"
M9H77_01198,"Cro001G.10482.1.p1, Cro001G.10482.3.p1"
M9H77_01199,Cro001G.10463.1.p1
M9H77_01201,"Cro001G.10456.1.p1, CRO_T117189"
M9H77_01202,"CRO_T024228, Cro001G.10455.1.p2, CrChr5.438, CRO_T117188"
M9H77_01204,"CRO_T007442, Cro001G.10454.1.p1"
M9H77_01205,"CRO_T007441, Cro001G.10453.1.p1, CrChr5.441, CRO_T117185"
M9H77_01208,CRO_T016527
M9H77_01209,"Cro001G.10457.1.p1, Cro001G.10457.2.p1, Cro001G.10457.6.p1, CrChr5.445"
M9H77_01210,"CRO_T016528, Cro001G.10447.1.p1, CRO_T117179"
M9H77_01211,"CRO_T016533, Cro001G.10445.1.p1, Cro001G.10445.2.p1, CrChr5.447, CRO_T117178"
M9H77_01212,"CRO_T016529, Cro001G.10449.1.p1, CrChr5.448, CRO_T117177"
M9H77_01214,Cro001G.10448.1.p1
M9H77_01215,"CRO_T016535, Cro001G.10444.1.p1, CrChr5.451, CRO_T117175"
M9H77_01216,"Cro001G.10446.1.p1, Cro001G.10446.2.p1, Cro001G.10446.6.p1"
M9H77_01219,CrChr5.456
M9H77_01220,"CRO_T031067, Cro001G.10437.1.p1, CrChr5.457, CRO_T117170"
M9H77_01222,"Cro001G.10439.1.p1, Cro001G.10439.2.p1, Cro001G.10439.3.p1, Cro001G.10439.4.p1, Cro001G.10439.5.p1, Cro001G.10439.6.p1, Cro001G.10439.7.p1, CrChr5.460, CRO_T117168"
M9H77_01224,CrChr5.461
M9H77_01226,"CRO_T015399, Cro001G.10431.1.p1, CrChr5.463, CRO_T117165"
M9H77_01227,"Cro001G.10430.1.p1, CrChr5.464"
M9H77_01228,CrChr5.465
M9H77_01229,"Cro001G.10474.3.p1, Cro001G.10474.4.p1"
M9H77_01230,"CRO_T015401, Cro001G.10481.1.p1, CrChr5.468"
M9H77_01231,"CRO_T015408, CRO_T117159"
M9H77_01232,"CRO_T015402, Cro001G.10479.1.p1, CrChr5.470, CRO_T117158"
M9H77_01233,"Cro001G.10478.1.p1, CrChr5.471, CRO_T117157"
M9H77_01234,"Cro001G.10477.1.p1, CrChr5.472"
M9H77_01235,"CRO_T015404, Cro001G.10476.1.p1, CrChr5.473, CRO_T117155"
M9H77_01237,CrChr5.475
M9H77_01238,"CRO_T015414, Cro001G.10470.1.p2, Cro001G.10475.1.p2, CrChr5.476, CRO_T117151"
M9H77_01239,"CRO_T015410, Cro001G.10473.1.p1, CrChr5.477, CRO_T117150"
M9H77_01240,"Cro001G.10472.1.p2, CrChr5.479"
M9H77_01242,"CRO_T015412, CRO_T117147"
M9H77_01243,"Cro001G.10468.1.p1, CrChr5.483"
M9H77_01244,"CrChr5.484, CRO_T117144"
M9H77_01245,CrChr5.485
M9H77_01248,CrChr5.488
M9H77_01250,"Cro001G.10466.1.p1, CrChr5.490"
M9H77_01251,"CRO_T010299, CRO_T117136"
M9H77_01252,CrChr5.492
M9H77_01253,"CRO_T032344, Cro001G.10464.2.p1, Cro001G.10464.5.p1, CrChr5.493, CRO_T117134"
M9H77_01254,"Cro001G.10427.1.p1, CrChr5.495"
M9H77_01255,"Cro001G.10428.2.p1, Cro001G.10428.4.p1, Cro001G.10428.8.p1"
M9H77_01256,"CRO_T016391, Cro001G.10426.1.p1, CrChr5.498, CRO_T117131"
M9H77_01257,CRO_T117130
M9H77_01258,"CRO_T016390, Cro001G.10422.1.p1, CrChr5.500, CRO_T117129"
M9H77_01259,Cro001G.10421.4.p1
M9H77_01260,"CRO_T016388, Cro001G.10419.1.p1, CrChr5.502, CRO_T117127"
M9H77_01261,"Cro001G.10418.1.p1, CrChr5.503"
M9H77_01262,"Cro001G.10417.1.p1, Cro001G.10417.2.p1, CrChr5.504"
M9H77_01263,"CRO_T016393, Cro001G.10420.1.p1, CRO_T117124"
M9H77_01267,CrChr5.510
M9H77_01268,"CRO_T011438, Cro001G.10413.1.p1, Cro001G.10413.2.p2, CrChr5.511, CRO_T117119"
M9H77_01269,CRO_T011437
M9H77_01271,CRO_T020852
M9H77_01272,"Cro001G.10407.1.p1, Cro001G.10407.2.p1, Cro001G.10407.3.p1, Cro001G.10407.4.p1"
M9H77_01273,"Cro001G.10405.1.p1, CrChr5.515, CRO_T117115"
M9H77_01274,"CRO_T020850, Cro001G.10406.1.p1, Cro001G.10406.2.p1, Cro001G.10406.3.p1, CrChr5.516, CRO_T117114"
M9H77_01276,"Cro001G.10395.1.p1, Cro001G.10395.2.p1, Cro001G.10395.3.p1, CrChr5.520"
M9H77_01277,"CRO_T007397, Cro001G.10404.1.p1, CrChr5.521, CRO_T117111"
M9H77_01278,"Cro001G.10403.1.p2, CrChr5.522, CrChr6.1390"
M9H77_01279,Cro001G.10402.2.p1
M9H77_01280,"Cro001G.10401.5.p1, CrChr5.524"
M9H77_01281,"Cro001G.10401.1.p1, Cro001G.10401.3.p1, CRO_T117107"
M9H77_01282,"CRO_T007399, Cro001G.10400.1.p1, CrChr5.526, CRO_T117106"
M9H77_01283,Cro001G.10399.1.p1
M9H77_01284,"CRO_T007395, CRO_T117104"
M9H77_01285,"CRO_T007394, Cro001G.10398.1.p1, Cro001G.10398.2.p1, Cro001G.10398.3.p1, Cro001G.10398.4.p1, CrChr5.530, CRO_T117103"
M9H77_01286,CrChr5.531
M9H77_01287,"Cro001G.10397.1.p1, CrChr5.532"
M9H77_01288,"CRO_T015528, CrChr5.533, CRO_T117100"
M9H77_01289,CrChr5.534
M9H77_01290,"Cro001G.10393.1.p1, Cro001G.10393.5.p1"
M9H77_01291,"CRO_T020860, Cro001G.10381.1.p1, CrChr5.536, CRO_T117096"
M9H77_01292,"CRO_T020859, Cro001G.10382.1.p1, CrChr5.537, CRO_T117095"
M9H77_01293,"CRO_T020862, CrChr5.538, CRO_T117094"
M9H77_01294,"CRO_T020861, Cro001G.10392.1.p2, Cro001G.10392.2.p2, CrChr5.539, CRO_T117093"
M9H77_01295,CRO_T020858
M9H77_01296,"CRO_T011758, CrChr5.543, CRO_T117091"
M9H77_01297,Cro001G.10389.4.p1
M9H77_01299,"CRO_T020571, CrChr5.547, CRO_T117087"
M9H77_01300,"Cro001G.10386.1.p1, CrChr5.548"
M9H77_01301,"Cro001G.10385.1.p1, CrChr5.549"
M9H77_01304,"Cro001G.10383.1.p1, CrChr5.552"
M9H77_01305,"Cro001G.10379.1.p1, CrChr5.553"
M9H77_01306,CrChr5.554
M9H77_01307,"Cro001G.10378.1.p1, Cro001G.10378.2.p1, Cro001G.10378.3.p1"
M9H77_01309,"CrChr5.557, CRO_T117077"
M9H77_01310,Cro001G.10374.1.p1
M9H77_01311,"CRO_T006311, Cro001G.10373.1.p1, CrChr5.559, CRO_T117075"
M9H77_01312,"Cro001G.10372.1.p1, Cro001G.10372.3.p1"
M9H77_01313,"Cro001G.10371.1.p1, CrChr5.561"
M9H77_01314,"Cro001G.10370.1.p1, CrChr5.562"
M9H77_01315,"Cro001G.10368.1.p1, CrChr5.563, CRO_T117070"
M9H77_01316,CRO_T027912
M9H77_01317,Cro001G.10367.1.p1
M9H77_01318,"CRO_T027910, Cro001G.10366.1.p1, CrChr5.566"
M9H77_01319,"Cro001G.10365.1.p1, CrChr5.567, CRO_T117067"
M9H77_01320,"CRO_T027906, Cro001G.10363.1.p1, CrChr5.568, CRO_T117066"
M9H77_01322,"Cro001G.10349.1.p1, CrChr5.571"
M9H77_01323,CRO_T117062
M9H77_01324,CRO_T027913
M9H77_01326,"CRO_T030920, CRO_T117059"
M9H77_01327,"CRO_T030918, Cro001G.10357.1.p1, CrChr5.573, CRO_T117058"
M9H77_01328,"CRO_T030919, Cro001G.10356.1.p1, CrChr5.574, CRO_T117057"
M9H77_01329,"CRO_T030917, CrChr5.575, CRO_T117056"
M9H77_01332,"CrChr5.579, CRO_T117054"
M9H77_01333,"CRO_T031572, CrChr5.580"
M9H77_01335,CRO_T032131
M9H77_01336,"CRO_T032129, CRO_T117052"
M9H77_01337,"CRO_T032130, CRO_T117051"
M9H77_01338,"Cro001G.10359.2.p1, CrChr5.583, CRO_T117050"
M9H77_01339,"CRO_T029401, Cro001G.10362.1.p1, CrChr5.584, CRO_T117049"
M9H77_01340,"Cro001G.10359.1.p1, CrChr5.585"
M9H77_01341,"CRO_T004734, CrChr5.586, CRO_T117047"
M9H77_01342,"CRO_T011865, CrChr5.587, CRO_T117046"
M9H77_01343,"Cro001G.10361.1.p1, CrChr5.588"
M9H77_01344,Cro001G.10360.1.p1
M9H77_01345,"CRO_T003822, CRO_T011863, CrChr5.590, CRO_T117043"
M9H77_01346,CrChr5.591
M9H77_01348,Cro001G.10359.1.p2
M9H77_01349,"Cro001G.10323.1.p1, CrChr5.596"
M9H77_01351,CRO_T004756
M9H77_01352,"Cro001G.10322.1.p1, CrChr5.598, CRO_T117038"
M9H77_01353,CrChr5.599
M9H77_01354,"CRO_T012751, CrChr5.600"
M9H77_01355,CRO_T012754
M9H77_01356,"CRO_T012752, CrChr5.601"
M9H77_01357,"CRO_T012753, Cro001G.10348.1.p1, CRO_T117035"
M9H77_01358,"CRO_T012748, CRO_T117034"
M9H77_01359,"CRO_T012749, Cro001G.10346.1.p1, CrChr5.604, CRO_T117032"
M9H77_01360,Cro001G.10345.1.p1
M9H77_01361,"CRO_T014904, Cro001G.10344.1.p1, CrChr5.606"
M9H77_01362,Cro001G.10343.2.p1
M9H77_01363,"CRO_T004832, CrChr5.608, CRO_T117029"
M9H77_01364,"CRO_T022501, Cro001G.10342.1.p1, Cro001G.10342.2.p1, Cro001G.10342.3.p1, CRO_T117027"
M9H77_01365,"CRO_T012028, CRO_T117026"
M9H77_01366,"CRO_T012029, Cro001G.10320.1.p1, CrChr5.611, CRO_T117025"
M9H77_01367,"Cro001G.10319.1.p1, Cro001G.10319.2.p1"
M9H77_01368,"CRO_T016978, CrChr5.613, CRO_T117023"
M9H77_01369,CRO_T016977
M9H77_01370,"Cro001G.10318.1.p1, CRO_T117021"
M9H77_01372,"CrChr5.617, CRO_T117020"
M9H77_01373,Cro001G.10314.1.p1
M9H77_01374,Cro001G.10317.1.p1
M9H77_01375,CrChr5.622
M9H77_01377,CRO_T022689
M9H77_01378,CrChr5.623
M9H77_01379,"Cro001G.10332.2.p1, CrChr5.624"
M9H77_01380,"Cro001G.10332.1.p3, CrChr5.625, CRO_T117010"
M9H77_01381,"Cro001G.10336.1.p1, Cro001G.10336.2.p1"
M9H77_01382,CrChr5.627
M9H77_01383,CrChr5.628
M9H77_01384,"CRO_T023573, Cro001G.10335.1.p1, CrChr5.629, CRO_T117007"
M9H77_01385,"CRO_T017972, Cro001G.10334.1.p1, CrChr5.630, CRO_T117006"
M9H77_01386,Cro001G.10333.1.p1
M9H77_01387,"CRO_T017973, Cro001G.10331.1.p1, CrChr5.632, CRO_T117004"
M9H77_01389,CrChr5.634
M9H77_01390,Cro001G.10329.1.p1
M9H77_01391,"Cro001G.10328.1.p1, CrChr5.637"
M9H77_01393,"Cro001G.10325.2.p1, CRO_T116998"
M9H77_01394,"Cro001G.10324.1.p1, CrChr5.641"
M9H77_01395,"CRO_T029485, CRO_T116996"
M9H77_01398,CRO_T022797
M9H77_01399,CRO_T022796
M9H77_01400,CRO_T022798
M9H77_01403,CRO_T000476
M9H77_01404,CrChr5.647
M9H77_01405,CRO_T025784
M9H77_01406,CRO_T029368
M9H77_01408,CRO_T019371
M9H77_01411,CRO_T020425
M9H77_01413,CRO_T028801
M9H77_01418,CRO_T006139
M9H77_01419,CrChr5.661
M9H77_01420,CRO_T028917
M9H77_01421,CRO_T028916
M9H77_01422,CRO_T028917
M9H77_01423,CRO_T028916
M9H77_01426,"Cro001G.10312.1.p1, Cro001G.10312.2.p1"
M9H77_01428,"CRO_T016732, Cro001G.10292.2.p1, CRO_T116087"
M9H77_01430,CRO_T012623
M9H77_01431,CRO_T012628
M9H77_01432,"CRO_T012624, Cro001G.10291.1.p1, CrChr5.670, CRO_T116084"
M9H77_01433,"Cro001G.10289.1.p1, CrChr5.671"
M9H77_01434,"Cro001G.10290.1.p1, CrChr5.672, CRO_T116082"
M9H77_01436,"CrChr5.674, CRO_T116080"
M9H77_01437,"CRO_T017258, Cro001G.10304.1.p1, CrChr5.675, CRO_T116078"
M9H77_01438,"Cro001G.10303.1.p1, Cro001G.10303.2.p1, Cro001G.10303.4.p1"
M9H77_01440,"CRO_T017259, Cro001G.10302.1.p1, CrChr5.677, CRO_T116076"
M9H77_01441,Cro001G.10301.1.p1
M9H77_01443,Cro001G.10300.1.p1
M9H77_01444,"Cro001G.10299.1.p1, CrChr5.686"
M9H77_01446,"Cro001G.10297.1.p1, CRO_T116070"
M9H77_01447,"CRO_T026270, Cro001G.10296.1.p1, CrChr5.690, CRO_T116069"
M9H77_01448,CRO_T029964
M9H77_01449,Cro001G.10294.1.p1
M9H77_01450,"Cro001G.10276.1.p1, Cro001G.10276.2.p1, CrChr5.693, CRO_T116065"
M9H77_01451,"CRO_T029968, Cro001G.10280.2.p2, CrChr5.696, CRO_T116063"
M9H77_01452,"Cro001G.10285.1.p1, CrChr5.697, CRO_T116062"
M9H77_01453,"Cro001G.10284.1.p1, CrChr5.698, CRO_T116061"
M9H77_01454,"CRO_T029970, Cro001G.10283.1.p2"
M9H77_01455,Cro001G.10283.1.p1
M9H77_01456,"CRO_T013981, Cro001G.10282.1.p1, CrChr5.701, CRO_T116059"
M9H77_01457,"CRO_T013980, Cro001G.10281.1.p1, CrChr5.702, CRO_T116058"
M9H77_01458,"Cro001G.10277.1.p1, CrChr5.703"
M9H77_01459,Cro001G.10280.1.p1
M9H77_01460,"Cro001G.10279.1.p1, CrChr5.705"
M9H77_01461,"CRO_T019495, Cro001G.10278.1.p1, CrChr5.706"
M9H77_01462,"CRO_T019496, CrChr5.708, CRO_T116054"
M9H77_01463,"CRO_T024743, CRO_T116052"
M9H77_01466,CRO_T009024
M9H77_01467,"CRO_T022482, CrChr5.711"
M9H77_01468,"CRO_T022483, CRO_T116050"
M9H77_01470,CRO_T116049
M9H77_01471,"CRO_T006596, Cro001G.10274.1.p1, CrChr5.716, CRO_T116048"
M9H77_01472,"CRO_T006595, Cro001G.10273.1.p1, CrChr5.717, CRO_T116047"
M9H77_01473,"CRO_T006594, Cro001G.10272.1.p1, CrChr5.718, CRO_T116046"
M9H77_01474,"CRO_T006593, Cro001G.10270.1.p1, CRO_T116045"
M9H77_01475,"CRO_T006592, Cro001G.10269.1.p1, Cro001G.10269.3.p1, CRO_T116044"
M9H77_01476,"Cro001G.10268.1.p1, CrChr5.721"
M9H77_01477,"CRO_T008986, CRO_T116042"
M9H77_01478,"CRO_T008987, Cro001G.10267.1.p1, CrChr5.722, CRO_T116040"
M9H77_01479,CRO_T008990
M9H77_01480,"CRO_T008988, Cro001G.10263.1.p1, Cro001G.10263.2.p1, Cro001G.10265.1.p1, CRO_T116037"
M9H77_01481,CRO_T008989
M9H77_01482,"CRO_T026519, Cro001G.10264.1.p1, CrChr5.726, CRO_T116035"
M9H77_01483,"CrChr5.727, CRO_T116034"
M9H77_01484,"Cro001G.10260.1.p1, Cro001G.10260.2.p1, Cro001G.10260.4.p1, Cro001G.10260.5.p1, Cro001G.10260.7.p1, CrChr5.728"
M9H77_01485,"Cro001G.10258.1.p1, Cro001G.15327.1.p1, CrChr1.1185, CRO_T116031, CRO_T126112"
M9H77_01486,"CRO_T014839, Cro001G.10257.1.p1, Cro001G.10257.2.p1, CrChr5.730, CRO_T116030"
M9H77_01487,Cro001G.10256.1.p1
M9H77_01488,CRO_T007869
M9H77_01489,"CRO_T031745, Cro001G.10255.1.p1, CrChr5.732, CRO_T116028"
M9H77_01490,"Cro001G.10254.1.p1, CrChr5.733"
M9H77_01491,"CRO_T011469, CrChr5.734, CRO_T136770"
M9H77_01492,"Cro001G.10251.1.p1, CrChr5.736"
M9H77_01493,CrChr5.737
M9H77_01494,"Cro001G.10246.1.p1, CrChr5.740, CRO_T118957"
M9H77_01496,"CRO_T004357, Cro001G.10250.1.p2, CrChr5.741, CRO_T118958"
M9H77_01497,CRO_T004358
M9H77_01498,Cro001G.10248.1.p1
M9H77_01500,"Cro001G.10247.5.p1, CrChr5.745"
M9H77_01501,"CRO_T016850, Cro001G.10244.1.p1, CrChr5.746, CRO_T118964"
M9H77_01502,CrChr5.747
M9H77_01505,CRO_T015086
M9H77_01507,"CRO_T015084, CRO_T118968"
M9H77_01508,"Cro001G.10243.1.p1, CrChr5.749"
M9H77_01509,CRO_T032622
M9H77_01510,Cro001G.10239.1.p1
M9H77_01511,"CRO_T032623, Cro001G.10239.1.p2, CrChr5.752, CRO_T118972"
M9H77_01512,"Cro001G.10238.1.p1, CrChr5.753"
M9H77_01513,"Cro001G.10237.1.p1, CrChr5.754"
M9H77_01514,Cro001G.10241.2.p1
M9H77_01515,"CRO_T032621, Cro001G.10225.1.p1, CrChr5.756, CRO_T118977"
M9H77_01516,CRO_T019563
M9H77_01517,"Cro001G.10226.1.p1, Cro001G.10226.4.p1, Cro001G.10226.5.p1"
M9H77_01518,"CRO_T019562, Cro001G.10223.1.p1, Cro001G.10223.2.p1, CrChr5.758, CRO_T118979"
M9H77_01519,"Cro001G.10216.1.p1, CrChr5.759"
M9H77_01520,"Cro001G.10222.1.p1, CrChr5.760"
M9H77_01521,Cro001G.10215.2.p1
M9H77_01522,"Cro001G.10218.1.p1, CrChr5.762, CRO_T118984"
M9H77_01523,"Cro001G.10217.1.p1, CrChr5.763"
M9H77_01524,"CRO_T019557, Cro001G.10214.1.p1, CrChr5.764, CRO_T118986"
M9H77_01525,"CRO_T019552, CrChr5.765, CRO_T118987"
M9H77_01526,"CRO_T019551, Cro001G.10212.1.p1, CrChr5.766, CRO_T118988"
M9H77_01527,"Cro001G.10228.3.p1, Cro001G.10228.5.p1, Cro001G.10228.7.p1"
M9H77_01530,"CRO_T019556, CRO_T118993"
M9H77_01531,"CrChr5.770, CRO_T118994"
M9H77_01533,"Cro001G.10234.1.p1, CrChr5.772"
M9H77_01534,Cro001G.10232.1.p1
M9H77_01535,"Cro001G.10230.1.p1, CrChr5.775, CRO_T118998"
M9H77_01536,CRO_T008602
M9H77_01537,"CRO_T008603, Cro001G.10231.1.p1, CrChr5.777, CRO_T119000"
M9H77_01538,"Cro001G.10229.1.p1, CrChr5.778"
M9H77_01539,"Cro001G.10227.2.p1, Cro001G.10227.3.p1"
M9H77_01540,CRO_T013996
M9H77_01542,CrChr5.781
M9H77_01543,"Cro001G.10210.1.p1, CrChr5.783"
M9H77_01544,Cro001G.10211.1.p1
M9H77_01545,CRO_T119004
M9H77_01547,"Cro001G.10209.1.p1, CrChr5.786"
M9H77_01548,"CRO_T033008, Cro001G.10208.1.p1, Cro001G.10208.3.p1, CRO_T119007"
M9H77_01549,"CRO_T007972, Cro001G.10206.2.p1, Cro001G.10207.1.p1, CrChr5.788, CRO_T119008"
M9H77_01551,"CRO_T007969, CRO_T119010"
M9H77_01552,CRO_T007968
M9H77_01553,CRO_T033179
M9H77_01554,"CRO_T012167, Cro001G.10203.1.p1, CrChr5.793, CRO_T119013"
M9H77_01555,CrChr5.794
M9H77_01556,"CRO_T012165, CRO_T119014"
M9H77_01557,CRO_T012166
M9H77_01558,"Cro001G.10199.1.p1, Cro001G.10199.2.p1, CrChr5.796"
M9H77_01559,"Cro001G.10201.1.p1, Cro001G.10201.2.p1, CrChr5.797"
M9H77_01560,"Cro001G.10202.1.p1, CrChr5.798"
M9H77_01561,"CRO_T006127, Cro001G.10201.1.p2, Cro001G.10201.2.p2, CrChr5.799, CRO_T119020"
M9H77_01562,"CRO_T006126, Cro001G.10196.1.p1, CrChr5.800, CRO_T119021"
M9H77_01563,Cro001G.10198.4.p1
M9H77_01564,"CRO_T006119, Cro001G.10197.1.p1, CrChr5.802, CRO_T119023"
M9H77_01566,Cro001G.10192.1.p1
M9H77_01567,"CRO_T006118, CrChr5.804, CRO_T119025"
M9H77_01568,"CRO_T006123, Cro001G.10194.1.p1, CrChr5.805, CRO_T119026"
M9H77_01569,"Cro001G.10193.1.p1, CrChr5.806"
M9H77_01570,"Cro001G.10195.1.p1, CrChr5.807"
M9H77_01571,"CRO_T006116, Cro001G.10190.1.p1, CrChr5.808, CRO_T119029"
M9H77_01572,"Cro001G.10189.1.p1, CRO_T119030"
M9H77_01573,"CRO_T015096, Cro001G.10188.1.p1, CrChr5.810, CRO_T119031"
M9H77_01574,CrChr5.811
M9H77_01576,CRO_T015098
M9H77_01577,"Cro001G.10185.1.p1, Cro001G.10187.2.p1"
M9H77_01578,"Cro001G.10186.1.p1, CrChr5.813"
M9H77_01579,"CRO_T003878, Cro001G.10184.1.p1, Cro001G.10184.2.p1, CrChr5.814, CRO_T119039"
M9H77_01581,"Cro001G.10179.1.p1, CRO_T119041"
M9H77_01582,CRO_T008558
M9H77_01583,CRO_T026387
M9H77_01584,"CRO_T026389, CRO_T119044"
M9H77_01585,"CRO_T026385, Cro001G.10175.1.p1, CRO_T119045"
M9H77_01586,"CRO_T026388, Cro001G.10174.1.p1, CRO_T119046"
M9H77_01587,"CRO_T026386, CrChr5.823, CRO_T119047"
M9H77_01588,CrChr5.826
M9H77_01590,CRO_T029021
M9H77_01591,"CRO_T029016, CrChr5.827, CRO_T119048"
M9H77_01592,"CRO_T029017, CrChr5.828, CRO_T119049"
M9H77_01594,"Cro001G.10178.1.p1, CrChr5.830"
M9H77_01597,CRO_T004669
M9H77_01599,"CRO_T004668, Cro001G.10170.1.p1, CrChr5.834, CRO_T119057"
M9H77_01600,Cro001G.10169.1.p1
M9H77_01601,"Cro001G.10166.1.p1, CrChr5.836, CRO_T119059"
M9H77_01602,"CRO_T004667, Cro001G.10168.1.p1, CrChr5.838, CRO_T119060"
M9H77_01603,"CRO_T004663, Cro001G.10167.1.p1, Cro001G.10167.2.p2, Cro001G.10167.3.p2, Cro001G.10167.4.p1, Cro001G.10167.5.p2, Cro001G.10168.1.p2, CrChr5.839, CRO_T119061"
M9H77_01604,Cro001G.10164.1.p1
M9H77_01606,"Cro001G.10160.1.p1, Cro001G.10160.2.p1, Cro001G.10160.3.p1, CrChr5.843"
M9H77_01607,"CRO_T001688, CRO_T119065"
M9H77_01610,"Cro001G.10162.1.p3, Cro001G.10162.2.p3, CrChr5.847"
M9H77_01611,Cro001G.10159.1.p1
M9H77_01612,"CRO_T029445, CrChr5.849, CRO_T119070"
M9H77_01613,"CRO_T029446, CrChr5.850, CRO_T119071"
M9H77_01614,"CRO_T000708, Cro001G.10147.1.p1, Cro001G.10147.2.p1, Cro001G.10147.3.p1, Cro001G.10147.4.p1, CrChr5.851, CRO_T119072"
M9H77_01615,"CRO_T001457, CrChr5.852, CRO_T119073"
M9H77_01616,"CRO_T001462, CRO_T119075"
M9H77_01617,"Cro001G.10152.1.p1, CrChr5.853"
M9H77_01618,"CRO_T001460, Cro001G.10157.1.p1, CrChr5.854, CRO_T119077"
M9H77_01619,"CRO_T001456, Cro001G.10156.1.p1, CrChr5.855, CRO_T119078"
M9H77_01620,"CRO_T001455, Cro001G.10155.1.p1, CrChr5.856, CRO_T119079"
M9H77_01621,"CRO_T001454, CRO_T119080"
M9H77_01622,"Cro001G.10153.1.p1, CrChr5.858"
M9H77_01623,"CRO_T001452, CRO_T119082"
M9H77_01624,"CRO_T001459, Cro001G.10149.2.p3, Cro001G.10149.3.p3, Cro001G.10150.1.p2, CrChr5.861, CRO_T119083"
M9H77_01625,"CRO_T001458, Cro001G.10150.1.p1, CrChr5.862, CRO_T119084"
M9H77_01626,CrChr5.863
M9H77_01627,"Cro001G.10138.1.p1, CrChr5.864"
M9H77_01628,"Cro001G.10137.1.p1, CrChr5.865"
M9H77_01629,"Cro001G.10136.1.p1, CrChr5.866"
M9H77_01630,CrChr5.867
M9H77_01631,"CRO_T017625, Cro001G.10141.1.p1, CrChr5.868"
M9H77_01632,"Cro001G.10146.1.p1, CrChr5.869"
M9H77_01633,"CRO_T006323, Cro001G.10145.1.p1, Cro001G.10145.2.p1, CrChr5.870"
M9H77_01635,Cro001G.10143.1.p1
M9H77_01636,"Cro001G.10142.2.p1, CrChr5.873"
M9H77_01637,"CRO_T021968, CrChr5.874, CRO_T119096"
M9H77_01638,Cro001G.10129.1.p1
M9H77_01639,"CRO_T021969, Cro001G.10128.1.p1, CrChr5.876, CRO_T119098"
M9H77_01640,"Cro001G.10126.1.p1, Cro001G.10126.2.p1"
M9H77_01641,CRO_T026317
M9H77_01642,CRO_T026318
M9H77_01643,"CRO_T023875, Cro001G.10124.1.p1, CrChr5.879, CRO_T119102"
M9H77_01644,"Cro001G.10123.1.p1, CrChr5.881"
M9H77_01645,"CRO_T006109, Cro001G.10122.1.p1, CrChr5.882, CRO_T119105"
M9H77_01649,"Cro001G.10127.1.p1, CrChr5.884"
M9H77_01651,"CrChr5.886, CrChr5.887"
M9H77_01652,CRO_T011827
M9H77_01654,"Cro001G.10117.2.p1, CrChr5.889"
M9H77_01655,"CRO_T022844, Cro001G.10116.1.p1, CrChr5.890, CRO_T119113"
M9H77_01656,Cro001G.10115.1.p1
M9H77_01657,"Cro001G.10130.1.p1, CrChr5.892, CRO_T119115"
M9H77_01659,"Cro001G.10134.1.p1, CrChr5.895"
M9H77_01660,"Cro001G.10133.1.p1, CrChr5.896"
M9H77_01661,"Cro001G.10132.1.p1, CrChr5.897, CRO_T119121"
M9H77_01662,"Cro001G.10131.1.p1, CrChr5.898"
M9H77_01663,"Cro001G.10114.1.p1, CRO_T119125"
M9H77_01664,"CRO_T001094, CrChr5.900, CRO_T119126"
M9H77_01665,"Cro001G.10109.1.p1, CRO_T119127"
M9H77_01666,"CRO_T001095, Cro001G.10113.1.p1, CrChr5.902, CRO_T119128"
M9H77_01668,"Cro001G.10108.1.p1, Cro001G.10108.2.p1, Cro001G.10108.3.p1, Cro001G.10108.4.p1, Cro001G.10108.5.p1, Cro001G.10108.6.p1"
M9H77_01669,"Cro001G.10108.2.p2, Cro001G.10108.5.p2"
M9H77_01670,"Cro001G.10107.1.p1, CrChr5.907"
M9H77_01671,CRO_T007065
M9H77_01673,"CRO_T032670, Cro001G.10088.1.p3, CRO_T119137"
M9H77_01674,"Cro001G.10086.1.p1, CRO_T119138"
M9H77_01675,"Cro001G.10079.1.p1, Cro001G.10079.2.p1"
M9H77_01676,"CRO_T032664, Cro001G.10081.1.p1, CRO_T119140"
M9H77_01677,"CRO_T032665, CRO_T119141"
M9H77_01678,Cro001G.10085.1.p1
M9H77_01679,"Cro001G.10084.1.p1, CrChr5.914, CRO_T119143"
M9H77_01680,CrChr5.915
M9H77_01681,"Cro001G.10082.1.p1, CRO_T119145"
M9H77_01682,CrChr5.917
M9H77_01683,"CRO_T032669, Cro001G.10078.1.p1, Cro001G.10078.2.p2"
M9H77_01684,"CRO_T032675, Cro001G.10077.1.p1, CrChr5.919, CRO_T119148"
M9H77_01685,CrChr5.920
M9H77_01686,"CRO_T032676, CrChr5.921, CRO_T119151"
M9H77_01688,CRO_T032677
M9H77_01689,CRO_T032678
M9H77_01690,CRO_T032679
M9H77_01691,"CRO_T032685, CRO_T119155"
M9H77_01694,"CRO_T032681, CRO_T119157"
M9H77_01695,"CRO_T032682, CrChr5.927, CRO_T119158"
M9H77_01696,"Cro001G.10106.1.p1, CrChr5.928"
M9H77_01697,"CRO_T003264, Cro001G.10105.1.p1, CrChr5.929, CRO_T119161"
M9H77_01698,"CRO_T003270, Cro001G.10104.1.p1, CrChr5.930, CRO_T119162"
M9H77_01699,"CRO_T003265, CrChr5.931, CRO_T119163"
M9H77_01700,"CRO_T003271, CRO_T119164"
M9H77_01701,"CRO_T003272, CrChr5.932, CRO_T119165"
M9H77_01702,"CRO_T003266, Cro001G.10095.1.p1, CrChr5.933, CRO_T119166"
M9H77_01705,CRO_T003274
M9H77_01706,CrChr5.936
M9H77_01707,"Cro001G.10100.1.p1, CrChr5.937, CRO_T119171"
M9H77_01708,"CRO_T003268, CrChr5.938, CRO_T119172"
M9H77_01709,"Cro001G.10099.1.p1, CrChr5.939"
M9H77_01710,"CRO_T031368, Cro001G.10098.1.p1, CrChr5.940, CRO_T119174"
M9H77_01711,"CRO_T031367, CRO_T119175"
M9H77_01712,CRO_T023632
M9H77_01713,"CRO_T023627, Cro001G.10097.1.p1, CrChr5.942, CRO_T119177"
M9H77_01714,"CRO_T023633, CrChr5.943, CRO_T119178"
M9H77_01715,"Cro001G.10096.1.p1, CrChr5.944"
M9H77_01717,"Cro001G.10094.1.p1, Cro001G.10094.2.p1"
M9H77_01718,Cro001G.10093.1.p1
M9H77_01719,"CRO_T023636, CRO_T119183"
M9H77_01720,"Cro001G.10069.10.p1, Cro001G.10069.11.p1, Cro001G.10069.7.p1, Cro001G.10069.9.p1"
M9H77_01721,CRO_T023638
M9H77_01723,"CRO_T023631, Cro001G.10071.1.p1, CRO_T119187"
M9H77_01724,"CRO_T023639, Cro001G.10070.1.p1, Cro001G.10070.2.p1, CRO_T119188"
M9H77_01726,"CRO_T023641, CrChr5.955, CRO_T119192"
M9H77_01727,CRO_T020382
M9H77_01728,"CRO_T020380, Cro001G.10065.1.p1, CrChr5.957, CRO_T119197"
M9H77_01729,"CRO_T020381, Cro001G.10067.7.p1, CrChr5.958, CRO_T119198"
M9H77_01731,"CRO_T006528, Cro001G.10063.1.p1, CrChr5.960, CRO_T119200"
M9H77_01732,"CRO_T006527, CrChr5.962, CRO_T119202"
M9H77_01733,"CrChr5.963, CRO_T119203"
M9H77_01734,"Cro001G.10060.1.p1, CrChr5.964, CRO_T119204"
M9H77_01735,"Cro001G.10066.1.p1, CrChr5.965"
M9H77_01736,"CRO_T022146, Cro001G.10059.1.p1, CrChr5.966, CRO_T119206"
M9H77_01737,"CRO_T022139, Cro001G.10058.1.p1, CrChr5.967, CRO_T119207"
M9H77_01738,"CRO_T022138, Cro001G.10056.1.p1, CrChr5.968, CRO_T119208"
M9H77_01739,Cro001G.10055.1.p1
M9H77_01740,CRO_T022144
M9H77_01743,"CRO_T022137, CRO_T119212"
M9H77_01744,"CRO_T022142, Cro001G.10048.1.p1, CRO_T119214"
M9H77_01747,"Cro001G.10047.1.p1, CrChr5.977"
M9H77_01748,"Cro001G.10046.2.p1, CRO_T119218"
M9H77_01749,CRO_T018961
M9H77_01750,"Cro001G.10044.1.p1, CrChr5.979"
M9H77_01751,"CRO_T018958, Cro001G.10043.1.p1, CrChr5.980, CRO_T119220"
M9H77_01752,CRO_T018960
M9H77_01753,CRO_T018962
M9H77_01754,"Cro001G.10041.1.p1, CrChr5.981, CRO_T119223"
M9H77_01755,"CRO_T011901, Cro001G.10040.1.p1, CrChr5.982, CRO_T119224"
M9H77_01756,"CRO_T027798, CRO_T119227"
M9H77_01757,"CRO_T027795, Cro001G.10038.1.p1, CrChr5.983, CRO_T119228"
M9H77_01758,CRO_T027796
M9H77_01760,Cro001G.10037.1.p1
M9H77_01761,"CRO_T006474, CRO_T119233"
M9H77_01762,"CRO_T000653, Cro001G.10036.1.p1, CrChr5.986, CRO_T119236"
M9H77_01763,CrChr5.987
M9H77_01765,"CRO_T023391, CRO_T119239"
M9H77_01766,"Cro001G.10035.1.p1, CrChr5.989, CRO_T119240"
M9H77_01768,CRO_T030199
M9H77_01770,CRO_T015253
M9H77_01771,"Cro001G.10034.1.p1, CrChr5.992"
M9H77_01772,Cro001G.10032.1.p1
M9H77_01773,"Cro001G.10033.1.p1, CrChr5.994"
M9H77_01774,"CRO_T001949, CRO_T119247"
M9H77_01780,CrChr5.997
M9H77_01781,CRO_T013321
M9H77_01783,"CRO_T017147, Cro001G.10028.1.p1, CrChr5.1002, CRO_T119256"
M9H77_01785,"Cro001G.10023.1.p2, CrChr5.1003"
M9H77_01786,"CRO_T003893, Cro001G.10022.1.p1, CrChr5.1004, CRO_T119258"
M9H77_01788,"CRO_T003894, Cro001G.10020.1.p1, CrChr5.1005, CRO_T119259"
M9H77_01790,"CRO_T030070, Cro001G.10019.1.p1, CRO_T119261"
M9H77_01791,CRO_T001892
M9H77_01792,CRO_T001891
M9H77_01794,"CRO_T006542, Cro001G.10021.1.p1, CrChr5.1012, CRO_T119265"
M9H77_01796,CRO_T006544
M9H77_01798,"CRO_T022017, Cro001G.10018.1.p1, CrChr5.1014, CRO_T119270"
M9H77_01799,"CRO_T022018, CrChr5.1015, CRO_T119271"
M9H77_01802,"Cro001G.10017.1.p1, CrChr5.1016"
M9H77_01803,"Cro001G.10016.1.p1, CrChr5.1017"
M9H77_01804,"Cro001G.10024.4.p1, CrChr5.1018"
M9H77_01806,CrChr5.1020
M9H77_01807,CRO_T004748
M9H77_01817,"Cro001G.10014.1.p1, Cro001G.10014.2.p1, CrChr5.1027"
M9H77_01819,"CRO_T010265, Cro001G.10012.1.p1, CrChr5.1031, CRO_T119286"
M9H77_01820,CRO_T010264
M9H77_01821,"CRO_T028435, Cro001G.10010.1.p1, CRO_T119288"
M9H77_01823,Cro001G.10011.1.p1
M9H77_01824,"Cro001G.10006.1.p1, CrChr5.1034, CRO_T119293"
M9H77_01825,"CRO_T012194, CRO_T119294"
M9H77_01826,"CRO_T012191, Cro001G.10007.3.p1, Cro001G.10007.5.p1, CRO_T119295"
M9H77_01829,"Cro001G.10009.1.p1, CrChr5.1036"
M9H77_01832,Cro001G.10007.2.p1
M9H77_01835,CRO_T010749
M9H77_01836,CRO_T029352
M9H77_01837,"Cro001G.9998.1.p1, CrChr5.1043"
M9H77_01838,CRO_T001517
M9H77_01840,"Cro001G.9997.1.p1, CrChr5.1045"
M9H77_01841,"CRO_T003289, CrChr5.1046, CRO_T119309"
M9H77_01842,"Cro001G.9999.1.p1, CrChr5.1047"
M9H77_01843,CRO_T015039
M9H77_01845,"CRO_T011812, Cro001G.9993.1.p1, Cro001G.9993.2.p1, CrChr5.1049, CRO_T119313"
M9H77_01846,CRO_T022960
M9H77_01847,"Cro001G.9991.1.p1, CrChr5.1050"
M9H77_01848,"CRO_T022962, CRO_T119317"
M9H77_01849,"CRO_T018590, Cro001G.9992.1.p1, Cro001G.9992.3.p1, CRO_T119318"
M9H77_01850,"CRO_T002774, CrChr5.1052, CRO_T119320"
M9H77_01851,"Cro001G.9989.1.p1, CrChr5.1053, CRO_T119321"
M9H77_01852,Cro001G.9987.1.p1
M9H77_01854,"Cro001G.9994.1.p1, CrChr5.1056, CRO_T119324"
M9H77_01855,Cro001G.9986.1.p1
M9H77_01858,Cro001G.9985.1.p1
M9H77_01860,CRO_T007190
M9H77_01862,CRO_T021133
M9H77_01863,"CRO_T021132, Cro001G.9983.2.p1, CrChr5.1060, CRO_T119334"
M9H77_01864,"Cro001G.9982.1.p1, Cro001G.9982.2.p2, CrChr5.1062, CRO_T119335"
M9H77_01865,"CRO_T003773, CRO_T119336"
M9H77_01867,"Cro001G.9977.1.p1, Cro001G.9977.2.p1"
M9H77_01868,"Cro001G.9976.1.p1, CrChr5.1066, CRO_T119341"
M9H77_01869,"CRO_T013713, CRO_T119343"
M9H77_01870,"Cro001G.9974.1.p1, CrChr5.1067"
M9H77_01871,CrChr5.1068
M9H77_01873,CRO_T020325
M9H77_01875,"CRO_T008717, CRO_T119352"
M9H77_01876,CRO_T007791
M9H77_01878,CRO_T031120
M9H77_01879,CRO_T031118
M9H77_01880,CRO_T031117
M9H77_01882,CRO_T021093
M9H77_01883,CRO_T005149
M9H77_01884,"CRO_T012308, CRO_T119363"
M9H77_01885,CRO_T017602
M9H77_01886,CRO_T017533
M9H77_01888,CRO_T007029
M9H77_01889,CRO_T007028
M9H77_01892,CRO_T012655
M9H77_01893,"CRO_T021989, CRO_T119372"
M9H77_01894,CRO_T021991
M9H77_01895,CRO_T030848
M9H77_01900,CRO_T005836
M9H77_01901,"CRO_T005835, CRO_T128822"
M9H77_01904,"CRO_T004007, CRO_T106148"
M9H77_01906,CRO_T013652
M9H77_01907,CRO_T012373
M9H77_01908,Cro001G.8602.1.p1
M9H77_01909,"CRO_T012372, CRO_T106155"
M9H77_01910,"CRO_T012371, Cro001G.8601.1.p1, Cro001G.8601.2.p1, Cro001G.8601.3.p1, CrChr5.1099, CRO_T106156"
M9H77_01911,"CRO_T028433, Cro001G.8598.1.p1, Cro001G.8598.2.p1, CrChr5.1100, CRO_T106157"
M9H77_01912,"CRO_T027184, CRO_T106160"
M9H77_01913,CRO_T027185
M9H77_01914,CRO_T022722
M9H77_01915,"CRO_T022721, Cro001G.8585.1.p1, CrChr5.1104, CRO_T106162"
M9H77_01916,"CRO_T016203, Cro001G.8584.1.p1, CrChr5.1105, CRO_T106163"
M9H77_01917,"CRO_T016202, Cro001G.8584.1.p2, CRO_T106164"
M9H77_01919,CRO_T019686
M9H77_01920,"CRO_T019685, Cro001G.8582.1.p1, CrChr5.1108, CRO_T106168"
M9H77_01923,"CRO_T025572, Cro001G.8580.1.p1, CrChr5.1110"
M9H77_01925,"CRO_T025574, CRO_T106171"
M9H77_01926,CRO_T025573
M9H77_01927,"Cro001G.8591.1.p1, CrChr5.1112"
M9H77_01928,"CRO_T033020, CrChr5.1114, CRO_T106175"
M9H77_01931,CRO_T031972
M9H77_01933,"CRO_T002249, CRO_T106182"
M9H77_01936,CRO_T022336
M9H77_01937,"CRO_T022335, CRO_T106185"
M9H77_01938,CRO_T022337
M9H77_01939,Cro001G.8604.1.p1
M9H77_01940,"CRO_T016669, CrChr5.1124"
M9H77_01941,CRO_T016671
M9H77_01944,"CRO_T029092, CRO_T106191"
M9H77_01945,CRO_T029091
M9H77_01946,"CRO_T029094, CRO_T106193"
M9H77_01948,"Cro001G.8576.1.p1, CrChr5.1128"
M9H77_01950,CRO_T025497
M9H77_01952,"CRO_T008235, CRO_T106197"
M9H77_01953,"CRO_T024303, Cro001G.8575.1.p1, Cro001G.8575.2.p1, CrChr5.1129, CRO_T106200"
M9H77_01954,"CRO_T024302, Cro001G.8574.1.p1, CrChr5.1130, CRO_T106201"
M9H77_01955,Cro001G.8572.1.p1
M9H77_01957,CRO_T000633
M9H77_01959,"CRO_T000634, Cro001G.8573.1.p1, Cro001G.8573.2.p1, CrChr5.1134, CRO_T106204"
M9H77_01960,CRO_T011003
M9H77_01961,"CRO_T011004, CrChr5.1136, CRO_T106207"
M9H77_01962,CRO_T026143
M9H77_01963,"CRO_T009637, CRO_T106209"
M9H77_01964,"CRO_T009636, Cro001G.8571.1.p1, Cro001G.8571.2.p1"
M9H77_01965,CRO_T004109
M9H77_01966,"CRO_T001699, CRO_T106214"
M9H77_01968,"Cro001G.8569.1.p1, CrChr5.1143, CRO_T106216"
M9H77_01969,CRO_T015914
M9H77_01970,CRO_T015915
M9H77_01971,"CRO_T015916, CrChr5.1146, CRO_T106219"
M9H77_01972,CRO_T015917
M9H77_01976,"CRO_T021619, CRO_T106225"
M9H77_01977,"CRO_T021617, Cro001G.8562.1.p1, CrChr5.1150, CRO_T106227"
M9H77_01979,CrChr5.1152
M9H77_01980,CrChr5.1153
M9H77_01981,"Cro001G.8556.1.p1, CrChr5.1154, CRO_T106231"
M9H77_01982,CRO_T023052
M9H77_01984,"CRO_T010908, CRO_T106234"
M9H77_01985,"CRO_T010907, Cro001G.8565.1.p1, CrChr5.1156, CRO_T106235"
M9H77_01986,Cro001G.8564.1.p1
M9H77_01987,"CRO_T012468, CrChr5.1159, CRO_T106237"
M9H77_01989,CRO_T021292
M9H77_01990,"CRO_T021289, Cro001G.8554.1.p1, CrChr5.1160, CRO_T106240"
M9H77_01991,"Cro001G.8561.1.p1, CrChr5.1162"
M9H77_01992,CRO_T021290
M9H77_01993,"CRO_T021288, Cro001G.8559.1.p1, CRO_T106244"
M9H77_01994,"CRO_T002590, CRO_T106246"
M9H77_01997,"CRO_T019955, Cro001G.8551.1.p1, CrChr5.1167, CRO_T106249"
M9H77_01998,CRO_T008818
M9H77_01999,CRO_T106250
M9H77_02001,CRO_T008817
M9H77_02003,CRO_T033776
M9H77_02005,"CRO_T033287, Cro001G.8549.1.p1, CrChr5.1170, CRO_T106253"
M9H77_02008,"CRO_T003699, CRO_T119428"
M9H77_02009,"CRO_T016683, CRO_T119427"
M9H77_02019,"CRO_T002021, Cro001G.8547.1.p1, CrChr5.1178, CRO_T122667"
M9H77_02022,CRO_T009657
M9H77_02023,CRO_T004763
M9H77_02024,CRO_T001917
M9H77_02027,CRO_T022189
M9H77_02030,CRO_T029747
M9H77_02031,CRO_T008371
M9H77_02035,CRO_T030371
M9H77_02036,CRO_T001788
M9H77_02037,CRO_T013547
M9H77_02040,"Cro001G.8525.1.p1, CrChr5.1195"
M9H77_02041,CRO_T029783
M9H77_02042,CRO_T029782
M9H77_02043,CRO_T015016
M9H77_02044,CRO_T001626
M9H77_02046,"CRO_T005880, Cro001G.8510.1.p1, CrChr5.1198, CRO_T122690"
M9H77_02047,"Cro001G.8511.1.p1, CrChr5.1199"
M9H77_02049,CRO_T002798
M9H77_02051,"CRO_T008260, Cro001G.8509.1.p1, CRO_T122694"
M9H77_02052,"CRO_T008259, Cro001G.8508.1.p1, CrChr5.1201, CRO_T122696"
M9H77_02053,"CRO_T008258, Cro001G.8507.1.p1, CRO_T122697"
M9H77_02054,CRO_T025201
M9H77_02055,CRO_T012259
M9H77_02059,CRO_T015848
M9H77_02060,Cro001G.8522.1.p1
M9H77_02062,CRO_T029764
M9H77_02063,CRO_T015847
M9H77_02066,CRO_T019366
M9H77_02068,CRO_T017652
M9H77_02070,CRO_T028645
M9H77_02071,"CRO_T028647, CRO_T122721"
M9H77_02072,CRO_T028648
M9H77_02073,CRO_T028646
M9H77_02074,"CRO_T008044, CRO_T122726"
M9H77_02076,Cro001G.8504.1.p1
M9H77_02077,"CRO_T010797, Cro001G.8506.1.p1, CrChr5.1225, CRO_T122728"
M9H77_02078,CRO_T024893
M9H77_02079,"CRO_T010492, CRO_T122730"
M9H77_02080,CRO_T010493
M9H77_02081,"Cro001G.8503.1.p1, CrChr5.1229"
M9H77_02082,CRO_T004504
M9H77_02084,"CRO_T004503, CRO_T122736"
M9H77_02085,"CRO_T004502, Cro001G.8499.1.p1, CrChr5.1230, CRO_T122737"
M9H77_02086,"CRO_T021282, CRO_T122740"
M9H77_02088,"CRO_T021286, CRO_T122743"
M9H77_02089,"CRO_T021285, CRO_T122744"
M9H77_02090,"CRO_T021284, Cro001G.8498.1.p1, CrChr5.1237, CRO_T122747"
M9H77_02091,"CRO_T021283, Cro001G.16689.1.p5, CRO_T122748"
M9H77_02092,"Cro001G.16689.1.p1, Cro001G.8497.1.p1"
M9H77_02093,CRO_T031658
M9H77_02095,CRO_T031659
M9H77_02096,CRO_T031657
M9H77_02097,"CRO_T031660, CRO_T122756"
M9H77_02098,"CRO_T012616, CrChr5.1243, CRO_T122757"
M9H77_02103,Cro001G.16692.1.p1
M9H77_02104,"CRO_T009781, CRO_T122762"
M9H77_02105,"Cro001G.16691.1.p1, Cro001G.16691.2.p1, Cro001G.16691.3.p1, Cro001G.16691.4.p1, CRO_T122764"
M9H77_02109,CRO_T003452
M9H77_02110,"Cro001G.16684.1.p1, CrChr5.1249"
M9H77_02114,"Cro001G.16683.1.p1, Cro001G.16683.3.p1, CrChr5.1251"
M9H77_02115,Cro001G.16668.1.p1
M9H77_02116,"CRO_T006439, CRO_T122773"
M9H77_02118,CRO_T006440
M9H77_02120,CRO_T010632
M9H77_02122,"Cro001G.16670.1.p1, CrChr5.1252"
M9H77_02123,Cro001G.16669.1.p1
M9H77_02126,"CRO_T013046, CRO_T122785"
M9H77_02127,CRO_T013045
M9H77_02128,"CRO_T013047, CRO_T122786"
M9H77_02130,CRO_T005464
M9H77_02131,"Cro001G.5436.1.p1, CrChr5.1256, CRO_T122790"
M9H77_02137,"CRO_T000199, CRO_T122797"
M9H77_02138,"Cro001G.5435.1.p1, CrChr5.1262"
M9H77_02142,"CRO_T006464, CRO_T122805"
M9H77_02144,"CRO_T018269, Cro001G.5429.1.p1, CrChr5.1266, CRO_T122809"
M9H77_02145,CRO_T026292
M9H77_02146,CRO_T005491
M9H77_02148,CRO_T005490
M9H77_02149,"CRO_T000118, CRO_T122813"
M9H77_02150,"CRO_T000117, CRO_T122815"
M9H77_02153,"CRO_T000119, CRO_T122816"
M9H77_02156,Cro001G.5426.1.p1
M9H77_02157,"CRO_T011567, Cro001G.5427.1.p1, CRO_T122821"
M9H77_02160,CRO_T011568
M9H77_02161,"CRO_T000449, Cro001G.5424.1.p1, CrChr5.1278, CRO_T122824"
M9H77_02162,CRO_T000450
M9H77_02163,CRO_T000451
M9H77_02165,CRO_T019811
M9H77_02167,"CRO_T017791, CRO_T122833"
M9H77_02169,Cro001G.5418.2.p1
M9H77_02170,"Cro001G.5419.2.p1, Cro001G.5419.5.p1"
M9H77_02171,"Cro001G.5416.1.p1, CrChr5.1291"
M9H77_02172,CRO_T003185
M9H77_02173,CRO_T003183
M9H77_02174,"CRO_T026144, CRO_T122842"
M9H77_02176,CRO_T014111
M9H77_02180,"CRO_T010892, CRO_T122851"
M9H77_02183,"CRO_T001169, CRO_T122855"
M9H77_02185,"CRO_T033543, CRO_T122857"
M9H77_02187,"CRO_T033540, CRO_T122859"
M9H77_02188,CRO_T017091
M9H77_02189,CRO_T026369
M9H77_02190,CRO_T026368
M9H77_02191,CRO_T012282
M9H77_02194,"CRO_T005653, CRO_T122863"
M9H77_02195,"CRO_T005654, CRO_T122864"
M9H77_02197,CRO_T007080
M9H77_02198,"CRO_T030264, CRO_T122866"
M9H77_02200,CRO_T017986
M9H77_02201,CRO_T017987
M9H77_02202,CRO_T017985
M9H77_02203,CRO_T033059
M9H77_02205,"CRO_T007290, CRO_T122872"
M9H77_02207,"CRO_T005704, CRO_T122873"
M9H77_02208,CRO_T006667
M9H77_02209,Cro001G.5413.1.p1
M9H77_02210,CRO_T007535
M9H77_02211,"Cro001G.5408.1.p1, CrChr5.1314"
M9H77_02213,"CRO_T032484, CRO_T122879"
M9H77_02222,"CRO_T022863, Cro001G.5412.1.p1, Cro001G.5412.2.p1, CRO_T122888"
M9H77_02224,CRO_T018050
M9H77_02225,CRO_T018049
M9H77_02226,CRO_T018051
M9H77_02227,CRO_T016006
M9H77_02228,"CRO_T016005, CRO_T118287"
M9H77_02230,"CRO_T007128, CRO_T118290"
M9H77_02231,CRO_T007127
M9H77_02232,"Cro001G.5406.1.p1, CrChr5.1326, CRO_T118293"
M9H77_02234,"Cro001G.5404.1.p1, Cro001G.5404.2.p1, Cro001G.5404.3.p1, Cro001G.5404.4.p1, Cro001G.5404.5.p1"
M9H77_02235,"CRO_T027134, CRO_T118297"
M9H77_02236,"CRO_T011055, CRO_T118298"
M9H77_02237,CRO_T021811
M9H77_02238,"CRO_T029085, CRO_T121598"
M9H77_02240,CRO_T029086
M9H77_02241,"CRO_T029087, CRO_T121596"
M9H77_02242,CRO_T029088
M9H77_02243,CRO_T029084
M9H77_02244,CRO_T026250
M9H77_02245,CRO_T025594
M9H77_02246,CRO_T020642
M9H77_02251,CRO_T022990
M9H77_02253,"CRO_T012253, CRO_T140442"
M9H77_02254,"CRO_T012252, CRO_T140443"
M9H77_02255,"CRO_T002964, CRO_T140445"
M9H77_02256,CRO_T031606
M9H77_02257,CRO_T032874
M9H77_02258,CRO_T020997
M9H77_02259,CRO_T000011
M9H77_02262,CRO_T029328
M9H77_02263,"Cro001G.224.1.p1, Cro001G.224.2.p1, Cro001G.224.5.p1, Cro001G.224.6.p1, Cro001G.224.7.p1"
M9H77_02265,CRO_T140461
M9H77_02267,CRO_T004299
M9H77_02268,CRO_T004302
M9H77_02269,CRO_T015275
M9H77_02270,CRO_T140476
M9H77_02272,"CRO_T017082, CRO_T140477"
M9H77_02273,CRO_T017080
M9H77_02274,"Cro001G.219.1.p1, Cro001G.219.2.p1, CrChr5.1349"
M9H77_02278,CRO_T027764
M9H77_02279,CRO_T019916
M9H77_02280,CRO_T019917
M9H77_02281,CRO_T019918
M9H77_02284,"CRO_T032491, CRO_T140486"
M9H77_02285,CRO_T032494
M9H77_02286,CRO_T032492
M9H77_02287,CRO_T032493
M9H77_02288,"CRO_T032495, CRO_T140489"
M9H77_02289,CRO_T008824
M9H77_02290,CRO_T006908
M9H77_02291,CRO_T006909
M9H77_02294,CRO_T004034
M9H77_02295,CRO_T005294
M9H77_02296,"Cro001G.213.1.p1, CrChr5.1355"
M9H77_02297,CRO_T000792
M9H77_02299,CRO_T030596
M9H77_02301,"CRO_T025903, CRO_T140509"
M9H77_02302,CRO_T004578
M9H77_02303,"Cro001G.210.1.p1, Cro001G.210.3.p1, CRO_T140510"
M9H77_02305,CRO_T031026
M9H77_02306,CRO_T031027
M9H77_02307,CRO_T017092
M9H77_02309,CRO_T025888
M9H77_02312,CRO_T011607
M9H77_02313,"CRO_T011606, CRO_T140522"
M9H77_02314,"CRO_T011602, Cro001G.206.1.p2, Cro001G.206.2.p3, CrChr5.1369, CRO_T140523"
M9H77_02315,"CRO_T011605, Cro001G.206.1.p1, CrChr5.1370, CRO_T140524"
M9H77_02316,"CRO_T011603, CRO_T140525"
M9H77_02317,Cro001G.204.1.p1
M9H77_02319,Cro001G.203.1.p1
M9H77_02321,CRO_T012602
M9H77_02322,"CRO_T012600, CRO_T140532"
M9H77_02323,CRO_T012601
M9H77_02325,"CRO_T008290, CRO_T140535"
M9H77_02326,Cro001G.201.1.p1
M9H77_02327,"CRO_T031838, CRO_T140539"
M9H77_02328,CRO_T000724
M9H77_02330,CRO_T027620
M9H77_02331,"CRO_T027621, CRO_T140544"
M9H77_02334,CRO_T013198
M9H77_02336,"Cro001G.200.1.p1, CrChr5.1388"
M9H77_02337,Cro001G.199.1.p1
M9H77_02340,CRO_T031197
M9H77_02341,CRO_T031198
M9H77_02344,CRO_T007298
M9H77_02345,"Cro001G.194.1.p1, Cro001G.194.2.p1, CrChr5.1397"
M9H77_02346,CRO_T140563
M9H77_02355,CRO_T010213
M9H77_02356,CRO_T010212
M9H77_02357,CRO_T010679
M9H77_02358,CRO_T000977
M9H77_02360,"CRO_T021657, CRO_T118159"
M9H77_02363,"CRO_T004304, CRO_T118156"
M9H77_02366,CRO_T009925
M9H77_02367,"CRO_T009924, CRO_T118148"
M9H77_02368,CRO_T009923
M9H77_02371,"CRO_T000575, CRO_T118146"
M9H77_02372,"CRO_T000576, CRO_T118144"
M9H77_02373,"CRO_T000573, Cro001G.190.1.p1, CRO_T118142"
M9H77_02374,"CRO_T000574, CRO_T118141"
M9H77_02377,"CRO_T027042, CRO_T118138"
M9H77_02378,"CRO_T027041, CRO_T118137"
M9H77_02380,"Cro001G.192.1.p1, Cro001G.192.3.p1, CRO_T118135"
M9H77_02381,CRO_T024643
M9H77_02383,"CRO_T003217, CRO_T118130"
M9H77_02384,"CRO_T003216, CRO_T118129"
M9H77_02385,"CRO_T003215, CRO_T118127"
M9H77_02388,"CRO_T026479, Cro001G.181.1.p1"
M9H77_02391,CRO_T027463
M9H77_02392,CRO_T007932
M9H77_02393,"CRO_T009175, CRO_T112689"
M9H77_02394,"CRO_T009174, CRO_T112690"
M9H77_02395,CRO_T009176
M9H77_02396,CRO_T013768
M9H77_02397,CRO_T013771
M9H77_02398,"CRO_T013770, CRO_T112694"
M9H77_02400,CRO_T025479
M9H77_02401,"CRO_T026319, CRO_T112705"
M9H77_02402,CRO_T008308
M9H77_02403,CRO_T008309
M9H77_02406,"CRO_T021945, CRO_T112709"
M9H77_02407,CRO_T021943
M9H77_02409,CRO_T021944
M9H77_02410,CRO_T021946
M9H77_02411,"CRO_T001252, CRO_T112716"
M9H77_02412,"CRO_T001809, CRO_T112717"
M9H77_02413,CRO_T016615
M9H77_02414,CRO_T011689
M9H77_02416,CRO_T011691
M9H77_02417,"CRO_T011693, CRO_T112725"
M9H77_02418,"CRO_T011692, CRO_T112726"
M9H77_02420,"CRO_T011694, CRO_T112727"
M9H77_02421,"CRO_T011690, CRO_T112728"
M9H77_02422,CRO_T009163
M9H77_02423,"CRO_T018084, Cro001G.176.1.p1, CrChr5.1455, CRO_T112734"
M9H77_02425,CRO_T017787
M9H77_02428,"CRO_T032023, Cro001G.174.1.p1, CrChr5.1457, CRO_T112742"
M9H77_02429,CRO_T032022
M9H77_02433,"CRO_T015989, CRO_T109291"
M9H77_02434,"CRO_T015990, CRO_T109292"
M9H77_02436,CRO_T032853
M9H77_02438,CRO_T018673
M9H77_02439,"CRO_T032636, CRO_T109304"
M9H77_02440,"CRO_T023261, CRO_T109307"
M9H77_02441,"CRO_T016441, Cro001G.182.1.p1, Cro001G.182.2.p1"
M9H77_02442,CRO_T016442
M9H77_02443,CRO_T016440
M9H77_02444,CRO_T004288
M9H77_02445,"CRO_T004287, Cro001G.183.1.p2, Cro001G.183.10.p2"
M9H77_02447,"CRO_T020686, CrChr5.1473, CRO_T109317"
M9H77_02449,"CRO_T019980, CRO_T109325"
M9H77_02450,CRO_T008254
M9H77_02451,CRO_T002272
M9H77_02452,CRO_T002271
M9H77_02453,CRO_T024255
M9H77_02454,CRO_T024256
M9H77_02455,CRO_T033181
M9H77_02456,"CRO_T033180, Cro001G.171.1.p1, CrChr5.1485, CRO_T109335"
M9H77_02458,CRO_T006976
M9H77_02459,CRO_T025633
M9H77_02460,CRO_T025632
M9H77_02461,CRO_T017102
M9H77_02462,"CRO_T017103, CRO_T109349"
M9H77_02465,"CRO_T017411, CrChr5.1495, CRO_T109353"
M9H77_02467,CRO_T017415
M9H77_02468,CRO_T017413
M9H77_02470,"CRO_T012717, CRO_T109361"
M9H77_02472,"Cro001G.170.1.p1, CrChr5.1502"
M9H77_02473,CRO_T011503
M9H77_02474,CRO_T020464
M9H77_02475,"CRO_T020465, CRO_T109368"
M9H77_02476,CRO_T020466
M9H77_02477,"CRO_T024164, CRO_T109370"
M9H77_02478,"CRO_T007246, CRO_T109374"
M9H77_02479,CRO_T007245
M9H77_02481,Cro001G.167.1.p1
M9H77_02482,CRO_T030543
M9H77_02485,"CRO_T021343, CRO_T109385"
M9H77_02486,CRO_T021344
M9H77_02487,Cro001G.165.1.p1
M9H77_02488,"CRO_T032255, Cro001G.164.1.p1, Cro001G.164.3.p1, Cro001G.164.4.p1, CRO_T109388"
M9H77_02491,"CRO_T024204, CRO_T109389"
M9H77_02492,"CRO_T024205, CRO_T109390"
M9H77_02493,CRO_T002411
M9H77_02494,CRO_T016575
M9H77_02495,CrChr5.1516
M9H77_02496,CRO_T016572
M9H77_02499,"CRO_T015832, CRO_T109397"
M9H77_02501,CRO_T029341
M9H77_02502,Cro001G.159.1.p1
M9H77_02504,CRO_T003911
M9H77_02505,"CRO_T033231, CrChr5.1524, CRO_T109410"
M9H77_02509,CRO_T022712
M9H77_02511,CRO_T001729
M9H77_02513,CrChr5.1528
M9H77_02515,CRO_T017909
M9H77_02516,"CRO_T023187, CRO_T109419"
M9H77_02517,"CRO_T013067, CRO_T109421"
M9H77_02518,"CRO_T031947, CRO_T109423"
M9H77_02519,CRO_T031946
M9H77_02521,CRO_T000311
M9H77_02522,"CRO_T000312, CRO_T109426"
M9H77_02523,CRO_T000313
M9H77_02525,"CRO_T000314, CRO_T109428"
M9H77_02526,CRO_T000315
M9H77_02528,"CRO_T030937, Cro001G.153.1.p2, CRO_T109436"
M9H77_02530,"CRO_T001473, CRO_T109439"
M9H77_02536,CRO_T005394
M9H77_02538,CRO_T005396
M9H77_02539,CRO_T009299
M9H77_02540,CRO_T009298
M9H77_02541,"Cro001G.8104.1.p1, CrChr5.1548, CRO_T109448"
M9H77_02543,CRO_T004696
M9H77_02545,CRO_T027435
M9H77_02547,"CRO_T027436, CRO_T109454"
M9H77_02548,"CRO_T027439, CRO_T109455"
M9H77_02551,CRO_T027438
M9H77_02552,"CRO_T015197, CRO_T109460"
M9H77_02553,"CRO_T015195, CRO_T109462"
M9H77_02554,CRO_T015196
M9H77_02555,CRO_T012139
M9H77_02556,"CRO_T012140, CrChr5.1559, CRO_T109465"
M9H77_02557,CRO_T012141
M9H77_02558,"CRO_T017675, CRO_T109466"
M9H77_02560,"CRO_T026543, CRO_T109469"
M9H77_02562,"Cro001G.8102.1.p1, Cro001G.8102.2.p1, CrChr5.1562, CRO_T109472"
M9H77_02563,CRO_T032843
M9H77_02564,"CRO_T032844, CRO_T109475"
M9H77_02565,"CRO_T022261, CRO_T109476"
M9H77_02566,CRO_T022265
M9H77_02567,CRO_T022264
M9H77_02568,"CRO_T022262, CRO_T109479"
M9H77_02569,"CRO_T022263, CRO_T109480"
M9H77_02571,CRO_T022499
M9H77_02572,CRO_T032043
M9H77_02573,CRO_T002903
M9H77_02574,CRO_T001841
M9H77_02577,CRO_T000023
M9H77_02578,"CRO_T000022, CRO_T109490"
M9H77_02580,"Cro001G.8089.1.p1, CrChr5.1579, CRO_T109491"
M9H77_02581,Cro001G.8093.1.p1
M9H77_02582,CRO_T006354
M9H77_02584,"CRO_T002846, CRO_T109496"
M9H77_02585,"Cro001G.8092.1.p1, Cro001G.8092.2.p1, Cro001G.8092.3.p1"
M9H77_02590,CrChr5.1585
M9H77_02592,CRO_T021097
M9H77_02593,CRO_T021102
M9H77_02594,CRO_T021101
M9H77_02596,CRO_T021099
M9H77_02598,"CRO_T033123, CRO_T109508"
M9H77_02599,CRO_T033124
M9H77_02601,"Cro001G.8088.1.p1, Cro001G.8088.2.p1, Cro001G.8088.3.p1, Cro001G.8088.4.p1, Cro001G.8088.5.p1, Cro001G.8088.6.p1, Cro001G.8088.7.p1"
M9H77_02602,CRO_T033121
M9H77_02603,CRO_T033122
M9H77_02604,CRO_T019176
M9H77_02605,CRO_T029463
M9H77_02606,"CRO_T029464, CRO_T109516"
M9H77_02608,CRO_T027320
M9H77_02609,CRO_T029650
M9H77_02610,CRO_T029649
M9H77_02611,"CRO_T029648, CRO_T109523"
M9H77_02612,CRO_T007730
M9H77_02613,CRO_T031879
M9H77_02614,"CRO_T020623, CRO_T109532"
M9H77_02615,"CRO_T006587, CRO_T109534"
M9H77_02616,"CRO_T006585, CRO_T109538"
M9H77_02617,"CRO_T006583, CRO_T109539"
M9H77_02618,CRO_T006582
M9H77_02620,CRO_T006586
M9H77_02623,CRO_T004773
M9H77_02624,"CRO_T004771, CRO_T109543"
M9H77_02625,CRO_T004772
M9H77_02626,"CRO_T000358, CRO_T109546"
M9H77_02627,CRO_T000357
M9H77_02632,"CRO_T028841, CRO_T109555"
M9H77_02633,CRO_T028839
M9H77_02635,"CRO_T033660, Cro001G.8071.1.p1, CrChr5.1610, CRO_T109561"
M9H77_02640,"Cro001G.8073.1.p1, CrChr5.1614"
M9H77_02641,CRO_T004765
M9H77_02644,"CRO_T010953, CRO_T109566"
M9H77_02645,CRO_T010954
M9H77_02646,"CRO_T010952, CRO_T109568"
M9H77_02648,CRO_T024906
M9H77_02649,Cro001G.8070.1.p1
M9H77_02650,"CRO_T012374, Cro001G.8069.1.p1, Cro001G.8069.2.p1, Cro001G.8069.3.p1, Cro001G.8069.5.p1, Cro001G.8069.6.p1, Cro001G.8069.7.p1, CrChr5.1627, CRO_T109575"
M9H77_02651,CRO_T010158
M9H77_02654,CRO_T019109
M9H77_02658,"CRO_T013376, Cro001G.8063.1.p1, Cro001G.8063.2.p1, CrChr5.1635, CRO_T109594"
M9H77_02663,CRO_T017596
M9H77_02668,"CRO_T025707, Cro001G.8062.1.p1, Cro001G.8062.2.p1, CrChr5.1641, CRO_T117523"
M9H77_02669,"CRO_T025709, CRO_T117525"
M9H77_02670,CRO_T025708
M9H77_02671,"CRO_T009118, Cro001G.8057.1.p1, CrChr5.1643, CRO_T117527"
M9H77_02672,CRO_T009119
M9H77_02675,CRO_T029081
M9H77_02676,CRO_T029082
M9H77_02677,"Cro001G.8058.1.p1, CrChr5.1646"
M9H77_02681,CRO_T000488
M9H77_02683,CRO_T000487
M9H77_02686,"CRO_T015278, CRO_T117541"
M9H77_02687,CRO_T015277
M9H77_02688,CRO_T015276
M9H77_02689,"CRO_T021021, Cro001G.8055.1.p1, CrChr5.1651, CRO_T117544"
M9H77_02690,"CRO_T027671, CRO_T117546"
M9H77_02691,"CRO_T015246, Cro001G.8054.1.p1, CrChr5.1653"
M9H77_02692,"Cro001G.8053.1.p1, CRO_T117548"
M9H77_02693,"CRO_T015243, CRO_T117549"
M9H77_02695,CRO_T015245
M9H77_02696,CRO_T022789
M9H77_02699,"Cro001G.8050.1.p1, CrChr5.1656, CRO_T117553"
M9H77_02700,"CRO_T012913, CRO_T117554"
M9H77_02701,"Cro001G.8051.1.p1, CrChr5.1658"
M9H77_02702,CRO_T012914
M9H77_02703,"CRO_T012911, CRO_T117557"
M9H77_02705,"CRO_T026478, CRO_T111191"
M9H77_02706,CRO_T026477
M9H77_02707,"CRO_T014098, CRO_T111188"
M9H77_02708,CRO_T014099
M9H77_02709,"CRO_T012365, Cro001G.8048.2.p1, CrChr5.1664, CRO_T111185"
M9H77_02711,CRO_T014847
M9H77_02712,CRO_T032000
M9H77_02713,CRO_T031998
M9H77_02714,"CRO_T031999, Cro001G.8042.1.p2, Cro001G.8042.2.p2, CRO_T111180"
M9H77_02715,"CRO_T024892, CRO_T111179"
M9H77_02717,"CRO_T005226, CRO_T111178"
M9H77_02718,"CRO_T005224, CRO_T111177"
M9H77_02719,CRO_T005225
M9H77_02720,"Cro001G.8033.1.p1, CrChr5.1677"
M9H77_02721,CRO_T024758
M9H77_02722,"CRO_T024757, CrChr5.1678, CRO_T111173"
M9H77_02725,CRO_T020437
M9H77_02727,"CRO_T020436, CRO_T111171"
M9H77_02728,"Cro001G.8039.1.p1, Cro001G.8039.2.p1, Cro001G.8039.3.p1, Cro001G.8039.4.p1, Cro001G.8039.5.p1, Cro001G.8039.6.p1"
M9H77_02729,CRO_T026261
M9H77_02730,CRO_T026215
M9H77_02731,Cro001G.8029.1.p1
M9H77_02732,"CRO_T008667, CRO_T111164"
M9H77_02733,"CRO_T008666, CRO_T111163"
M9H77_02734,"CRO_T008669, CRO_T111162"
M9H77_02735,"CRO_T008668, CRO_T111161"
M9H77_02738,"CRO_T028871, CRO_T111158"
M9H77_02740,CRO_T027802
M9H77_02741,CRO_T033746
M9H77_02742,CRO_T033749
M9H77_02743,"CRO_T033747, CRO_T111155"
M9H77_02746,CRO_T006340
M9H77_02749,CRO_T006339
M9H77_02750,CRO_T006341
M9H77_02751,CRO_T010408
M9H77_02754,CRO_T026236
M9H77_02755,"CRO_T021980, Cro001G.8024.1.p1, CrChr5.1694, CRO_T111145"
M9H77_02757,"CRO_T021979, CRO_T111142"
M9H77_02758,"CRO_T007355, CRO_T111140"
M9H77_02760,"CRO_T009276, CRO_T111138"
M9H77_02761,"CRO_T027955, CRO_T111137"
M9H77_02762,CRO_T005727
M9H77_02763,"CRO_T012957, CRO_T111134"
M9H77_02769,"CRO_T021462, CRO_T118670"
M9H77_02770,CRO_T015842
M9H77_02772,CRO_T015841
M9H77_02774,Cro001G.8019.1.p1
M9H77_02775,"CRO_T015524, CRO_T118664"
M9H77_02776,CRO_T015525
M9H77_02777,CRO_T028936
M9H77_02778,"CrChr5.1712, CRO_T118662"
M9H77_02780,CRO_T003955
M9H77_02782,Cro001G.8017.1.p1
M9H77_02783,CRO_T026912
M9H77_02784,CRO_T026910
M9H77_02785,Cro001G.8016.1.p1
M9H77_02786,CRO_T026913
M9H77_02787,CRO_T023763
M9H77_02791,"CRO_T032861, Cro001G.8014.1.p1, CRO_T118648"
M9H77_02792,"CRO_T032863, CRO_T118647"
M9H77_02793,CRO_T032865
M9H77_02795,CRO_T032862
M9H77_02796,CRO_T001425
M9H77_02797,"Cro001G.8010.1.p1, CrChr5.1727"
M9H77_02798,"CRO_T019857, CRO_T118640"
M9H77_02799,CRO_T019858
M9H77_02800,"CRO_T019856, CRO_T118639"
M9H77_02803,CRO_T014173
M9H77_02804,"CRO_T014176, CRO_T118637"
M9H77_02805,"CRO_T014174, CRO_T118636"
M9H77_02810,"CRO_T026073, CRO_T118631"
M9H77_02813,CRO_T026029
M9H77_02815,CRO_T006978
M9H77_02817,CRO_T013017
M9H77_02819,"CRO_T031003, CRO_T118621"
M9H77_02820,"CRO_T031001, Cro001G.8005.1.p1, CRO_T118620"
M9H77_02822,"CRO_T025740, CRO_T118617"
M9H77_02823,CRO_T025823
M9H77_02825,CRO_T030544
M9H77_02827,CRO_T003529
M9H77_02828,CRO_T015080
M9H77_02829,"Cro001G.8000.1.p1, CrChr5.1751"
M9H77_02831,CRO_T025924
M9H77_02832,CRO_T004104
M9H77_02837,CRO_T022351
M9H77_02839,CRO_T008526
M9H77_02840,CRO_T008527
M9H77_02842,"CRO_T008770, CRO_T118597"
M9H77_02845,CRO_T002525
M9H77_02846,"Cro001G.7993.1.p1, CrChr5.1764"
M9H77_02849,CRO_T007191
M9H77_02850,"CRO_T007192, CRO_T118592"
M9H77_02851,"Cro001G.7991.1.p1, CrChr5.1767, CRO_T118591"
M9H77_02853,CRO_T019777
M9H77_02855,"CRO_T002636, CRO_T118585"
M9H77_02856,"CRO_T002635, CRO_T118584"
M9H77_02857,Cro001G.7988.3.p1
M9H77_02859,CRO_T005487
M9H77_02861,"CRO_T005488, Cro001G.7987.3.p1, CRO_T118577"
M9H77_02862,"CRO_T005486, Cro001G.7987.2.p1, CrChr5.1776, CRO_T118576"
M9H77_02863,"CRO_T014095, CRO_T118575"
M9H77_02864,CRO_T014096
M9H77_02866,"CRO_T007293, CRO_T118571"
M9H77_02868,CRO_T002722
M9H77_02869,CRO_T002723
M9H77_02871,CRO_T029692
M9H77_02872,"CRO_T029690, CRO_T118568"
M9H77_02873,CRO_T029691
M9H77_02875,"CRO_T021921, Cro001G.7985.1.p1, Cro001G.7985.10.p1, Cro001G.7985.11.p1, Cro001G.7985.2.p1, Cro001G.7985.3.p1, Cro001G.7985.4.p1, Cro001G.7985.5.p1, Cro001G.7985.6.p1, Cro001G.7985.7.p1, Cro001G.7985.8.p1, Cro001G.7985.9.p1"
M9H77_02877,CRO_T007617
M9H77_02878,"CRO_T007618, CRO_T118563"
M9H77_02880,"Cro001G.7980.1.p1, CrChr5.1783"
M9H77_02882,CRO_T002281
M9H77_02883,CRO_T002280
M9H77_02884,"CRO_T002282, CRO_T118558"
M9H77_02888,CRO_T003340
M9H77_02889,CRO_T003341
M9H77_02892,CRO_T030140
M9H77_02894,CRO_T030141
M9H77_02895,CRO_T011072
M9H77_02897,CRO_T011070
M9H77_02898,CRO_T011071
M9H77_02900,"CRO_T025177, Cro001G.7979.1.p1, CrChr5.1790, CRO_T118542"
M9H77_02901,CRO_T025978
M9H77_02902,"CRO_T032464, CRO_T118539"
M9H77_02903,CRO_T032466
M9H77_02904,CRO_T032465
M9H77_02905,CRO_T002938
M9H77_02907,"CRO_T018314, CRO_T118537"
M9H77_02908,CRO_T024682
M9H77_02909,"CRO_T006709, CRO_T118533"
M9H77_02910,CRO_T019758
M9H77_02911,CRO_T027398
M9H77_02914,CRO_T027979
M9H77_02915,Cro001G.7983.1.p1
M9H77_02918,CRO_T001800
M9H77_02919,"CRO_T001799, CRO_T118524"
M9H77_02921,CRO_T006665
M9H77_02922,CRO_T006663
M9H77_02923,CRO_T006664
M9H77_02927,"Cro001G.7976.1.p1, Cro001G.7976.2.p1"
M9H77_02928,CrChr5.1812
M9H77_02929,CRO_T012747
M9H77_02931,"CRO_T012746, CRO_T128377"
M9H77_02933,CRO_T027213
M9H77_02936,CRO_T018745
M9H77_02937,"CRO_T018743, CRO_T128370"
M9H77_02938,CRO_T018744
M9H77_02939,CRO_T017749
M9H77_02940,CRO_T029844
M9H77_02943,CRO_T016716
M9H77_02945,CRO_T021349
M9H77_02946,"CRO_T021399, CRO_T128359"
M9H77_02947,"CRO_T021400, CRO_T128358"
M9H77_02948,"CRO_T021401, CRO_T128357"
M9H77_02949,"CRO_T022128, CRO_T128355"
M9H77_02950,CRO_T022127
M9H77_02952,"Cro001G.7972.1.p1, CrChr5.1827"
M9H77_02953,CRO_T003419
M9H77_02956,"CRO_T004046, CrChr5.1829, CRO_T128350"
M9H77_02957,CRO_T004047
M9H77_02959,CRO_T005740
M9H77_02960,CRO_T016892
M9H77_02961,"Cro001G.7966.1.p1, Cro001G.7966.2.p1"
M9H77_02962,"CRO_T002346, CRO_T128345"
M9H77_02965,CRO_T031096
M9H77_02967,"CRO_T019564, CRO_T128338"
M9H77_02968,"CRO_T003153, CRO_T128336"
M9H77_02973,"Cro001G.7964.1.p1, CrChr5.1839"
M9H77_02974,CRO_T003156
M9H77_02976,"CRO_T005763, CRO_T128329"
M9H77_02978,CRO_T005764
M9H77_02981,"CRO_T008240, CRO_T128319"
M9H77_02982,"CRO_T008241, Cro001G.7961.1.p1, CRO_T128318"
M9H77_02984,CRO_T013231
M9H77_02985,CRO_T022807
M9H77_02987,CRO_T000238
M9H77_02988,CRO_T030612
M9H77_02989,"CRO_T016151, CRO_T128305"
M9H77_02991,CRO_T016150
M9H77_02992,CRO_T020177
M9H77_02993,"CRO_T020176, CRO_T128302"
M9H77_02994,CRO_T020320
M9H77_02995,"CrChr5.1851, CRO_T128299"
M9H77_02997,CRO_T003351
M9H77_02998,CRO_T003352
M9H77_03000,CRO_T007310
M9H77_03001,CRO_T007311
M9H77_03003,CRO_T015046
M9H77_03005,CRO_T028334
M9H77_03007,"CRO_T000706, CRO_T128284"
M9H77_03008,"CRO_T027253, CRO_T128283"
M9H77_03010,"CRO_T028272, CRO_T128282"
M9H77_03011,Cro001G.7959.1.p1
M9H77_03014,CRO_T015515
M9H77_03015,CRO_T015514
M9H77_03017,CRO_T013883
M9H77_03018,CRO_T013884
M9H77_03021,"CRO_T015762, CRO_T128271"
M9H77_03023,"CRO_T024956, CRO_T128270"
M9H77_03024,"CRO_T024955, Cro001G.7957.1.p1, CRO_T128269"
M9H77_03025,CRO_T033082
M9H77_03028,CRO_T025905
M9H77_03029,"CRO_T025908, CRO_T128265"
M9H77_03034,Cro001G.7955.1.p1
M9H77_03037,CRO_T010149
M9H77_03038,CRO_T003058
M9H77_03040,CRO_T025690
M9H77_03041,CRO_T025693
M9H77_03043,CRO_T025691
M9H77_03045,"CRO_T006150, Cro001G.7951.1.p1, CrChr5.1892, CRO_T128240"
M9H77_03046,CRO_T027400
M9H77_03047,CRO_T027401
M9H77_03048,CRO_T027402
M9H77_03049,CRO_T027403
M9H77_03051,CRO_T007823
M9H77_03053,Cro001G.7950.1.p1
M9H77_03054,CRO_T033530
M9H77_03055,CRO_T013035
M9H77_03056,"CRO_T017187, CRO_T128225"
M9H77_03057,CRO_T017186
M9H77_03058,"CRO_T022633, CrChr5.1901, CRO_T128222"
M9H77_03059,CRO_T025285
M9H77_03062,Cro001G.7948.1.p1
M9H77_03063,"CRO_T015112, CRO_T128216"
M9H77_03064,"Cro001G.7949.1.p1, CrChr5.1909"
M9H77_03065,"CRO_T015113, CRO_T128214"
M9H77_03066,"CRO_T017231, CRO_T128212"
M9H77_03067,"CRO_T017232, CRO_T128211"
M9H77_03068,"CRO_T029912, CRO_T128208"
M9H77_03069,CRO_T029909
M9H77_03070,"CRO_T029911, CRO_T128206"
M9H77_03071,CRO_T029910
M9H77_03080,CRO_T000817
M9H77_03081,CRO_T000820
M9H77_03083,CRO_T000821
M9H77_03085,CRO_T000818
M9H77_03086,"CRO_T000819, CRO_T128190"
M9H77_03088,CRO_T020514
M9H77_03089,CRO_T020515
M9H77_03090,"CRO_T021211, CRO_T128187"
M9H77_03092,"CRO_T017902, CRO_T128183"
M9H77_03095,CRO_T016634
M9H77_03097,CRO_T009941
M9H77_03098,"Cro001G.7941.1.p1, CrChr5.1927, CRO_T100001"
M9H77_03099,CRO_T009940
M9H77_03100,CRO_T009938
M9H77_03101,CRO_T009939
M9H77_03103,"CRO_T022930, Cro001G.7939.1.p2, CRO_T100005"
M9H77_03105,"CRO_T021128, CRO_T100007"
M9H77_03106,"Cro001G.7935.1.p1, Cro001G.7935.2.p1, CrChr5.1934"
M9H77_03107,CRO_T010935
M9H77_03108,"Cro001G.7936.1.p1, CrChr5.1935"
M9H77_03109,CRO_T031200
M9H77_03110,"Cro001G.7937.1.p1, CrChr5.1939"
M9H77_03111,CRO_T022489
M9H77_03112,"CRO_T022487, CRO_T100017"
M9H77_03113,CRO_T022490
M9H77_03114,CRO_T022488
M9H77_03115,CRO_T001669
M9H77_03117,CRO_T011408
M9H77_03119,"CRO_T000310, CRO_T100022"
M9H77_03120,"Cro001G.7933.1.p1, Cro001G.7933.2.p1, Cro001G.7933.3.p1, CRO_T100023"
M9H77_03121,"CRO_T030304, Cro001G.7931.1.p1, CRO_T100025"
M9H77_03123,"CRO_T030307, CRO_T100029"
M9H77_03125,"CRO_T030306, CRO_T100032"
M9H77_03126,"CRO_T030305, CRO_T100033"
M9H77_03128,CRO_T024471
M9H77_03129,CRO_T025306
M9H77_03130,CRO_T013450
M9H77_03131,CRO_T022309
M9H77_03132,"CRO_T022308, CRO_T100040"
M9H77_03133,CRO_T033041
M9H77_03134,"CRO_T033040, CRO_T100042"
M9H77_03136,CRO_T003650
M9H77_03137,"Cro001G.7928.1.p1, CrChr5.1958"
M9H77_03138,"Cro001G.7929.1.p1, Cro001G.7929.2.p1, CRO_T100048"
M9H77_03141,CRO_T025330
M9H77_03142,"CRO_T025331, CRO_T100055"
M9H77_03144,CRO_T025332
M9H77_03146,"Cro001G.7932.1.p1, CrChr5.1965"
M9H77_03151,CRO_T007114
M9H77_03152,CRO_T030722
M9H77_03153,"CRO_T030723, CRO_T100063"
M9H77_03156,"Cro001G.7925.1.p1, Cro001G.7925.2.p1, CrChr5.1971"
M9H77_03158,"CRO_T017969, CRO_T100070"
M9H77_03159,CRO_T014268
M9H77_03160,"CRO_T014267, Cro001G.7918.1.p1, CRO_T100072"
M9H77_03162,"Cro001G.7916.1.p1, CRO_T100074"
M9H77_03163,CRO_T030694
M9H77_03167,CRO_T003605
M9H77_03168,"CRO_T033078, Cro001G.7913.1.p1, CrChr5.1982, CRO_T100082"
M9H77_03169,CRO_T030157
M9H77_03171,CRO_T023751
M9H77_03173,CRO_T011339
M9H77_03175,CRO_T027699
M9H77_03176,CRO_T027698
M9H77_03178,"CRO_T028281, CRO_T100093"
M9H77_03179,CRO_T028282
M9H77_03180,CRO_T006666
M9H77_03182,"CRO_T015474, CRO_T100096"
M9H77_03183,Cro001G.7911.1.p1
M9H77_03184,CRO_T012212
M9H77_03185,CRO_T010319
M9H77_03186,"CRO_T010316, CRO_T100099"
M9H77_03188,"Cro001G.7909.1.p1, CrChr5.1995"
M9H77_03190,Cro001G.7908.1.p1
M9H77_03192,CRO_T013879
M9H77_03193,"CRO_T013878, CRO_T013877, CRO_T008635, Cro001G.7899.1.p2, Cro001G.7899.3.p1, CrChr4.2088, CrChr5.1999, CrChr5.2001, CrChr7.2754, CrChr8.1434, CRO_T120260, CRO_T100104, CRO_T100106, CRO_T102473"
M9H77_03194,"CRO_T013880, CRO_T100105"
M9H77_03195,"CRO_T013878, CRO_T013877, CRO_T008635, Cro001G.7899.1.p2, Cro001G.7899.3.p1, CrChr4.2088, CrChr5.1999, CrChr5.2001, CrChr7.2754, CrChr8.1434, CRO_T120260, CRO_T100104, CRO_T100106, CRO_T102473"
M9H77_03196,"CRO_T019663, CRO_T100107"
M9H77_03197,CRO_T030061
M9H77_03200,CRO_T024788
M9H77_03201,"CRO_T010565, CRO_T100110"
M9H77_03203,"CRO_T012524, CRO_T100112"
M9H77_03206,"CRO_T012522, CRO_T100115"
M9H77_03207,CRO_T012525
M9H77_03208,CRO_T012526
M9H77_03210,"CRO_T012520, Cro001G.7893.1.p1, Cro001G.7893.2.p1, CRO_T100120"
M9H77_03211,CRO_T031866
M9H77_03212,CRO_T003104
M9H77_03214,CRO_T025302
M9H77_03215,CRO_T011937
M9H77_03220,CRO_T011017
M9H77_03228,CRO_T010329
M9H77_03229,CRO_T010328
M9H77_03232,"CRO_T004901, Cro001G.7888.1.p1, CrChr5.2024, CRO_T100140"
M9H77_03235,Cro001G.7889.1.p1
M9H77_03236,CRO_T031213
M9H77_03238,"Cro001G.7884.1.p1, CrChr5.2029"
M9H77_03239,CRO_T028608
M9H77_03240,CRO_T028601
M9H77_03241,"CRO_T028600, CRO_T100149"
M9H77_03243,Cro001G.7880.1.p1
M9H77_03244,"CRO_T009934, Cro001G.7881.1.p1, CRO_T100152"
M9H77_03245,"CRO_T009933, CRO_T100153"
M9H77_03248,CRO_T011687
M9H77_03249,Cro001G.7878.1.p1
M9H77_03254,CRO_T012177
M9H77_03256,"CRO_T013911, CRO_T100161"
M9H77_03257,"CRO_T029158, CRO_T100162"
M9H77_03258,CRO_T029156
M9H77_03259,CRO_T029157
M9H77_03260,CRO_T016568
M9H77_03265,CRO_T012536
M9H77_03266,"CRO_T002521, CRO_T100174"
M9H77_03267,CRO_T100175
M9H77_03268,"CRO_T000686, Cro001G.7874.1.p1, CrChr5.2051, CRO_T100176"
M9H77_03270,CRO_T025222
M9H77_03271,"CRO_T025221, Cro001G.7872.1.p1, CrChr5.2054, CRO_T100179"
M9H77_03273,"CRO_T030817, CRO_T100181"
M9H77_03274,CRO_T030192
M9H77_03275,"CRO_T030193, Cro001G.7869.1.p1, CrChr5.2057, CRO_T100184"
M9H77_03276,CrChr5.2058
M9H77_03277,"CrChr5.2059, CRO_T100187"
M9H77_03278,"CRO_T014988, CRO_T100188"
M9H77_03282,CRO_T015945
M9H77_03283,"CRO_T015944, CRO_T100192"
M9H77_03285,CRO_T024547
M9H77_03287,"CRO_T000586, CRO_T100196"
M9H77_03288,CRO_T000587
M9H77_03290,CRO_T010989
M9H77_03291,"CRO_T010988, CRO_T100200"
M9H77_03293,"CRO_T029941, CRO_T100202"
M9H77_03297,CRO_T005074
M9H77_03300,CRO_T005073
M9H77_03303,"CRO_T009622, CRO_T100207"
M9H77_03305,CRO_T006038
M9H77_03306,CRO_T006039
M9H77_03307,"CRO_T006037, CRO_T100209"
M9H77_03309,CRO_T026271
M9H77_03310,CRO_T026273
M9H77_03311,CRO_T026272
M9H77_03313,CRO_T026332
M9H77_03316,CRO_T027827
M9H77_03317,CRO_T027828
M9H77_03319,CRO_T023871
M9H77_03320,CRO_T004587
M9H77_03321,"CRO_T004586, Cro001G.7864.1.p1, Cro001G.7864.2.p1, CrChr5.2092, CRO_T100233"
M9H77_03322,Cro001G.7866.2.p1
M9H77_03323,"CRO_T004588, Cro001G.7865.1.p1, CrChr5.2095, CRO_T100235"
M9H77_03324,"CRO_T004589, CRO_T100236"
M9H77_03325,CRO_T004590
M9H77_03326,CRO_T002483
M9H77_03328,CRO_T023581
M9H77_03330,CRO_T001175
M9H77_03331,CRO_T001174
M9H77_03332,CRO_T001176
M9H77_03334,CRO_T017041
M9H77_03335,CRO_T029954
M9H77_03338,"CRO_T010640, Cro001G.7856.1.p1, Cro001G.7856.2.p1, CrChr5.2106, CRO_T100252"
M9H77_03341,CRO_T029841
M9H77_03342,CRO_T024804
M9H77_03344,CRO_T024803
M9H77_03345,"CRO_T024806, CRO_T100261"
M9H77_03346,CRO_T005050
M9H77_03348,CRO_T028596
M9H77_03349,"CRO_T024086, CRO_T100266"
M9H77_03350,CRO_T003897
M9H77_03351,CRO_T001816
M9H77_03352,CRO_T006739
M9H77_03353,"CRO_T011113, CrChr5.2116"
M9H77_03354,"Cro001G.7851.1.p1, Cro001G.7851.2.p1, CrChr5.2118"
M9H77_03355,"Cro001G.7849.1.p1, CRO_T100278"
M9H77_03359,CRO_T024814
M9H77_03360,"CRO_T012045, CrChr5.2122, CRO_T100289"
M9H77_03363,"CRO_T023174, CRO_T100291"
M9H77_03364,CRO_T018530
M9H77_03365,CRO_T027750
M9H77_03367,CRO_T000185
M9H77_03368,CRO_T012855
M9H77_03369,CRO_T027068
M9H77_03370,CRO_T010014
M9H77_03371,CRO_T010009
M9H77_03372,CRO_T010010
M9H77_03373,CRO_T010013
M9H77_03374,CRO_T010015
M9H77_03375,CRO_T010011
M9H77_03377,"CRO_T004596, Cro001G.7844.1.p1, CrChr5.2133, CRO_T100317"
M9H77_03378,CRO_T033140
M9H77_03380,CrChr5.2134
M9H77_03381,"CRO_T014412, Cro001G.7841.1.p1, CrChr5.2135, CRO_T100323"
M9H77_03382,CRO_T003603
M9H77_03384,CRO_T003601
M9H77_03387,CRO_T030888
M9H77_03388,CRO_T030889
M9H77_03389,CRO_T030890
M9H77_03390,CRO_T030893
M9H77_03392,CRO_T016451
M9H77_03393,CRO_T022918
M9H77_03394,CRO_T022919
M9H77_03396,CRO_T002135
M9H77_03398,CRO_T008284
M9H77_03399,"CRO_T026123, CRO_T100363"
M9H77_03400,CRO_T026122
M9H77_03402,"CRO_T017936, CRO_T100368"
M9H77_03404,"CRO_T031186, CRO_T100373"
M9H77_03406,CRO_T031183
M9H77_03407,CRO_T031184
M9H77_03408,CRO_T016682
M9H77_03410,"CRO_T013060, CRO_T100380"
M9H77_03411,CRO_T013061
M9H77_03413,CRO_T003116
M9H77_03414,CRO_T003115
M9H77_03416,CRO_T002117
M9H77_03417,Cro001G.7821.1.p1
M9H77_03418,CRO_T027251
M9H77_03419,"Cro001G.7818.1.p1, CrChr5.2163"
M9H77_03420,CRO_T003938
M9H77_03421,CRO_T003940
M9H77_03422,"CRO_T003939, CRO_T100400"
M9H77_03424,CRO_T014161
M9H77_03425,CRO_T014162
M9H77_03428,"CRO_T014160, CRO_T100409"
M9H77_03430,Cro001G.7816.1.p1
M9H77_03431,CRO_T000208
M9H77_03432,"CRO_T001812, CRO_T100416"
M9H77_03437,CRO_T004903
M9H77_03439,"CRO_T023685, Cro001G.7809.1.p1, CrChr5.2178, CRO_T100429"
M9H77_03440,"CRO_T000275, CRO_T100430"
M9H77_03441,CRO_T007871
M9H77_03442,CRO_T003056
M9H77_03443,"CRO_T025602, CRO_T100436"
M9H77_03444,Cro001G.7815.5.p1
M9H77_03445,"CRO_T025601, Cro001G.7814.1.p1, CrChr5.2184, CRO_T100438"
M9H77_03446,Cro001G.7808.1.p1
M9H77_03447,CRO_T008360
M9H77_03450,CRO_T019923
M9H77_03452,"CRO_T018737, CRO_T100446"
M9H77_03453,"Cro001G.7807.1.p1, Cro001G.7807.2.p1, Cro001G.7807.3.p1, Cro001G.7807.4.p1, Cro001G.7807.5.p1, CrChr5.2191, CRO_T100447"
M9H77_03454,CRO_T005751
M9H77_03455,CRO_T005750
M9H77_03458,"CRO_T013505, Cro001G.7806.1.p1, CRO_T100449"
M9H77_03461,CRO_T018550
M9H77_03462,CRO_T018551
M9H77_03463,"CRO_T018549, Cro001G.7805.1.p1, CrChr5.2197, CRO_T100451"
M9H77_03464,"CRO_T004311, Cro001G.7804.1.p1, Cro001G.7804.2.p1, CrChr5.2198, CRO_T100453"
M9H77_03466,"CRO_T031643, CRO_T100460"
M9H77_03468,"Cro001G.7801.1.p1, CrChr5.2202, CRO_T100464"
M9H77_03470,CRO_T015871
M9H77_03471,"CRO_T023337, Cro001G.7799.1.p1, Cro001G.7799.2.p1, CrChr5.2204"
M9H77_03472,CRO_T020653
M9H77_03474,CRO_T026125
M9H77_03475,"CRO_T026124, CrChr5.2207, CRO_T100476"
M9H77_03477,CRO_T033596
M9H77_03478,"CRO_T033595, CRO_T100480"
M9H77_03479,CrChr5.2208
M9H77_03480,"Cro001G.7796.1.p1, CrChr5.2209, CRO_T100482"
M9H77_03481,"Cro001G.7795.1.p1, CrChr5.2210"
M9H77_03482,Cro001G.7793.1.p1
M9H77_03485,"CRO_T009074, CrChr5.2213, CRO_T100491"
M9H77_03486,CRO_T009075
M9H77_03488,CRO_T032029
M9H77_03489,CRO_T002119
M9H77_03490,CRO_T002121
M9H77_03491,CRO_T002120
M9H77_03493,CRO_T001874
M9H77_03494,"Cro001G.7783.1.p1, Cro001G.7783.2.p1, Cro001G.7783.3.p1, Cro001G.7783.4.p1, CrChr5.2222"
M9H77_03502,"CRO_T020310, CrChr5.2226, CRO_T100515"
M9H77_03507,CRO_T033517
M9H77_03508,"CRO_T033516, Cro001G.7782.1.p2, Cro001G.7782.10.p2, Cro001G.7782.2.p2, Cro001G.7782.3.p2, Cro001G.7782.4.p2"
M9H77_03509,CRO_T033515
M9H77_03512,"CRO_T009292, CRO_T100525"
M9H77_03513,Cro001G.7778.2.p1
M9H77_03514,"Cro001G.7775.2.p1, Cro001G.7775.3.p1"
M9H77_03515,"Cro001G.7776.1.p1, CrChr5.2238, CRO_T100530"
M9H77_03516,"CRO_T020183, CRO_T100531"
M9H77_03517,Cro001G.7772.1.p1
M9H77_03518,CRO_T006956
M9H77_03519,CRO_T006955
M9H77_03521,CRO_T024661
M9H77_03522,CRO_T030831
M9H77_03523,CRO_T030830
M9H77_03524,CRO_T030829
M9H77_03525,"Cro001G.7768.1.p1, CrChr5.2246, CRO_T100549"
M9H77_03526,CRO_T030827
M9H77_03527,"Cro001G.7770.2.p1, Cro001G.7770.3.p1, Cro001G.7770.4.p1, CrChr5.2247"
M9H77_03529,"CRO_T024746, CrChr5.2249, CRO_T100555"
M9H77_03530,"Cro001G.7767.1.p1, CrChr5.2250"
M9H77_03531,CRO_T032791
M9H77_03532,CRO_T014652
M9H77_03536,"CRO_T017750, Cro001G.7766.1.p1, CrChr5.2256, CRO_T100566"
M9H77_03537,CRO_T010547
M9H77_03539,CRO_T017298
M9H77_03540,CRO_T017299
M9H77_03541,"CRO_T003740, CRO_T100573"
M9H77_03542,"CRO_T002583, Cro001G.7759.1.p1, CrChr5.2261, CRO_T100575"
M9H77_03543,Cro001G.7765.4.p1
M9H77_03545,CRO_T023183
M9H77_03546,"Cro001G.7755.1.p1, CrChr5.2266"
M9H77_03548,CRO_T025163
M9H77_03549,CRO_T008823
M9H77_03551,"Cro001G.7764.1.p1, Cro001G.7764.2.p1, Cro001G.7764.3.p1, CrChr5.2267"
M9H77_03552,"CRO_T020711, CrChr5.2268, CRO_T100585"
M9H77_03554,CRO_T019935
M9H77_03555,"CRO_T019930, CrChr5.2270, CRO_T100593"
M9H77_03557,CRO_T028790
M9H77_03560,"Cro001G.7760.1.p1, CrChr5.2273"
M9H77_03562,"Cro001G.7753.1.p1, CrChr5.2276, CRO_T100601"
M9H77_03563,CRO_T023065
M9H77_03564,CRO_T023062
M9H77_03566,"CRO_T033108, CRO_T100605"
M9H77_03567,CRO_T033109
M9H77_03568,CRO_T033539
M9H77_03569,"Cro001G.7752.1.p1, CrChr5.2281, CRO_T100610"
M9H77_03570,"Cro001G.7751.1.p1, Cro001G.7751.2.p1, CRO_T100611"
M9H77_03571,CRO_T004314
M9H77_03572,CRO_T004315
M9H77_03574,"CRO_T006614, CrChr5.2286, CRO_T100617"
M9H77_03575,"Cro001G.7749.1.p1, CrChr5.2287, CRO_T100618"
M9H77_03576,CRO_T028127
M9H77_03577,CRO_T028126
M9H77_03581,"CRO_T006404, Cro001G.7744.1.p1, Cro001G.7744.3.p1, CrChr5.2290, CRO_T100623"
M9H77_03583,CRO_T015907
M9H77_03584,CRO_T030342
M9H77_03585,"CRO_T030343, CRO_T100631"
M9H77_03586,CRO_T030344
M9H77_03587,CRO_T023201
M9H77_03589,CRO_T020274
M9H77_03590,"CRO_T029658, CrChr5.2295, CRO_T100636"
M9H77_03591,CRO_T031548
M9H77_03595,CRO_T008834
M9H77_03596,CRO_T008835
M9H77_03597,CRO_T008833
M9H77_03598,CRO_T030833
M9H77_03599,Cro001G.7743.1.p2
M9H77_03600,CrChr5.2308
M9H77_03601,CRO_T013261
M9H77_03603,CRO_T023050
M9H77_03604,CRO_T010870
M9H77_03605,CRO_T010867
M9H77_03606,CRO_T010866
M9H77_03607,CRO_T010868
M9H77_03608,CRO_T010869
M9H77_03610,"CRO_T004848, CRO_T100672"
M9H77_03611,"CRO_T004846, CRO_T100673"
M9H77_03612,Cro001G.7738.1.p1
M9H77_03613,CRO_T003776
M9H77_03614,"Cro001G.7739.1.p1, CrChr5.2322, CRO_T100680"
M9H77_03615,CRO_T100681
M9H77_03621,CRO_T024566
M9H77_03622,"Cro001G.7732.1.p1, CrChr5.2326"
M9H77_03624,CRO_T032102
M9H77_03627,CRO_T021742
M9H77_03628,CRO_T021745
M9H77_03629,CRO_T021743
M9H77_03630,CRO_T021744
M9H77_03632,CRO_T025417
M9H77_03633,"CRO_T025416, Cro001G.7727.1.p1, CrChr5.2335"
M9H77_03634,CRO_T001470
M9H77_03635,"Cro001G.7735.1.p1, Cro001G.7735.10.p1, Cro001G.7735.2.p1, Cro001G.7735.4.p1, Cro001G.7735.5.p1, Cro001G.7735.6.p1, Cro001G.7735.8.p1, Cro001G.7735.9.p1"
M9H77_03637,Cro001G.7726.1.p1
M9H77_03638,CRO_T003034
M9H77_03640,"Cro001G.7725.1.p1, CrChr5.2341, CRO_T100713"
M9H77_03641,"CRO_T001792, Cro001G.7722.1.p1, Cro001G.7722.2.p1, Cro001G.7723.1.p1, CrChr5.2342, CRO_T100714"
M9H77_03642,"CRO_T001791, Cro001G.7722.1.p2, CrChr5.2343, CRO_T100715"
M9H77_03645,CRO_T010639
M9H77_03647,"CRO_T004791, CRO_T100722"
M9H77_03649,CRO_T032813
M9H77_03653,"Cro001G.7719.1.p1, CrChr5.2351, CRO_T100733"
M9H77_03655,"CRO_T023216, CRO_T100735"
M9H77_03656,"Cro001G.7721.1.p1, Cro001G.7721.3.p1, Cro001G.7721.4.p1"
M9H77_03657,CRO_T011014
M9H77_03658,"CRO_T011013, Cro001G.7716.1.p1, CrChr5.2356, CRO_T100738"
M9H77_03659,CRO_T011015
M9H77_03660,CRO_T011016
M9H77_03662,CrChr5.2359
M9H77_03663,"CRO_T033016, CrChr5.2360, CRO_T100743"
M9H77_03664,"CRO_T033015, Cro001G.7712.1.p1, CrChr5.2361, CRO_T100744"
M9H77_03665,"Cro001G.7711.1.p1, CrChr5.2362"
M9H77_03667,"CRO_T033011, Cro001G.7710.1.p1"
M9H77_03668,CRO_T031809
M9H77_03669,CRO_T031808
M9H77_03670,CRO_T004855
M9H77_03671,"CRO_T004854, CrChr5.2366, CRO_T100750"
M9H77_03673,CRO_T033446
M9H77_03674,"Cro001G.7708.1.p1, CrChr5.2367"
M9H77_03675,CRO_T017757
M9H77_03677,CRO_T017759
M9H77_03678,CRO_T017756
M9H77_03679,"Cro001G.7706.1.p1, CrChr5.2369"
M9H77_03681,CRO_T022812
M9H77_03682,"CRO_T022811, Cro001G.7705.1.p1, CrChr5.2373, CRO_T100759"
M9H77_03683,"Cro001G.7704.1.p1, CrChr5.2374"
M9H77_03684,"Cro001G.7703.1.p1, CrChr5.2375"
M9H77_03686,"CRO_T022814, CRO_T100762"
M9H77_03687,"CRO_T022809, Cro001G.7698.1.p2, Cro001G.7699.1.p1, CRO_T100764"
M9H77_03688,CRO_T022808
M9H77_03689,"CRO_T017893, CRO_T100770"
M9H77_03690,"CRO_T025849, CRO_T100773"
M9H77_03691,"Cro001G.7701.1.p1, CRO_T100774"
M9H77_03692,CRO_T025850
M9H77_03695,Cro001G.7696.2.p1
M9H77_03696,"CRO_T024995, CRO_T100777"
M9H77_03698,CRO_T011318
M9H77_03701,"Cro001G.7693.1.p1, CrChr5.2387, CRO_T100781"
M9H77_03702,"Cro001G.7691.1.p1, CrChr5.2388, CRO_T100782"
M9H77_03703,CRO_T032028
M9H77_03705,CRO_T032551
M9H77_03706,CRO_T032552
M9H77_03707,"CRO_T032553, CRO_T100790"
M9H77_03708,"CRO_T024629, Cro001G.7690.1.p2, CrChr5.2398, CRO_T100793"
M9H77_03709,"Cro001G.7689.1.p1, CrChr5.2399"
M9H77_03711,CRO_T016926
M9H77_03713,"Cro001G.7683.1.p1, CrChr5.2401, CRO_T100798"
M9H77_03714,CRO_T004695
M9H77_03715,"CRO_T004693, CrChr5.2403"
M9H77_03716,CRO_T024320
M9H77_03717,CRO_T010970
M9H77_03718,CRO_T010971
M9H77_03721,"Cro001G.7678.1.p1, CrChr5.2405, CRO_T100804"
M9H77_03722,CRO_T017024
M9H77_03724,"CRO_T010425, CRO_T100807"
M9H77_03725,"CRO_T020732, Cro001G.7674.1.p1, CrChr5.2407, CRO_T100809"
M9H77_03726,CRO_T013717
M9H77_03727,CRO_T018555
M9H77_03728,CRO_T018556
M9H77_03729,"Cro001G.7673.1.p1, CrChr5.2409"
M9H77_03730,CRO_T018554
M9H77_03731,CRO_T018553
M9H77_03733,CRO_T018255
M9H77_03735,CRO_T018254
M9H77_03736,CRO_T018256
M9H77_03737,CRO_T004305
M9H77_03738,CRO_T004306
M9H77_03743,"CRO_T012811, CRO_T100828"
M9H77_03744,CRO_T012810
M9H77_03746,CRO_T012812
M9H77_03747,"CRO_T018624, CRO_T100834"
M9H77_03749,CRO_T008288
M9H77_03750,"CRO_T008286, CRO_T100837"
M9H77_03751,"CRO_T008285, CRO_T100838"
M9H77_03754,CRO_T026797
M9H77_03755,"CRO_T026795, CRO_T100841"
M9H77_03756,"CRO_T026798, CRO_T100842"
M9H77_03757,"CRO_T026796, CRO_T100843"
M9H77_03758,CRO_T026799
M9H77_03762,CRO_T011855
M9H77_03764,"CRO_T013915, CRO_T100848"
M9H77_03766,"CRO_T013914, CRO_T100850"
M9H77_03768,CRO_T018455
M9H77_03769,CRO_T018457
M9H77_03770,"CRO_T018456, CRO_T100852"
M9H77_03771,CRO_T018458
M9H77_03773,CRO_T008703
M9H77_03775,CRO_T008702
M9H77_03777,CRO_T008705
M9H77_03779,CRO_T008704
M9H77_03780,CRO_T028464
M9H77_03781,CRO_T033173
M9H77_03782,"CRO_T033172, CRO_T100861"
M9H77_03783,CRO_T033174
M9H77_03785,"CRO_T033175, CRO_T100863"
M9H77_03786,"CRO_T022093, CRO_T100865"
M9H77_03787,CRO_T017803
M9H77_03788,"CRO_T033459, CRO_T100868"
M9H77_03789,CRO_T033458
M9H77_03791,CRO_T028121
M9H77_03793,"CRO_T001592, CRO_T100872"
M9H77_03794,"CRO_T020125, Cro001G.7669.1.p1, CrChr5.2436, CRO_T100873"
M9H77_03795,"CRO_T020124, Cro001G.7668.2.p1, CrChr5.2437, CRO_T100874"
M9H77_03800,"CRO_T021903, CRO_T100877"
M9H77_03801,CrChr5.2441
M9H77_03803,"Cro001G.7663.1.p1, CrChr5.2442"
M9H77_03808,"CRO_T021126, Cro001G.7661.1.p1, CrChr5.2444, CRO_T100886"
M9H77_03810,CRO_T021127
M9H77_03811,"CRO_T021125, Cro001G.7659.1.p1, CrChr5.2446, CRO_T100891"
M9H77_03812,"Cro001G.7658.1.p1, CrChr5.2447"
M9H77_03813,"CRO_T021123, Cro001G.7657.1.p1"
M9H77_03814,"Cro001G.7655.1.p1, Cro001G.7655.2.p1, Cro001G.7655.3.p1"
M9H77_03815,CRO_T003278
M9H77_03816,CRO_T009053
M9H77_03817,CRO_T009054
M9H77_03818,CRO_T017726
M9H77_03819,"CRO_T017725, Cro001G.7653.1.p1, CrChr5.2452, CRO_T100897"
M9H77_03820,"CRO_T017724, Cro001G.7651.1.p1, CrChr5.2453, CRO_T100898"
M9H77_03821,"CRO_T017723, Cro001G.7649.1.p1, CrChr5.2454, CRO_T100899"
M9H77_03822,"Cro001G.7648.1.p1, CrChr5.2455, CRO_T100901"
M9H77_03824,"CRO_T004993, Cro001G.7647.1.p1, CrChr5.2457, CRO_T100903"
M9H77_03825,"CRO_T004992, Cro001G.7645.1.p1, Cro001G.7645.2.p1, CrChr5.2458, CRO_T100904"
M9H77_03826,"CRO_T004991, Cro001G.7644.1.p1, Cro001G.7644.2.p1, CrChr5.2460, CRO_T100905"
M9H77_03829,"CRO_T011363, CRO_T100907"
M9H77_03830,CRO_T029704
M9H77_03831,CRO_T011749
M9H77_03833,"CRO_T009815, Cro001G.7623.1.p1, CRO_T100916"
M9H77_03834,"CRO_T009816, Cro001G.7619.1.p1, CrChr5.2471, CRO_T100917"
M9H77_03837,"CRO_T011773, CRO_T100921"
M9H77_03840,"CRO_T005826, CRO_T100924"
M9H77_03842,"CRO_T005824, Cro001G.7621.1.p1, CrChr5.2475, CRO_T100925"
M9H77_03844,CRO_T021710
M9H77_03846,CRO_T021708
M9H77_03847,CRO_T021707
M9H77_03848,"CRO_T006195, Cro001G.7615.1.p1, CrChr5.2478, CRO_T100931"
M9H77_03852,"Cro001G.7618.1.p1, CrChr5.2479"
M9H77_03853,"CRO_T006193, CrChr5.2480, CRO_T100934"
M9H77_03854,"CRO_T006192, Cro001G.7611.1.p1, CrChr5.2481, CRO_T100935"
M9H77_03855,CRO_T006191
M9H77_03857,CRO_T000528
M9H77_03858,CRO_T000525
M9H77_03860,"CRO_T000526, Cro001G.7608.1.p1, CrChr5.2483, CRO_T100938"
M9H77_03861,CRO_T004819
M9H77_03862,CRO_T004818
M9H77_03863,"CRO_T004817, Cro001G.7610.1.p2, Cro001G.7610.2.p2, CRO_T100940"
M9H77_03864,"CRO_T027937, CRO_T100941"
M9H77_03865,"Cro001G.7612.1.p1, Cro001G.7612.2.p1"
M9H77_03866,"Cro001G.7614.1.p2, CrChr5.2487"
M9H77_03867,"Cro001G.7613.1.p1, CrChr5.2488"
M9H77_03868,"Cro001G.7607.1.p1, CrChr5.2490"
M9H77_03870,"CRO_T022601, CRO_T100949"
M9H77_03872,"CRO_T013568, Cro001G.7639.1.p1, CrChr5.2493, CRO_T100951"
M9H77_03873,"Cro001G.7638.1.p1, CrChr5.2494, CRO_T100952"
M9H77_03874,CrChr5.2495
M9H77_03875,"CRO_T008152, CRO_T100957"
M9H77_03877,"CRO_T008151, Cro001G.7634.1.p3, CRO_T100960"
M9H77_03878,CRO_T032473
M9H77_03879,"CRO_T010747, Cro001G.7632.1.p1, CrChr5.2499, CRO_T100961"
M9H77_03881,"CRO_T003079, Cro001G.7631.1.p1, CrChr5.2500, CRO_T100962"
M9H77_03882,"CRO_T003076, CrChr5.2501"
M9H77_03885,CRO_T003078
M9H77_03886,"CRO_T003077, Cro001G.7628.1.p1, CrChr5.2502, CRO_T100966"
M9H77_03887,"CRO_T013870, CrChr5.2503, CRO_T100967"
M9H77_03889,"CRO_T013871, CrChr5.2505, CRO_T100968"
M9H77_03891,"CRO_T021202, CRO_T100969"
M9H77_03892,"CRO_T021201, CRO_T100970"
M9H77_03893,CRO_T021203
M9H77_03894,"CRO_T031616, Cro001G.7624.1.p1, CrChr5.2508, CRO_T100973"
M9H77_03895,"CRO_T031619, Cro001G.7627.1.p1, CrChr5.2509, CRO_T100974"
M9H77_03896,"Cro001G.7626.1.p1, CrChr5.2510"
M9H77_03897,"CRO_T031617, CrChr5.2511, CRO_T100977"
M9H77_03898,CRO_T031618
M9H77_03899,"CRO_T016285, CRO_T100979"
M9H77_03900,CRO_T016283
M9H77_03904,"Cro001G.7599.1.p1, CrChr5.2521"
M9H77_03905,"Cro001G.7606.1.p1, Cro001G.7606.2.p1, CrChr5.2522, CRO_T100982"
M9H77_03906,"Cro001G.7605.2.p2, CrChr5.2523"
M9H77_03907,CRO_T024624
M9H77_03910,CRO_T024623
M9H77_03912,CRO_T031228
M9H77_03914,CRO_T019231
M9H77_03915,Cro001G.7592.1.p1
M9H77_03917,"CRO_T013401, CRO_T100995"
M9H77_03918,"CRO_T013399, CRO_T100996"
M9H77_03919,"Cro001G.7591.1.p1, Cro001G.7591.2.p1, Cro001G.7591.3.p1, Cro001G.7591.4.p1, Cro001G.7591.5.p1, Cro001G.7591.6.p1, Cro001G.7591.7.p1, Cro001G.7591.8.p1, CRO_T100997"
M9H77_03920,CRO_T015980
M9H77_03921,CRO_T015979
M9H77_03922,Cro001G.7590.1.p1
M9H77_03924,CRO_T020377
M9H77_03926,CRO_T008448
M9H77_03927,CRO_T008449
M9H77_03929,"CRO_T007941, Cro001G.7581.1.p1, CrChr5.2541"
M9H77_03930,CRO_T007946
M9H77_03931,"CRO_T007940, Cro001G.7585.1.p1"
M9H77_03932,"CRO_T007945, CRO_T101009"
M9H77_03934,Cro001G.7578.1.p1
M9H77_03935,"CRO_T007943, Cro001G.7577.1.p1, Cro001G.7577.2.p1, CrChr5.2549, CRO_T101013"
M9H77_03936,CRO_T007942
M9H77_03937,"CRO_T007938, Cro001G.7575.1.p1, Cro001G.7575.2.p1, CrChr5.2551, CRO_T101014"
M9H77_03938,CRO_T007948
M9H77_03939,CRO_T007947
M9H77_03941,CRO_T006412
M9H77_03942,"Cro001G.7584.3.p1, CrChr5.2556"
M9H77_03943,"CRO_T021501, Cro001G.7583.1.p1, CrChr5.2557, CRO_T101021"
M9H77_03944,CRO_T021504
M9H77_03945,CRO_T021503
M9H77_03946,"CRO_T021502, Cro001G.7574.1.p1, Cro001G.7574.2.p1, Cro001G.7574.3.p1, CrChr5.2558, CRO_T101022"
M9H77_03947,"Cro001G.7573.1.p1, CrChr5.2559"
M9H77_03949,CRO_T025248
M9H77_03950,"Cro001G.7571.1.p1, Cro001G.7571.2.p1, CrChr5.2563"
M9H77_03954,"Cro001G.7568.1.p1, Cro001G.7568.2.p1, CrChr5.2566"
M9H77_03955,"CRO_T020078, CRO_T116210"
M9H77_03957,"Cro001G.7560.1.p2, Cro001G.7560.2.p2, Cro001G.7560.3.p2, Cro001G.7560.4.p2, Cro001G.7560.5.p2, Cro001G.7560.6.p2, Cro001G.7560.7.p2"
M9H77_03958,CRO_T012688
M9H77_03959,CRO_T012693
M9H77_03961,CRO_T012692
M9H77_03963,"Cro001G.7565.1.p1, Cro001G.7565.2.p1, Cro001G.7565.3.p1, CrChr5.2574, CRO_T116216"
M9H77_03964,"CRO_T012681, Cro001G.7563.1.p1, CrChr5.2575, CRO_T116217"
M9H77_03965,CRO_T012691
M9H77_03966,"Cro001G.7564.8.p2, CrChr5.2576"
M9H77_03967,"Cro001G.7564.2.p1, Cro001G.7564.8.p1, CrChr5.2577, CRO_T116220"
M9H77_03968,"CRO_T012684, Cro001G.7564.1.p1, Cro001G.7564.3.p1, Cro001G.7564.4.p1, Cro001G.7564.5.p1, Cro001G.7564.7.p1, CrChr5.2578, CRO_T116221"
M9H77_03969,"CRO_T012683, Cro001G.7564.1.p2, Cro001G.7564.6.p1, Cro001G.7564.7.p2"
M9H77_03970,"CRO_T012682, Cro001G.7562.1.p1, CrChr5.2580, CRO_T116225"
M9H77_03971,"CRO_T012679, CRO_T116226"
M9H77_03973,CRO_T024666
M9H77_03974,CRO_T024667
M9H77_03976,"Cro001G.7558.1.p1, Cro001G.7558.2.p1, CrChr5.2583, CRO_T116231"
M9H77_03977,"CRO_T004487, CRO_T116232"
M9H77_03978,CRO_T004486
M9H77_03979,"CRO_T004489, CRO_T116235"
M9H77_03980,CRO_T004485
M9H77_03981,CRO_T004484
M9H77_03982,CrChr5.2589
M9H77_03983,"CRO_T005916, CrChr5.2590, CRO_T116246"
M9H77_03984,"CRO_T005918, CRO_T116247"
M9H77_03985,CRO_T005917
M9H77_03986,"CRO_T005919, CRO_T116249"
M9H77_03987,CRO_T005920
M9H77_03988,"CRO_T027794, Cro001G.7547.1.p1, CrChr5.2594, CRO_T116251"
M9H77_03989,Cro001G.7546.1.p1
M9H77_03990,CRO_T024655
M9H77_03993,"CRO_T018626, Cro001G.7551.1.p2, CrChr5.2600, CRO_T116258"
M9H77_03994,Cro001G.7551.1.p1
M9H77_03996,Cro001G.7543.2.p1
M9H77_03997,Cro001G.7542.1.p1
M9H77_03998,"CRO_T013576, CrChr5.2606, CRO_T116265"
M9H77_03999,"Cro001G.7544.4.p1, CrChr5.2607"
M9H77_04000,"Cro001G.7544.1.p1, CrChr5.2608"
M9H77_04003,CRO_T013577
M9H77_04004,CRO_T029623
M9H77_04006,Cro001G.7540.2.p1
M9H77_04012,"CRO_T027066, Cro001G.7534.1.p1, CRO_T116276"
M9H77_04013,CRO_T011518
M9H77_04014,"CRO_T011517, CRO_T116278"
M9H77_04017,CRO_T025807
M9H77_04018,"Cro001G.7533.1.p1, CrChr5.2620"
M9H77_04019,"CRO_T017684, Cro001G.7532.1.p1, Cro001G.7532.2.p1, Cro001G.7532.4.p1, CrChr5.2621"
M9H77_04020,"CRO_T017683, Cro001G.7529.1.p1, CrChr5.2622, CRO_T116282"
M9H77_04022,"Cro001G.7528.1.p1, CrChr5.2623"
M9H77_04023,CRO_T020812
M9H77_04024,"CRO_T011948, Cro001G.7527.1.p1, CRO_T116285"
M9H77_04026,"CRO_T020173, CRO_T116290"
M9H77_04027,"Cro001G.7530.1.p2, Cro001G.7530.2.p1, Cro001G.7530.3.p1, Cro001G.7530.4.p1, CrChr5.2628, CRO_T116291"
M9H77_04029,CRO_T030007
M9H77_04033,CRO_T016520
M9H77_04034,"Cro001G.7524.1.p1, CrChr5.2630"
M9H77_04035,"CRO_T003844, Cro001G.7519.1.p1, CrChr5.2631"
M9H77_04038,"Cro001G.7517.1.p1, CrChr5.2634, CRO_T116299"
M9H77_04041,CRO_T011243
M9H77_04042,CRO_T011246
M9H77_04043,CRO_T011244
M9H77_04044,CRO_T002943
M9H77_04045,CRO_T026922
M9H77_04046,"Cro001G.7520.1.p1, CrChr5.2639"
M9H77_04047,"CRO_T025533, Cro001G.7513.1.p1, CrChr5.2640, CRO_T116305"
M9H77_04048,CRO_T019167
M9H77_04050,Cro001G.7514.1.p1
M9H77_04051,CRO_T019166
M9H77_04052,CRO_T008924
M9H77_04053,"Cro001G.7509.1.p1, CrChr5.2646, CRO_T116309"
M9H77_04054,"Cro001G.7508.1.p1, CrChr5.2647, CRO_T116310"
M9H77_04057,"Cro001G.7505.1.p1, CrChr5.2650"
M9H77_04058,"CrChr5.2651, CRO_T116318"
M9H77_04059,Cro001G.7506.1.p1
M9H77_04061,CRO_T022726
M9H77_04064,"CRO_T025314, CRO_T116324"
M9H77_04065,"CRO_T004157, Cro001G.7502.1.p1, CrChr5.2656, CRO_T116325"
M9H77_04066,"CRO_T003066, CrChr5.2657, CRO_T116328"
M9H77_04068,"CRO_T033381, Cro001G.7499.1.p1, CrChr5.2659"
M9H77_04069,Cro001G.7498.1.p1
M9H77_04070,Cro001G.7497.1.p1
M9H77_04071,CRO_T007846
M9H77_04073,CRO_T007847
M9H77_04075,CRO_T021110
M9H77_04076,CrChr5.2668
M9H77_04077,CRO_T023991
M9H77_04078,Cro001G.7489.1.p1
M9H77_04079,"Cro001G.7491.1.p1, CrChr5.2670, CRO_T116340"
M9H77_04080,"CRO_T023987, Cro001G.7490.1.p1, CrChr5.2671, CRO_T116342"
M9H77_04081,CRO_T017416
M9H77_04083,CRO_T015467
M9H77_04084,CRO_T021838
M9H77_04085,"CRO_T021839, CRO_T116352"
M9H77_04086,"CRO_T021837, CRO_T116353"
M9H77_04090,CRO_T021414
M9H77_04092,CRO_T021413
M9H77_04093,"Cro001G.7482.1.p2, Cro001G.7482.2.p1, Cro001G.7483.1.p1, CRO_T116362"
M9H77_04095,"Cro001G.7481.1.p1, CrChr5.2679"
M9H77_04096,CRO_T009518
M9H77_04097,"CRO_T009517, CRO_T116368"
M9H77_04100,"Cro001G.7479.1.p1, CRO_T116369"
M9H77_04101,CRO_T013375
M9H77_04102,CRO_T018288
M9H77_04103,"CRO_T018285, Cro001G.7478.1.p1, Cro001G.7478.2.p1, Cro001G.7478.3.p1"
M9H77_04104,Cro001G.7477.1.p1
M9H77_04105,Cro001G.7476.1.p1
M9H77_04107,"CRO_T032068, CRO_T018312"
M9H77_04109,Cro001G.7470.1.p1
M9H77_04110,"CRO_T032071, Cro001G.7469.1.p1, CRO_T116381"
M9H77_04112,Cro001G.7473.1.p1
M9H77_04114,"CRO_T024963, Cro001G.7466.1.p1, Cro001G.7466.2.p1"
M9H77_04115,"CRO_T024961, CrChr5.2698, CRO_T116385"
M9H77_04116,CRO_T024962
M9H77_04117,"CRO_T005961, Cro001G.7459.1.p1, CRO_T116389"
M9H77_04119,CRO_T005960
M9H77_04120,"CRO_T005530, Cro001G.7462.1.p1, CrChr5.2703, CRO_T116392"
M9H77_04121,"CRO_T005529, CRO_T116393"
M9H77_04123,CRO_T033723
M9H77_04124,"Cro001G.7457.1.p1, Cro001G.7457.2.p1"
M9H77_04125,"Cro001G.7457.1.p2, Cro001G.7457.3.p1, CRO_T116397"
M9H77_04126,"CRO_T014704, CRO_T116399"
M9H77_04127,CRO_T014705
M9H77_04128,"CRO_T014702, CRO_T116403"
M9H77_04129,"CRO_T020298, CRO_T116405"
M9H77_04130,CRO_T020297
M9H77_04131,CRO_T020296
M9H77_04132,"CRO_T020295, Cro001G.7455.1.p2, CRO_T116408"
M9H77_04133,CRO_T033598
M9H77_04134,"Cro001G.7454.1.p1, CRO_T116410"
M9H77_04139,"Cro001G.7451.1.p1, CrChr5.2714, CRO_T116417"
M9H77_04141,CRO_T021621
M9H77_04142,CRO_T027563
M9H77_04143,"CRO_T027560, Cro001G.7448.1.p1, CrChr5.2715, CRO_T116423"
M9H77_04144,"CRO_T027562, Cro001G.7447.1.p1, CrChr5.2716, CRO_T116424"
M9H77_04145,"CRO_T027561, CRO_T116425"
M9H77_04147,CRO_T013065
M9H77_04148,CRO_T028692
M9H77_04149,"CRO_T024189, CRO_T116428"
M9H77_04150,"CRO_T024188, Cro001G.7450.1.p1, Cro001G.7450.2.p1, CRO_T116429"
M9H77_04153,CRO_T024191
M9H77_04154,"CRO_T027428, Cro001G.7442.1.p1, CRO_T116433"
M9H77_04156,Cro001G.7445.1.p1
M9H77_04157,"CRO_T031826, Cro001G.7444.3.p1, CRO_T116436"
M9H77_04161,"CRO_T006446, CRO_T116437"
M9H77_04162,"Cro001G.7443.1.p1, Cro001G.7443.2.p1, CrChr5.2724"
M9H77_04163,CRO_T006448
M9H77_04164,CRO_T009217
M9H77_04166,"CRO_T009218, CRO_T116446"
M9H77_04167,CRO_T026886
M9H77_04168,CRO_T026885
M9H77_04169,CRO_T024503
M9H77_04170,CrChr5.2731
M9H77_04171,"CRO_T022192, Cro001G.7434.1.p1, CrChr5.2732, CRO_T116450"
M9H77_04172,CrChr5.2734
M9H77_04173,"CRO_T002405, CRO_T116452"
M9H77_04174,"CRO_T002406, CRO_T116453"
M9H77_04175,CRO_T002407
M9H77_04176,CRO_T024143
M9H77_04177,"CRO_T024144, Cro001G.7437.1.p1, Cro001G.7437.2.p1, CRO_T116456"
M9H77_04178,"CRO_T024145, Cro001G.7433.1.p1, CRO_T116457"
M9H77_04180,CRO_T014377
M9H77_04182,"CRO_T021417, Cro001G.7432.1.p1, CRO_T116462"
M9H77_04183,"Cro001G.7430.1.p1, Cro001G.7430.2.p1, Cro001G.7430.3.p1"
M9H77_04184,"CRO_T021418, CRO_T116464"
M9H77_04187,CRO_T021276
M9H77_04188,CRO_T021274
M9H77_04189,CRO_T021275
M9H77_04190,"CRO_T021273, CRO_T116465"
M9H77_04191,CRO_T029089
M9H77_04193,"CRO_T006024, CRO_T116471"
M9H77_04195,"Cro001G.7422.1.p1, Cro001G.7422.2.p1, CRO_T116473"
M9H77_04197,"CRO_T028033, Cro001G.7420.1.p1, Cro001G.7420.2.p1, CRO_T116475"
M9H77_04198,CRO_T003008
M9H77_04200,CRO_T019209
M9H77_04201,CRO_T019208
M9H77_04202,CRO_T019210
M9H77_04203,"CRO_T020094, CRO_T116483"
M9H77_04204,CRO_T020095
M9H77_04205,"Cro001G.7419.1.p1, Cro001G.7419.2.p1, CrChr5.2754, CRO_T116485"
M9H77_04207,CRO_T004279
M9H77_04208,"CRO_T020479, CRO_T116487"
M9H77_04209,"Cro001G.7414.1.p1, Cro001G.7414.2.p1"
M9H77_04211,"CRO_T020483, Cro001G.7413.1.p1, Cro001G.7413.2.p1, CRO_T116489"
M9H77_04212,"CRO_T020484, CRO_T116490"
M9H77_04213,"CRO_T020486, CRO_T116492"
M9H77_04214,"CRO_T020485, CRO_T116493"
M9H77_04215,Cro001G.7412.1.p1
M9H77_04216,"Cro001G.7411.1.p1, Cro001G.7411.2.p1, Cro001G.7411.3.p1, Cro001G.7411.4.p1"
M9H77_04217,CRO_T005288
M9H77_04218,CRO_T005286
M9H77_04219,CrChr5.2764
M9H77_04220,CRO_T005287
M9H77_04221,Cro001G.7408.1.p1
M9H77_04222,CRO_T005285
M9H77_04223,"CRO_T005282, Cro001G.7410.3.p2, Cro001G.7410.4.p2, Cro001G.7410.7.p1, Cro001G.7410.9.p1"
M9H77_04224,CRO_T000098
M9H77_04226,CRO_T007671
M9H77_04229,"Cro001G.7399.1.p1, CrChr5.2772"
M9H77_04230,"Cro001G.7397.1.p1, CrChr5.2773"
M9H77_04232,CRO_T032230
M9H77_04233,CRO_T032229
M9H77_04235,CRO_T008778
M9H77_04236,CRO_T026006
M9H77_04238,CRO_T010967
M9H77_04239,"CRO_T010966, CRO_T116519"
M9H77_04241,CRO_T025588
M9H77_04244,CRO_T007178
M9H77_04245,CRO_T007179
M9H77_04247,"CRO_T019258, CRO_T116530"
M9H77_04251,CRO_T018418
M9H77_04252,CRO_T011519
M9H77_04253,"CRO_T009871, CRO_T116534"
M9H77_04255,CRO_T002275
M9H77_04258,CRO_T012993
M9H77_04259,"CRO_T012994, CRO_T139967"
M9H77_04263,CRO_T007067
M9H77_04266,CRO_T012377
M9H77_04267,CRO_T023014
M9H77_04269,CRO_T139953
M9H77_04270,"CRO_T003415, Cro001G.7391.1.p1, CRO_T139951"
M9H77_04272,CRO_T022706
M9H77_04274,CRO_T000235
M9H77_04276,"CRO_T002711, CRO_T139941"
M9H77_04277,"Cro001G.7389.1.p1, Cro001G.7389.2.p1, CRO_T139940"
M9H77_04278,Cro001G.7387.1.p1
M9H77_04279,CRO_T018800
M9H77_04282,CRO_T018801
M9H77_04284,CRO_T024051
M9H77_04285,"Cro001G.7403.1.p1, Cro001G.7403.2.p1, Cro001G.7403.4.p1, Cro001G.7403.5.p1, Cro001G.7403.6.p1"
M9H77_04287,Cro001G.7402.1.p1
M9H77_04288,CRO_T026221
M9H77_04290,"CRO_T013351, Cro001G.7401.1.p1, CRO_T139931"
M9H77_04291,Cro001G.7400.1.p1
M9H77_04292,"CRO_T030312, CRO_T139928"
M9H77_04293,CRO_T030314
M9H77_04294,Cro001G.7384.1.p1
M9H77_04295,Cro001G.7384.2.p2
M9H77_04296,"CRO_T032508, CRO_T139924"
M9H77_04297,"CRO_T030698, CRO_T139923"
M9H77_04299,"CRO_T030697, CrChr5.2824"
M9H77_04300,CRO_T005884
M9H77_04301,"CRO_T005885, CRO_T139920"
M9H77_04302,CRO_T005883
M9H77_04304,CRO_T012792
M9H77_04305,CRO_T017358
M9H77_04307,"CRO_T019884, Cro001G.7377.1.p1, Cro001G.7377.3.p1, Cro001G.7377.5.p1, Cro001G.7377.6.p1"
M9H77_04308,CrChr5.2830
M9H77_04309,"CRO_T012880, CRO_T139909"
M9H77_04310,"Cro001G.7375.1.p1, Cro001G.7375.4.p1"
M9H77_04311,CRO_T012881
M9H77_04313,Cro001G.7374.2.p1
M9H77_04314,Cro001G.7371.1.p1
M9H77_04316,CRO_T030749
M9H77_04317,"CRO_T008379, Cro001G.7370.1.p1, Cro001G.7370.2.p1, Cro001G.7370.3.p1, Cro001G.7370.4.p1, Cro001G.7370.5.p1, Cro001G.7370.6.p1, Cro001G.7370.7.p1, Cro001G.7370.8.p1, CRO_T139899"
M9H77_04318,"CRO_T015211, CRO_T139898"
M9H77_04319,"CRO_T015210, Cro001G.7364.1.p1, CrChr5.2839, CRO_T139897"
M9H77_04320,CRO_T010057
M9H77_04323,"CRO_T033658, CRO_T139892"
M9H77_04325,CRO_T003021
M9H77_04326,CRO_T002587
M9H77_04327,"CRO_T008372, Cro001G.7367.1.p1, CRO_T113690"
M9H77_04328,"CRO_T007288, CRO_T139888"
M9H77_04329,"CRO_T007287, CRO_T139887"
M9H77_04330,"CRO_T007289, Cro001G.7359.1.p1"
M9H77_04331,"Cro001G.7363.1.p1, Cro001G.7363.4.p1, Cro001G.7363.8.p1, CrChr5.2849"
M9H77_04332,"CRO_T006233, CRO_T139883"
M9H77_04333,CrChr5.2851
M9H77_04334,CRO_T006237
M9H77_04336,CRO_T031996
M9H77_04337,"Cro001G.7357.1.p1, CrChr5.2852, CRO_T139879"
M9H77_04338,"CRO_T007146, CrChr5.2853, CRO_T139877"
M9H77_04339,"CRO_T009678, CRO_T139876"
M9H77_04340,"CRO_T023578, CRO_T139873"
M9H77_04341,"CRO_T023809, CRO_T139871"
M9H77_04343,"CRO_T023810, CRO_T139870"
M9H77_04344,"Cro001G.7353.1.p1, Cro001G.7353.2.p1, CRO_T139868"
M9H77_04346,CRO_T021007
M9H77_04347,"CRO_T008305, CRO_T139863"
M9H77_04348,CRO_T027706
M9H77_04350,"CRO_T017153, CRO_T139861"
M9H77_04351,CRO_T019943
M9H77_04352,CRO_T019942
M9H77_04353,"CRO_T019941, Cro001G.7352.1.p1, CrChr5.2861, CRO_T139859"
M9H77_04354,CRO_T004976
M9H77_04355,Cro001G.7349.1.p1
M9H77_04356,CRO_T030927
M9H77_04357,"Cro001G.7349.1.p2, Cro001G.7349.2.p2, Cro001G.7349.3.p1"
M9H77_04359,CRO_T030925
M9H77_04361,"Cro001G.7346.1.p1, CrChr5.2864"
M9H77_04363,Cro001G.7345.1.p1
M9H77_04365,"CRO_T003024, CrChr5.2866, CRO_T139846"
M9H77_04368,CRO_T002236
M9H77_04369,CRO_T002238
M9H77_04373,"CRO_T001272, CRO_T101889"
M9H77_04374,CRO_T001271
M9H77_04376,CRO_T007054
M9H77_04377,"CRO_T016641, CRO_T101895"
M9H77_04378,"Cro001G.7342.1.p1, Cro001G.7342.2.p1, Cro001G.7342.3.p1, Cro001G.7342.4.p1, Cro001G.7342.5.p1, Cro001G.7342.6.p1, Cro001G.7342.7.p1, CRO_T101896"
M9H77_04379,CRO_T016640
M9H77_04380,"CRO_T030023, CRO_T101902"
M9H77_04381,"CRO_T015154, CRO_T101906"
M9H77_04383,CRO_T015153
M9H77_04385,"CRO_T030808, CRO_T101910"
M9H77_04386,CRO_T027838
M9H77_04387,CRO_T019459
M9H77_04388,"CRO_T019458, CRO_T101912"
M9H77_04389,CRO_T019460
M9H77_04391,"CRO_T023905, CrChr5.2882, CRO_T101914"
M9H77_04392,"CRO_T023903, Cro001G.7347.1.p1, Cro001G.7347.10.p1, Cro001G.7347.11.p1, Cro001G.7347.2.p1, Cro001G.7347.3.p1, Cro001G.7347.4.p1, Cro001G.7347.5.p1, Cro001G.7347.6.p1, Cro001G.7347.7.p1, Cro001G.7347.8.p1, Cro001G.7347.9.p2, CrChr5.2883, CRO_T101917"
M9H77_04394,CRO_T019976
M9H77_04395,"CRO_T010286, Cro001G.7347.9.p1, CRO_T101921"
M9H77_04396,"CRO_T010285, Cro001G.7348.1.p1, CrChr5.2886, CRO_T101922"
M9H77_04397,CRO_T010287
M9H77_04399,CRO_T026239
M9H77_04400,"CRO_T026238, CRO_T101926"
M9H77_04402,"CRO_T030583, Cro001G.7338.1.p1, CRO_T101927"
M9H77_04407,CRO_T000160
M9H77_04408,CRO_T000161
M9H77_04409,CRO_T000159
M9H77_04411,"Cro001G.7339.1.p1, Cro001G.7339.2.p1, CRO_T101933"
M9H77_04412,CRO_T024245
M9H77_04413,CRO_T024244
M9H77_04414,"CRO_T024242, CRO_T101936"
M9H77_04415,"Cro001G.7335.1.p1, CRO_T101940"
M9H77_04416,"Cro001G.7334.1.p1, Cro001G.7334.2.p1, CrChr5.2897, CRO_T101941"
M9H77_04417,CRO_T013827
M9H77_04419,"Cro001G.7332.1.p1, Cro001G.7332.2.p1, Cro001G.7332.3.p1, Cro001G.7332.4.p1, Cro001G.7332.5.p1, CrChr5.2899"
M9H77_04422,"CRO_T004794, CRO_T101945"
M9H77_04424,CRO_T028103
M9H77_04426,"CRO_T021764, Cro001G.7327.1.p1, CRO_T101948"
M9H77_04427,Cro001G.7326.1.p1
M9H77_04430,CRO_T015870
M9H77_04432,"CRO_T011587, CRO_T101958"
M9H77_04433,"Cro001G.7325.1.p1, CrChr5.2905, CRO_T101960"
M9H77_04434,CRO_T009153
M9H77_04436,"CRO_T002712, CRO_T101962"
M9H77_04437,CRO_T017619
M9H77_04438,"Cro001G.7328.2.p1, Cro001G.7328.3.p1, Cro001G.7329.1.p1, CRO_T101963"
M9H77_04439,CrChr5.2910
M9H77_04441,"CRO_T003421, Cro001G.7322.1.p1, CrChr5.2911, CRO_T101966"
M9H77_04442,CRO_T032001
M9H77_04444,CRO_T005371
M9H77_04445,"CRO_T005370, CRO_T101969"
M9H77_04446,CRO_T005372
M9H77_04448,"Cro001G.7316.1.p1, Cro001G.7316.2.p1"
M9H77_04449,CRO_T026208
M9H77_04450,"Cro001G.7315.1.p1, CrChr5.2917"
M9H77_04451,CRO_T026210
M9H77_04452,CRO_T029715
M9H77_04454,"CRO_T004126, CRO_T101980"
M9H77_04455,CRO_T010824
M9H77_04456,"CRO_T010823, Cro001G.7313.1.p1, CrChr5.2921, CRO_T101983"
M9H77_04457,"CRO_T010822, Cro001G.7311.1.p1, CrChr5.2922, CRO_T101984"
M9H77_04459,Cro001G.7309.1.p1
M9H77_04462,CRO_T033663
M9H77_04463,CRO_T004844
M9H77_04466,CRO_T009484
M9H77_04467,"Cro001G.7308.1.p1, CrChr5.2931"
M9H77_04470,CrChr5.2933
M9H77_04476,Cro001G.7290.2.p1
M9H77_04478,"CRO_T026919, CrChr5.2939, CRO_T102017"
M9H77_04479,"CRO_T026918, CRO_T102018"
M9H77_04485,CRO_T027421
M9H77_04487,CRO_T016856
M9H77_04491,CRO_T000570
M9H77_04497,CRO_T002656
M9H77_04500,CRO_T002656
M9H77_04502,"Cro001G.7278.1.p1, CrChr5.2951"
M9H77_04503,CRO_T026907
M9H77_04504,"CRO_T026905, Cro001G.7277.1.p1, CrChr5.2953, CRO_T102042"
M9H77_04505,"CRO_T026904, Cro001G.7281.1.p1"
M9H77_04506,"Cro001G.7280.1.p1, CrChr5.2955"
M9H77_04507,CRO_T027550
M9H77_04508,CRO_T031694
M9H77_04510,CRO_T005005
M9H77_04511,CRO_T005004
M9H77_04512,CRO_T005007
M9H77_04513,CRO_T005006
M9H77_04514,Cro001G.7272.1.p1
M9H77_04515,"CRO_T004709, CRO_T102051"
M9H77_04516,"Cro001G.7269.1.p1, CrChr5.2960, CRO_T102052"
M9H77_04517,"CRO_T026264, CRO_T102053"
M9H77_04518,CRO_T026266
M9H77_04519,CRO_T026267
M9H77_04521,CRO_T026265
M9H77_04522,CRO_T019599
M9H77_04524,"Cro001G.7267.1.p1, CrChr5.2965, CRO_T102058"
M9H77_04527,"CRO_T026672, Cro001G.7265.1.p1, CrChr5.2967, CRO_T102061"
M9H77_04528,"Cro001G.7264.1.p1, CrChr5.2968"
M9H77_04532,"CRO_T008375, Cro001G.7263.2.p1, CrChr5.2970, CRO_T102066"
M9H77_04536,Cro001G.7262.1.p1
M9H77_04539,"Cro001G.7261.1.p1, CrChr5.2975"
M9H77_04540,"CRO_T011506, CRO_T102076"
M9H77_04541,"Cro001G.7256.1.p1, CrChr5.2976, CRO_T102078"
M9H77_04545,"CRO_T016191, CRO_T102082"
M9H77_04547,"CRO_T016187, Cro001G.7255.1.p1, CrChr5.2980, CRO_T102084"
M9H77_04549,"Cro001G.7251.1.p1, CrChr5.2982"
M9H77_04551,"Cro001G.7260.1.p1, CrChr5.2984"
M9H77_04554,Cro001G.7259.1.p1
M9H77_04559,"CRO_T032445, CRO_T102096"
M9H77_04560,"Cro001G.7250.1.p1, CrChr5.2989"
M9H77_04563,CRO_T102101
M9H77_04564,"Cro001G.7248.1.p1, CrChr5.2992"
M9H77_04567,CrChr5.2996
M9H77_04568,CRO_T002215
M9H77_04569,"Cro001G.7244.1.p1, Cro001G.7244.2.p1, Cro001G.7244.3.p1, CrChr5.2997"
M9H77_04570,"Cro001G.7241.1.p1, CrChr5.2998"
M9H77_04573,"CRO_T009861, Cro001G.7240.1.p1, CrChr5.3000, CRO_T102112"
M9H77_04574,CRO_T009860
M9H77_04575,"CRO_T009862, Cro001G.7242.10.p1, Cro001G.7242.9.p1, CRO_T102114"
M9H77_04576,CRO_T009863
M9H77_04577,"Cro001G.7243.1.p1, Cro001G.7243.2.p1, CrChr5.3002"
M9H77_04579,CRO_T010487
M9H77_04582,"CRO_T006674, Cro001G.7242.1.p1, Cro001G.7242.6.p1, Cro001G.7242.7.p1, Cro001G.7242.8.p1"
M9H77_04583,"Cro001G.7242.1.p2, Cro001G.7242.4.p2, Cro001G.7242.5.p2, CrChr5.3007"
M9H77_04584,"CRO_T022386, CRO_T102119"
M9H77_04586,"CRO_T027324, Cro001G.7226.3.p1, CrChr5.3010, CRO_T102120"
M9H77_04587,"CRO_T027325, CRO_T102122"
M9H77_04588,"CRO_T015171, Cro001G.7228.1.p1, CrChr5.3011, CRO_T102124"
M9H77_04589,"Cro001G.7227.1.p1, CrChr5.3012, CRO_T102125"
M9H77_04590,"CRO_T005837, CrChr5.3013, CRO_T102126"
M9H77_04592,"CRO_T005839, Cro001G.7226.1.p1, CRO_T102127"
M9H77_04593,"Cro001G.7225.1.p1, CrChr5.3015, CRO_T102128"
M9H77_04595,"CRO_T004804, Cro001G.7224.1.p1, CrChr5.3017, CRO_T102130"
M9H77_04596,CrChr5.3018
M9H77_04601,"Cro001G.7221.1.p1, CrChr5.3024"
M9H77_04602,"CRO_T002625, Cro001G.7219.1.p1, CrChr5.3025, CRO_T102141"
M9H77_04603,"Cro001G.7239.1.p1, CrChr5.3026"
M9H77_04606,"Cro001G.7237.1.p1, CRO_T102145"
M9H77_04607,CRO_T023480
M9H77_04609,CRO_T023478
M9H77_04611,CRO_T007323
M9H77_04612,CRO_T009763
M9H77_04618,"Cro001G.7231.1.p1, CrChr5.3038"
M9H77_04620,"Cro001G.7216.1.p1, CrChr5.3040"
M9H77_04621,CRO_T033359
M9H77_04623,CRO_T010914
M9H77_04624,"CRO_T010913, Cro001G.7217.1.p1, Cro001G.7217.2.p1, Cro001G.7217.3.p1, CrChr5.3041, CRO_T102161"
M9H77_04625,"CRO_T027298, CRO_T102163"
M9H77_04627,CRO_T023846
M9H77_04631,"Cro001G.7214.1.p1, CrChr5.3046, CRO_T102164"
M9H77_04637,"CRO_T022665, Cro001G.7212.1.p1, CrChr5.3049, CRO_T102172"
M9H77_04639,Cro001G.7215.2.p1
M9H77_04640,"CRO_T030582, Cro001G.7209.1.p1, CrChr5.3051, CRO_T102174"
M9H77_04641,"CRO_T009790, CRO_T102175"
M9H77_04642,CRO_T009791
M9H77_04644,"Cro001G.7208.1.p1, Cro001G.7208.2.p1, CrChr5.3058"
M9H77_04645,"CRO_T030798, CRO_T102180"
M9H77_04646,"CRO_T030795, Cro001G.7205.1.p1, Cro001G.7205.2.p1, Cro001G.7205.3.p1, Cro001G.7205.4.p1, CrChr5.3059, CRO_T102182"
M9H77_04647,"Cro001G.7206.1.p1, CrChr5.3060"
M9H77_04648,Cro001G.7202.1.p1
M9H77_04650,"Cro001G.7201.1.p1, Cro001G.7201.2.p1, Cro001G.7201.3.p1, CRO_T102187"
M9H77_04651,"CRO_T005928, Cro001G.7198.1.p1, CrChr5.3063, CRO_T102188"
M9H77_04653,"CRO_T013026, Cro001G.7197.1.p1, CrChr5.3065, CRO_T102189"
M9H77_04654,Cro001G.7199.1.p1
M9H77_04656,"CRO_T031558, CRO_T102193"
M9H77_04657,"CRO_T031559, CRO_T102194"
M9H77_04658,"Cro001G.7194.1.p1, CrChr5.3067"
M9H77_04660,CRO_T008733
M9H77_04661,CRO_T008732
M9H77_04662,CRO_T010504
M9H77_04663,CRO_T019807
M9H77_04664,CRO_T016254
M9H77_04666,CRO_T006390
M9H77_04667,"CRO_T006392, CRO_T102205"
M9H77_04670,"CRO_T017123, CRO_T102208"
M9H77_04671,CRO_T010459
M9H77_04672,"CRO_T010458, CRO_T102209"
M9H77_04673,CRO_T010460
M9H77_04674,"Cro001G.7195.1.p1, CrChr5.3074"
M9H77_04675,"Cro001G.7192.1.p1, CrChr5.3075"
M9H77_04676,"Cro001G.7191.1.p1, CrChr5.3076"
M9H77_04677,"Cro001G.7190.1.p1, CrChr5.3077"
M9H77_04679,CRO_T026443
M9H77_04680,"CRO_T026442, Cro001G.7188.1.p1, CrChr5.3079, CRO_T102214"
M9H77_04681,"CRO_T026440, Cro001G.7187.1.p1, CrChr5.3080, CRO_T102215"
M9H77_04682,CRO_T026439
M9H77_04683,"Cro001G.7186.1.p1, CrChr5.3081, CRO_T102217"
M9H77_04689,CRO_T031336
M9H77_04690,CRO_T015986
M9H77_04691,CRO_T015987
M9H77_04692,"Cro001G.7185.1.p1, CrChr5.3083, CRO_T102220"
M9H77_04694,"CRO_T008655, CRO_T102224"
M9H77_04695,"CRO_T019928, CrChr5.3086, CRO_T102227"
M9H77_04696,"CRO_T019929, CrChr5.3087, CRO_T102228"
M9H77_04697,"CRO_T027539, CRO_T102229"
M9H77_04698,CRO_T027538
M9H77_04699,"CRO_T027540, Cro001G.7184.1.p1, CrChr5.3092, CRO_T102231"
M9H77_04701,"CRO_T012182, Cro001G.7181.1.p1, CrChr5.3093, CRO_T102232"
M9H77_04702,CRO_T025627
M9H77_04705,"Cro001G.7178.1.p1, CrChr5.3101"
M9H77_04706,CRO_T014934
M9H77_04707,CRO_T014935
M9H77_04709,CRO_T028245
M9H77_04712,"CRO_T022743, Cro001G.7176.1.p1, CrChr5.3107, CRO_T102248"
M9H77_04713,"CRO_T018565, CRO_T102251"
M9H77_04714,"CRO_T018564, CRO_T102252"
M9H77_04715,CRO_T018563
M9H77_04716,"Cro001G.7173.1.p1, CrChr5.3109, CRO_T102254"
M9H77_04718,"CRO_T032489, Cro001G.7169.1.p1, CRO_T102256"
M9H77_04719,CRO_T032490
M9H77_04723,"Cro001G.7167.1.p1, Cro001G.7167.2.p1"
M9H77_04724,CRO_T030621
M9H77_04726,"Cro001G.7164.1.p1, CrChr5.3116, CRO_T102263"
M9H77_04728,CrChr5.3120
M9H77_04729,"CRO_T001424, CrChr5.3121"
M9H77_04730,"Cro001G.7162.1.p1, CrChr5.3122"
M9H77_04731,"CRO_T016280, CRO_T102266"
M9H77_04732,"Cro001G.7166.1.p1, CrChr5.3124"
M9H77_04734,"Cro001G.7161.1.p1, Cro001G.7161.3.p1"
M9H77_04737,"CRO_T009149, CRO_T102274"
M9H77_04739,"Cro001G.7158.1.p1, Cro001G.7158.2.p1, Cro001G.7158.3.p1, CrChr5.3130"
M9H77_04740,"CRO_T009147, CRO_T102276"
M9H77_04741,"Cro001G.7156.1.p1, CrChr5.3133, CRO_T102277"
M9H77_04743,CRO_T021984
M9H77_04744,CRO_T021983
M9H77_04745,CRO_T021982
M9H77_04746,CRO_T021986
M9H77_04747,"CRO_T021987, CrChr5.3137, CRO_T102284"
M9H77_04748,"CRO_T021985, CrChr5.3138"
M9H77_04749,CrChr5.3139
M9H77_04750,"Cro001G.7152.1.p1, CrChr5.3140"
M9H77_04751,"Cro001G.7151.1.p1, Cro001G.7151.2.p1, Cro001G.7151.3.p1, Cro001G.7151.4.p1"
M9H77_04752,"Cro001G.7146.1.p1, CrChr5.3142"
M9H77_04753,"Cro001G.7148.1.p1, CrChr5.3143"
M9H77_04754,CRO_T000007
M9H77_04755,CRO_T018947
M9H77_04756,CRO_T018946
M9H77_04757,CRO_T018948
M9H77_04758,"Cro001G.7150.1.p1, CrChr5.3145, CRO_T102298"
M9H77_04759,CRO_T018944
M9H77_04760,"CRO_T018943, CRO_T102301"
M9H77_04761,"CRO_T018942, Cro001G.7145.1.p1, CRO_T102302"
M9H77_04762,CrChr5.3148
M9H77_04763,CRO_T005766
M9H77_04764,CRO_T005767
M9H77_04765,CRO_T007884
M9H77_04767,CRO_T007885
M9H77_04769,CRO_T007881
M9H77_04771,"CRO_T029545, Cro001G.7140.1.p1, CrChr5.3156, CRO_T102313"
M9H77_04773,CRO_T029546
M9H77_04776,"CRO_T028439, Cro001G.7137.1.p2, CrChr5.3160, CRO_T102319"
M9H77_04777,"CRO_T028440, CrChr5.3161"
M9H77_04779,CRO_T009105
M9H77_04780,CRO_T029146
M9H77_04781,CrChr5.3163
M9H77_04782,"CRO_T029144, CRO_T102325"
M9H77_04783,CRO_T008785
M9H77_04784,CRO_T008792
M9H77_04785,"CRO_T008786, Cro001G.7132.1.p1, CrChr5.3166, CRO_T102329"
M9H77_04786,"CRO_T008793, CRO_T102330"
M9H77_04787,"CRO_T008787, Cro001G.7131.1.p1, Cro001G.7131.2.p1, CrChr5.3167, CRO_T102331"
M9H77_04790,"Cro001G.7130.1.p1, CrChr5.3173"
M9H77_04792,"CRO_T028152, CrChr5.3175, CRO_T102337"
M9H77_04793,"CRO_T028153, CRO_T102338"
M9H77_04794,"CRO_T028151, CRO_T102339"
M9H77_04795,"CrChr5.3177, CRO_T102341"
M9H77_04796,"Cro001G.7127.1.p1, CrChr5.3178"
M9H77_04797,"Cro001G.7126.1.p1, CrChr5.3179"
M9H77_04798,Cro001G.7122.1.p1
M9H77_04799,"Cro001G.7121.1.p1, Cro001G.7121.5.p1"
M9H77_04800,Cro001G.7108.1.p1
M9H77_04801,"Cro001G.7109.1.p1, CrChr5.3183"
M9H77_04803,CRO_T031098
M9H77_04804,"CRO_T031737, Cro001G.7106.1.p1, CrChr5.3189, CRO_T102354"
M9H77_04806,"Cro001G.7105.1.p1, CrChr5.3190"
M9H77_04807,"CRO_T019240, CRO_T102358"
M9H77_04808,"CRO_T019242, Cro001G.7110.1.p1, Cro001G.7119.1.p1, CrChr5.3193, CRO_T102359"
M9H77_04809,"CRO_T019241, Cro001G.7118.1.p1, CrChr5.3194, CRO_T102360"
M9H77_04810,"Cro001G.7117.1.p1, CrChr5.3195"
M9H77_04811,"CRO_T020951, Cro001G.7116.1.p1, CrChr5.3196"
M9H77_04812,"CRO_T000323, Cro001G.7115.1.p1"
M9H77_04813,"CRO_T000322, CRO_T134562"
M9H77_04814,"CRO_T000321, CrChr5.3199, CRO_T102364"
M9H77_04815,"CrChr5.3200, CRO_T102365"
M9H77_04816,"CRO_T014337, Cro001G.7112.1.p1, CrChr5.3201, CRO_T102366"
M9H77_04817,CRO_T010361
M9H77_04821,"Cro001G.7103.1.p1, CrChr5.3203"
M9H77_04822,CrChr5.3204
M9H77_04823,CRO_T009910
M9H77_04824,"Cro001G.7099.1.p1, CrChr5.3206, CRO_T102373"
M9H77_04825,Cro001G.7097.1.p1
M9H77_04827,"CRO_T008865, Cro001G.7096.1.p1"
M9H77_04828,"CRO_T010391, Cro001G.7095.1.p1, CRO_T102379"
M9H77_04830,"Cro001G.7094.1.p1, Cro001G.7094.2.p1, Cro001G.7094.3.p1, Cro001G.7094.4.p1"
M9H77_04831,CRO_T010389
M9H77_04832,"CRO_T010392, Cro001G.7093.1.p1, CRO_T102382"
M9H77_04833,Cro001G.7092.1.p1
M9H77_04834,Cro001G.7090.1.p1
M9H77_04836,Cro001G.7091.1.p1
M9H77_04837,CRO_T029107
M9H77_04838,"CRO_T029108, CRO_T102389"
M9H77_04839,CRO_T024409
M9H77_04842,CRO_T024409
M9H77_04843,CRO_T030243
M9H77_04844,Cro001G.7086.1.p1
M9H77_04846,CRO_T029897
M9H77_04847,CRO_T029896
M9H77_04848,"CRO_T029895, CRO_T131086"
M9H77_04849,CRO_T029894
M9H77_04850,"CRO_T006395, CRO_T131090"
M9H77_04851,Cro001G.7088.1.p1
M9H77_04852,Cro001G.7085.1.p2
M9H77_04853,"Cro001G.7084.1.p1, CRO_T131094"
M9H77_04855,Cro001G.7083.1.p1
M9H77_04856,Cro001G.7079.2.p1
M9H77_04857,Cro001G.7082.1.p1
M9H77_04858,"CRO_T030929, Cro001G.7081.1.p1"
M9H77_04859,"CRO_T030930, CRO_T131099"
M9H77_04860,"CRO_T023459, Cro001G.7077.1.p1"
M9H77_04861,"CRO_T009623, Cro001G.7078.1.p1, Cro001G.7078.2.p1, Cro001G.7078.3.p1, Cro001G.7078.4.p1, Cro001G.7078.5.p1, Cro001G.7078.6.p1, CRO_T131101"
M9H77_04862,"CRO_T017686, Cro001G.7076.1.p1, CRO_T131102"
M9H77_04864,"CRO_T022662, CRO_T131106"
M9H77_04865,"Cro001G.7074.1.p1, CRO_T131107"
M9H77_04866,"CRO_T001750, CRO_T131108"
M9H77_04869,CRO_T028098
M9H77_04870,"CRO_T028096, CRO_T131112"
M9H77_04871,"CRO_T028099, CRO_T131113"
M9H77_04872,"CRO_T028100, Cro001G.7070.1.p1, CRO_T131114"
M9H77_04874,Cro001G.7069.1.p1
M9H77_04875,CRO_T004933
M9H77_04878,"CRO_T001308, Cro001G.7068.1.p1, CRO_T131119"
M9H77_04879,CRO_T000970
M9H77_04880,"Cro001G.7067.1.p1, CRO_T131122"
M9H77_04881,CRO_T000968
M9H77_04882,"CRO_T004067, CRO_T131125"
M9H77_04883,"CRO_T010021, Cro001G.7062.1.p1, CRO_T131127"
M9H77_04884,"CRO_T001771, Cro001G.7061.1.p1, CRO_T131128"
M9H77_04887,"CRO_T018126, CRO_T131129"
M9H77_04889,Cro001G.7060.2.p1
M9H77_04892,Cro001G.7058.3.p1
M9H77_04893,CRO_T131136
M9H77_04894,"CRO_T029618, Cro001G.7047.1.p2, Cro001G.7047.3.p2"
M9H77_04896,"CRO_T006880, Cro001G.7047.2.p1, Cro001G.7047.3.p3, CRO_T131139"
M9H77_04897,CRO_T027053
M9H77_04898,"CRO_T016877, Cro001G.7045.1.p1, CRO_T131140"
M9H77_04899,"CRO_T002487, CRO_T131141"
M9H77_04900,"CRO_T002486, Cro001G.7044.1.p1, CRO_T131142"
M9H77_04903,"CRO_T007378, Cro001G.7055.1.p1, Cro001G.7055.2.p1, CRO_T131145"
M9H77_04906,"CRO_T007376, Cro001G.7054.1.p1, CRO_T131147"
M9H77_04907,Cro001G.7053.1.p1
M9H77_04911,Cro001G.7051.1.p1
M9H77_04912,"CRO_T030780, CRO_T131155"
M9H77_04913,CRO_T015853
M9H77_04914,"CRO_T029790, CRO_T131158"
M9H77_04916,Cro001G.7043.1.p1
M9H77_04917,"CRO_T007599, CRO_T131161"
M9H77_04918,"CRO_T007596, CRO_T131162"
M9H77_04919,CRO_T007597
M9H77_04920,CRO_T007598
M9H77_04921,"CRO_T029757, CRO_T131167"
M9H77_04922,CRO_T016212
M9H77_04923,CRO_T016214
M9H77_04924,CRO_T016213
M9H77_04926,CRO_T012073
M9H77_04927,"CRO_T022243, CRO_T131171"
M9H77_04928,CRO_T022244
M9H77_04929,CRO_T022242
M9H77_04930,"CRO_T022245, CRO_T131172"
M9H77_04931,CRO_T009664
M9H77_04935,CRO_T024373
M9H77_04938,CRO_T031484
M9H77_04939,"CRO_T031485, CRO_T131180"
M9H77_04940,"CRO_T025274, CRO_T131182"
M9H77_04944,Cro001G.7033.4.p2
M9H77_04946,CRO_T011608
M9H77_04947,"CRO_T015753, CRO_T131188"
M9H77_04949,"CRO_T009733, Cro001G.7037.1.p1"
M9H77_04950,CRO_T009734
M9H77_04952,CRO_T020660
M9H77_04953,Cro001G.7036.1.p2
M9H77_04954,"Cro001G.7035.1.p1, Cro001G.7035.2.p1"
M9H77_04956,Cro001G.7034.1.p1
M9H77_04958,"CRO_T019530, Cro001G.7022.1.p1, CRO_T131197"
M9H77_04960,"CRO_T033043, Cro001G.7023.1.p2, Cro001G.7023.4.p2, Cro001G.7023.5.p2, CRO_T131201"
M9H77_04961,"Cro001G.7023.1.p3, Cro001G.7023.2.p2, Cro001G.7023.4.p3, Cro001G.7023.6.p2"
M9H77_04962,"Cro001G.7023.1.p1, Cro001G.7023.2.p1, Cro001G.7023.3.p1, Cro001G.7023.4.p1, Cro001G.7023.5.p1, Cro001G.7023.6.p1, CRO_T131202"
M9H77_04963,"CRO_T014358, CRO_T131203"
M9H77_04964,CRO_T013465
M9H77_04965,"CRO_T027854, CRO_T131205"
M9H77_04967,"CRO_T027850, Cro001G.7017.1.p1, CRO_T131207"
M9H77_04968,CRO_T027853
M9H77_04969,CRO_T027849
M9H77_04971,Cro001G.7016.1.p1
M9H77_04972,CRO_T021142
M9H77_04973,"Cro001G.7031.1.p1, CRO_T131213"
M9H77_04974,"Cro001G.7030.1.p1, Cro001G.7030.2.p1, Cro001G.7030.3.p1, Cro001G.7030.4.p1, Cro001G.7030.5.p1, Cro001G.7030.6.p1, CrChr5.3331, CRO_T131214"
M9H77_04975,"Cro001G.7029.1.p1, CRO_T131219"
M9H77_04976,"CRO_T010649, CRO_T131220"
M9H77_04977,"CRO_T010652, CRO_T131221"
M9H77_04979,"Cro001G.7025.2.p1, Cro001G.7025.5.p1, CRO_T131224"
M9H77_04980,"Cro001G.7024.1.p1, Cro001G.7024.3.p1, Cro001G.7024.5.p1, Cro001G.7024.6.p1"
M9H77_04982,"CRO_T027577, CRO_T131227"
M9H77_04984,CRO_T027579
M9H77_04985,"CRO_T027576, Cro001G.7027.1.p1, CrChr5.3344, CRO_T131229"
M9H77_04986,"Cro001G.7026.1.p1, CRO_T131230"
M9H77_04988,CRO_T131232
M9H77_04990,"CRO_T021234, Cro001G.7008.1.p1, CRO_T131234"
M9H77_04991,CRO_T002015
M9H77_04996,Cro001G.7005.1.p1
M9H77_04997,"CRO_T032009, Cro001G.7012.1.p1, CRO_T131241"
M9H77_04998,"CRO_T032010, CRO_T131242"
M9H77_05000,"Cro001G.7015.1.p1, Cro001G.7015.2.p1, CRO_T131243"
M9H77_05001,"CRO_T032008, Cro001G.7014.1.p1, CRO_T131244"
M9H77_05002,CRO_T032007
M9H77_05003,"CRO_T032006, CRO_T131246"
M9H77_05004,Cro001G.7013.1.p1
M9H77_05005,CRO_T131248
M9H77_05006,CRO_T131249
M9H77_05008,"CRO_T016708, Cro001G.7002.1.p1, CRO_T131253"
M9H77_05009,"Cro001G.7004.1.p1, CRO_T131254"
M9H77_05011,"CRO_T027596, Cro001G.6999.1.p1, CRO_T131256"
M9H77_05012,CRO_T005337
M9H77_05013,CRO_T005335
M9H77_05014,"CRO_T005336, Cro001G.7000.1.p1"
M9H77_05016,"CRO_T025029, Cro001G.7001.1.p1, CrChr5.3369, CRO_T131259"
M9H77_05017,"Cro001G.6998.1.p1, CRO_T131260"
M9H77_05018,CRO_T009530
M9H77_05019,CRO_T009531
M9H77_05022,"CRO_T010258, CRO_T131265"
M9H77_05024,"Cro001G.6997.1.p1, CRO_T131267"
M9H77_05026,"CRO_T031066, Cro001G.6995.1.p1, CRO_T131269"
M9H77_05029,CRO_T031061
M9H77_05031,"Cro001G.6970.1.p1, Cro001G.6970.2.p1, Cro001G.6970.3.p1"
M9H77_05032,"CRO_T015936, Cro001G.6969.1.p1, CRO_T131276"
M9H77_05037,Cro001G.6961.1.p1
M9H77_05038,"CRO_T017860, CRO_T131282"
M9H77_05041,"CRO_T027480, CRO_T131287"
M9H77_05043,"CrChr5.3393, CRO_T131290"
M9H77_05044,"Cro001G.6984.1.p1, CRO_T131291"
M9H77_05046,"CRO_T027889, Cro001G.6980.2.p1, CrChr5.3396, CRO_T131292"
M9H77_05051,Cro001G.6981.1.p1
M9H77_05053,CRO_T019827
M9H77_05055,Cro001G.6979.1.p1
M9H77_05056,"CRO_T022179, Cro001G.6978.1.p1, CRO_T127745"
M9H77_05057,"CRO_T022178, CRO_T127744"
M9H77_05061,"Cro001G.6954.1.p1, Cro001G.6954.2.p1, Cro001G.6954.3.p1, Cro001G.6954.4.p1, Cro001G.6955.1.p2"
M9H77_05062,"CRO_T029681, CRO_T127736"
M9H77_05065,CRO_T001043
M9H77_05066,CRO_T001042
M9H77_05067,"CRO_T018195, CRO_T127094"
M9H77_05068,CRO_T018193
M9H77_05069,CRO_T018196
M9H77_05071,"CRO_T025304, Cro001G.6948.1.p1, Cro001G.6948.2.p1, Cro001G.6948.3.p1, Cro001G.6948.4.p1, Cro001G.6948.5.p1, Cro001G.6948.6.p1, Cro001G.6948.7.p1, Cro001G.6948.8.p1, CRO_T127090"
M9H77_05073,"CRO_T019302, Cro001G.6946.1.p1, Cro001G.6946.2.p1, CRO_T124550"
M9H77_05078,"CRO_T017384, Cro001G.6944.1.p1, Cro001G.6944.3.p1, CRO_T124558"
M9H77_05079,CrChr5.3427
M9H77_05082,"CRO_T003010, Cro001G.6944.2.p1, Cro001G.6945.1.p1, CrChr5.3429, CRO_T121530, CRO_T140698"
M9H77_05084,CRO_T003030
M9H77_05087,CRO_T028713
M9H77_05098,"Cro001G.6936.1.p1, CrChr5.3435"
M9H77_05099,"CRO_T017561, CRO_T118724"
M9H77_05100,Cro001G.6927.1.p1
M9H77_05102,CRO_T118727
M9H77_05103,Cro001G.6925.1.p1
M9H77_05107,"CRO_T032018, CRO_T118732"
M9H77_05108,"CRO_T032020, CRO_T118734"
M9H77_05110,CRO_T032019
M9H77_05111,CRO_T023835
M9H77_05112,"CRO_T000239, Cro001G.6928.1.p2, Cro001G.6928.3.p3, Cro001G.6928.4.p3, Cro001G.6929.1.p3, Cro001G.6929.2.p3, Cro001G.6929.3.p2, CRO_T118739"
M9H77_05113,"Cro001G.6928.1.p1, CRO_T118740"
M9H77_05115,"CRO_T000241, Cro001G.6920.1.p1, CRO_T118742"
M9H77_05116,Cro001G.6919.1.p1
M9H77_05118,Cro001G.9348.1.p2
M9H77_05121,"Cro001G.6914.1.p1, CRO_T118746"
M9H77_05124,Cro001G.6913.1.p1
M9H77_05127,Cro001G.6910.1.p1
M9H77_05128,"Cro001G.6909.1.p1, CRO_T118752"
M9H77_05129,Cro001G.6908.1.p1
M9H77_05133,Cro001G.6906.1.p1
M9H77_05134,"CRO_T001644, Cro001G.6905.1.p1, Cro001G.6905.2.p1, Cro001G.6905.3.p1, Cro001G.6905.4.p1, CRO_T118757"
M9H77_05135,"Cro001G.6904.1.p1, CrChr5.3467"
M9H77_05136,Cro001G.6903.1.p1
M9H77_05137,Cro001G.6901.1.p1
M9H77_05138,Cro001G.6901.1.p1
M9H77_05139,"CRO_T001723, CRO_T121043"
M9H77_05140,"CRO_T001722, Cro001G.6899.1.p1, CrChr5.3472, CRO_T121044"
M9H77_05141,"CRO_T001721, Cro001G.6898.1.p1, CrChr5.3473, CRO_T121045"
M9H77_05142,"CRO_T025847, CRO_T121046"
M9H77_05144,"CRO_T026896, Cro001G.6897.1.p1, Cro001G.6897.2.p1, CrChr5.3476, CRO_T121051"
M9H77_05152,CrChr5.3487
M9H77_05155,"CRO_T030912, CrChr5.3488"
M9H77_05158,"Cro001G.6887.1.p1, CrChr5.3491"
M9H77_05159,"Cro001G.6890.1.p1, CrChr5.3492"
M9H77_05167,"Cro001G.6892.1.p1, Cro001G.6892.2.p1, CrChr5.3496"
M9H77_05169,Cro001G.6858.1.p1
M9H77_05170,Cro001G.6859.14.p1
M9H77_05171,CrChr5.3500
M9H77_05172,"CRO_T026698, CrChr5.3501, CRO_T121083"
M9H77_05173,CrChr5.3502
M9H77_05174,CrChr5.3503
M9H77_05175,CrChr5.3504
M9H77_05177,Cro001G.6857.1.p1
M9H77_05178,"Cro001G.6886.1.p1, CrChr5.3506"
M9H77_05179,"Cro001G.6885.1.p1, Cro001G.6885.10.p1, Cro001G.6885.12.p1, Cro001G.6885.4.p1, CrChr5.3507"
M9H77_05180,"Cro001G.6884.1.p1, Cro001G.6884.2.p1, Cro001G.6884.3.p1, Cro001G.6884.4.p2, Cro001G.6884.5.p1, CrChr5.3508"
M9H77_05181,"CRO_T032830, CRO_T121091"
M9H77_05182,"CRO_T032832, CRO_T121093"
M9H77_05183,"CRO_T032831, Cro001G.6882.1.p1, CrChr5.3510, CRO_T121094"
M9H77_05184,CrChr5.3511
M9H77_05187,"CRO_T017421, Cro001G.6879.1.p1, CrChr5.3513"
M9H77_05188,"CRO_T019836, Cro001G.6877.1.p1, Cro001G.6877.2.p1, Cro001G.6877.3.p1, Cro001G.6877.4.p1, CrChr5.3514, CRO_T121098"
M9H77_05189,CrChr5.3515
M9H77_05195,"Cro001G.6873.1.p1, CrChr5.3524, CRO_T121103"
M9H77_05196,"CRO_T006678, Cro001G.6871.3.p2"
M9H77_05199,"Cro001G.6869.1.p1, Cro001G.6869.2.p1, CrChr5.3529"
M9H77_05200,CRO_T021612
M9H77_05202,CrChr5.3534
M9H77_05205,"Cro001G.6864.1.p1, CrChr5.3537"
M9H77_05207,"CRO_T029713, CrChr5.3538"
M9H77_05208,CrChr5.3539
M9H77_05210,CrChr5.3542
M9H77_05213,Cro001G.6853.1.p1
M9H77_05214,CRO_T121124
M9H77_05221,"CRO_T014152, Cro001G.6843.1.p1, CrChr5.3556, CRO_T121131"
M9H77_05222,"Cro001G.6841.1.p1, CrChr5.3557"
M9H77_05223,"Cro001G.6840.1.p1, Cro001G.6840.2.p1, Cro001G.6840.3.p1, Cro001G.6840.4.p1, CRO_T121133"
M9H77_05227,"Cro001G.6836.1.p1, Cro001G.6836.2.p1, CrChr5.3561"
M9H77_05228,"CRO_T020704, Cro001G.6835.1.p1, CrChr5.3562, CRO_T121137"
M9H77_05229,"Cro001G.6834.1.p1, CrChr5.3563, CRO_T121138"
M9H77_05231,"CRO_T018852, Cro001G.6831.1.p1, CrChr5.3565"
M9H77_05232,"CRO_T018854, Cro001G.6830.1.p1, CrChr5.3566, CRO_T121142"
M9H77_05233,"Cro001G.6832.1.p1, Cro001G.6832.2.p1, CrChr5.3568, CRO_T121144"
M9H77_05234,"CRO_T029517, CRO_T121145"
M9H77_05235,CRO_T121146
M9H77_05237,"CRO_T003055, Cro001G.6828.1.p1, CRO_T121148"
M9H77_05239,"Cro001G.6825.1.p1, CrChr5.3574"
M9H77_05242,Cro001G.6820.1.p1
M9H77_05244,Cro001G.6822.6.p1
M9H77_05247,CRO_T025926
M9H77_05248,CRO_T030631
M9H77_05249,CRO_T030628
M9H77_05250,"CRO_T030627, Cro001G.6818.1.p1, CrChr5.3583, CRO_T121161"
M9H77_05251,Cro001G.6814.1.p1
M9H77_05252,"Cro001G.6817.1.p1, Cro001G.6817.2.p1"
M9H77_05257,"CRO_T021868, CRO_T121169"
M9H77_05258,Cro001G.6807.1.p1
M9H77_05259,"CRO_T031626, CRO_T121171"
M9H77_05260,"Cro001G.6806.1.p1, CrChr5.3596"
M9H77_05262,"CRO_T031631, Cro001G.6798.1.p1, CRO_T121174"
M9H77_05265,Cro001G.6797.1.p1
M9H77_05266,"Cro001G.6801.1.p1, Cro001G.6801.3.p1"
M9H77_05268,"Cro001G.6796.1.p3, CrChr5.3605"
M9H77_05278,"CRO_T002433, Cro001G.6789.1.p1"
M9H77_05287,Cro001G.6782.1.p1
M9H77_05291,"CRO_T026753, CRO_T121203"
M9H77_05294,Cro001G.6774.3.p1
M9H77_05296,"Cro001G.6773.1.p1, Cro001G.6773.2.p1, CRO_T121209"
M9H77_05299,"Cro001G.6769.1.p1, CRO_T121212"
M9H77_05300,Cro001G.6768.1.p1
M9H77_05301,"CRO_T002254, CRO_T121214"
M9H77_05305,Cro001G.6742.1.p1
M9H77_05309,Cro001G.6766.1.p1
M9H77_05310,"CRO_T025375, Cro001G.6765.1.p1, CRO_T121223"
M9H77_05311,Cro001G.6763.1.p1
M9H77_05313,Cro001G.6739.1.p1
M9H77_05314,"CRO_T005597, Cro001G.6738.1.p2, Cro001G.6738.2.p2, Cro001G.6738.3.p2, CRO_T121229"
M9H77_05317,CrChr5.3656
M9H77_05318,CRO_T005594
M9H77_05319,"CRO_T009041, CRO_T121234"
M9H77_05320,"CRO_T009043, Cro001G.6734.1.p1"
M9H77_05321,Cro001G.6733.1.p1
M9H77_05325,"CRO_T029096, Cro001G.6730.1.p1, CRO_T121240"
M9H77_05327,CrChr5.3667
M9H77_05332,"CRO_T014558, Cro001G.12131.1.p1, Cro001G.20390.1.p1, Cro001G.6757.1.p2, Cro001G.6757.2.p2, CrChr5.3672, CRO_T106952"
M9H77_05334,CrChr5.3674
M9H77_05335,"Cro001G.18502.1.p1, Cro001G.6753.2.p1, CrChr5.3675, CRO_T121249"
M9H77_05339,CRO_T013913
M9H77_05341,CRO_T121256
M9H77_05343,Cro001G.6752.1.p1
M9H77_05345,"CRO_T016363, Cro001G.6751.1.p1"
M9H77_05346,Cro001G.6750.1.p1
M9H77_05347,"Cro001G.6749.1.p1, Cro001G.6749.2.p1"
M9H77_05349,Cro001G.6747.1.p1
M9H77_05350,Cro001G.6746.1.p1
M9H77_05351,"CRO_T010448, Cro001G.6745.2.p1, CRO_T121265"
M9H77_05352,"CRO_T003732, Cro001G.6724.1.p1, CRO_T121266"
M9H77_05354,CRO_T121268
M9H77_05355,"CRO_T032692, CRO_T121269"
M9H77_05356,Cro001G.6723.1.p1
M9H77_05357,"Cro001G.6722.1.p1, CrChr5.3695"
M9H77_05358,"Cro001G.6721.1.p1, CRO_T121271"
M9H77_05359,"CRO_T032688, Cro001G.6715.1.p1, CRO_T121272"
M9H77_05360,Cro001G.6719.1.p1
M9H77_05361,CRO_T032690
M9H77_05362,"CRO_T032694, CrChr5.3699, CRO_T121274"
M9H77_05363,"CRO_T032695, CRO_T121275"
M9H77_05364,"CRO_T032691, CRO_T121276"
M9H77_05365,Cro001G.6712.1.p1
M9H77_05367,CRO_T026383
M9H77_05368,"Cro001G.6709.1.p1, Cro001G.6709.2.p1, CRO_T121281"
M9H77_05369,"CRO_T026382, Cro001G.6705.1.p1, CRO_T121282"
M9H77_05370,"CRO_T026376, Cro001G.6704.1.p1, CRO_T121283"
M9H77_05371,Cro001G.6707.1.p1
M9H77_05372,"CRO_T026381, CRO_T121286"
M9H77_05373,"CRO_T026373, Cro001G.6676.1.p1"
M9H77_05374,"CRO_T026372, Cro001G.6676.1.p2, Cro001G.6676.2.p1, Cro001G.6676.3.p1, Cro001G.6676.4.p2"
M9H77_05375,Cro001G.6673.1.p1
M9H77_05376,"Cro001G.6674.1.p1, CrChr5.3715"
M9H77_05377,"Cro001G.6672.1.p1, CRO_T121291"
M9H77_05378,"CRO_T022402, Cro001G.6671.1.p3, Cro001G.6671.2.p1, CRO_T121292"
M9H77_05379,"CRO_T022406, Cro001G.6671.1.p1, CRO_T121293"
M9H77_05380,"CRO_T022401, Cro001G.6662.1.p1, Cro001G.6662.2.p2, CRO_T121294"
M9H77_05383,"CRO_T022398, Cro001G.6669.1.p1, CRO_T121297"
M9H77_05384,"CRO_T022405, Cro001G.6668.1.p1, CRO_T121298"
M9H77_05385,"CRO_T022397, Cro001G.6667.1.p1"
M9H77_05386,"CRO_T022396, Cro001G.6666.1.p1, CRO_T121300"
M9H77_05387,Cro001G.6665.1.p1
M9H77_05388,Cro001G.6664.1.p1
M9H77_05389,"CRO_T022394, CRO_T121303"
M9H77_05390,"CRO_T022393, Cro001G.6663.1.p1, CRO_T121304"
M9H77_05392,"CRO_T022392, CRO_T121306"
M9H77_05393,"CRO_T022403, CRO_T121307"
M9H77_05394,CRO_T022391
M9H77_05395,"CRO_T022390, CRO_T121309"
M9H77_05396,"CRO_T011264, CRO_T121311"
M9H77_05397,"CRO_T011261, Cro001G.6700.1.p1"
M9H77_05398,"CRO_T011260, Cro001G.6699.1.p1, CRO_T121312"
M9H77_05399,CRO_T011259
M9H77_05400,Cro001G.6698.2.p1
M9H77_05401,"CRO_T011262, CRO_T121315"
M9H77_05402,Cro001G.6692.3.p1
M9H77_05406,"CRO_T004283, Cro001G.6691.1.p1, CRO_T121320"
M9H77_05407,Cro001G.6690.1.p1
M9H77_05408,"Cro001G.6689.1.p1, CrChr5.3743"
M9H77_05409,"Cro001G.6688.1.p1, CRO_T121323"
M9H77_05410,Cro001G.6687.1.p1
M9H77_05412,"Cro001G.6684.1.p1, CrChr5.3748"
M9H77_05413,CrChr5.3749
M9H77_05414,"CRO_T009077, CrChr5.3750, CRO_T121328"
M9H77_05416,CRO_T031736
M9H77_05417,"CRO_T032079, Cro001G.6658.1.p1, CrChr5.3754, CRO_T121333"
M9H77_05418,"Cro001G.6659.1.p1, CrChr5.3755"
M9H77_05419,"CRO_T032074, Cro001G.6655.1.p1, CrChr5.3757, CRO_T121335"
M9H77_05420,"Cro001G.6657.1.p1, CrChr5.3758"
M9H77_05421,"Cro001G.6656.1.p1, CrChr5.3759"
M9H77_05423,Cro001G.6652.1.p1
M9H77_05424,CrChr5.3763
M9H77_05425,"Cro001G.6630.1.p1, CrChr5.3764"
M9H77_05426,"CRO_T032081, Cro001G.6628.1.p1, CrChr5.3765, CRO_T121343"
M9H77_05427,"CRO_T032080, CRO_T121344"
M9H77_05428,"CRO_T014620, Cro001G.6631.1.p2, Cro001G.6631.11.p1, Cro001G.6631.15.p2, Cro001G.6631.18.p2, Cro001G.6631.2.p1, Cro001G.6631.21.p1, Cro001G.6631.22.p1, Cro001G.6631.3.p2, Cro001G.6631.4.p1, Cro001G.6631.7.p1, Cro001G.6631.9.p2, CrChr5.3767"
M9H77_05429,"Cro001G.6624.1.p1, CrChr5.3770"
M9H77_05430,CRO_T024960
M9H77_05431,CRO_T011169
M9H77_05432,"CRO_T011168, Cro001G.6621.2.p1, CRO_T121352"
M9H77_05433,CRO_T002466
M9H77_05434,"Cro001G.6620.1.p1, CrChr5.3775"
M9H77_05435,Cro001G.6619.1.p1
M9H77_05436,CrChr5.3777
M9H77_05437,"CrChr5.3778, CRO_T121356"
M9H77_05438,"Cro001G.6649.1.p2, Cro001G.6649.3.p2"
M9H77_05439,"CRO_T023413, CRO_T121358"
M9H77_05440,"CRO_T008406, Cro001G.6649.1.p1, Cro001G.6649.2.p1, Cro001G.6649.3.p1, Cro001G.6649.4.p1, Cro001G.6649.5.p1"
M9H77_05441,"CRO_T008407, Cro001G.6648.2.p1, CrChr5.3780, CRO_T121360"
M9H77_05442,CRO_T008405
M9H77_05443,"CRO_T027133, CRO_T121362"
M9H77_05444,"CRO_T027127, CrChr5.3783, CRO_T121363"
M9H77_05445,"CRO_T027128, Cro001G.6646.1.p1, CrChr5.3784, CRO_T121364"
M9H77_05446,"CRO_T027129, CrChr5.3785, CRO_T121365"
M9H77_05447,"Cro001G.6645.1.p1, CrChr5.3786, CRO_T121366"
M9H77_05448,"CRO_T027130, Cro001G.6644.1.p1, CrChr5.3787, CRO_T121367"
M9H77_05449,"CRO_T027131, CrChr5.3788, CRO_T121368"
M9H77_05450,"Cro001G.6643.2.p1, CrChr5.3789"
M9H77_05451,Cro001G.6642.1.p1
M9H77_05453,"CRO_T006077, Cro001G.6640.1.p1, CrChr5.3791, CRO_T121371"
M9H77_05454,"CRO_T006078, Cro001G.6638.1.p1, CrChr5.3792, CRO_T121372"
M9H77_05455,"CRO_T006080, CrChr5.3793, CRO_T121373"
M9H77_05456,"Cro001G.6637.1.p1, CrChr5.3794, CRO_T121374"
M9H77_05457,"CRO_T018401, Cro001G.6636.1.p1, Cro001G.6636.2.p1, Cro001G.6636.4.p1, CrChr5.3795"
M9H77_05458,"CRO_T017535, Cro001G.6635.1.p1, CrChr5.3796, CRO_T121377"
M9H77_05459,"CRO_T017536, Cro001G.6634.1.p1, CrChr5.3797, CRO_T121378"
M9H77_05460,"CRO_T017534, Cro001G.6592.1.p1, CrChr5.3798, CRO_T121379"
M9H77_05464,"Cro001G.6590.1.p1, CrChr5.3803, CRO_T121383"
M9H77_05465,"Cro001G.6589.1.p2, Cro001G.6589.2.p2, Cro001G.6589.3.p1"
M9H77_05470,"CRO_T031388, Cro001G.6576.1.p1"
M9H77_05472,Cro001G.6573.1.p1
M9H77_05476,"CRO_T000910, CRO_T121390"
M9H77_05477,CRO_T000909
M9H77_05478,"CRO_T000908, CRO_T121391"
M9H77_05480,"CRO_T025193, CrChr5.3809, CRO_T121393"
M9H77_05481,CrChr5.3810
M9H77_05484,CrChr5.3812
M9H77_05485,CrChr5.3813
M9H77_05493,CrChr5.3818
M9H77_05497,"Cro001G.6568.1.p1, Cro001G.6568.2.p1, CRO_T121405"
M9H77_05503,"CRO_T015187, CRO_T121413"
M9H77_05504,CRO_T121414
M9H77_05505,Cro001G.6616.1.p1
M9H77_05506,"Cro001G.6615.1.p1, CRO_T121416"
M9H77_05507,CRO_T026213
M9H77_05508,"CRO_T016814, Cro001G.6614.1.p1, Cro001G.6614.10.p1, Cro001G.6614.11.p1, Cro001G.6614.12.p1, Cro001G.6614.13.p1, Cro001G.6614.14.p1, Cro001G.6614.15.p1, Cro001G.6614.2.p1, Cro001G.6614.3.p1, Cro001G.6614.5.p1, Cro001G.6614.6.p1, Cro001G.6614.7.p1, Cro001G.6614.8.p1"
M9H77_05509,CRO_T003662
M9H77_05510,"CRO_T016814, Cro001G.6614.1.p1, Cro001G.6614.10.p1, Cro001G.6614.11.p1, Cro001G.6614.12.p1, Cro001G.6614.13.p1, Cro001G.6614.14.p1, Cro001G.6614.15.p1, Cro001G.6614.2.p1, Cro001G.6614.3.p1, Cro001G.6614.5.p1, Cro001G.6614.6.p1, Cro001G.6614.7.p1, Cro001G.6614.8.p1"
M9H77_05511,Cro001G.6613.1.p1
M9H77_05512,"CRO_T016812, CRO_T121421"
M9H77_05513,Cro001G.6612.1.p1
M9H77_05515,"CRO_T016810, Cro001G.6609.1.p2"
M9H77_05517,"Cro001G.6608.1.p1, CRO_T121427"
M9H77_05518,Cro001G.6607.1.p1
M9H77_05519,Cro001G.6606.1.p1
M9H77_05520,"Cro001G.6605.1.p1, CRO_T121430"
M9H77_05522,"Cro001G.6604.1.p1, Cro001G.6604.2.p1"
M9H77_05523,"CRO_T030084, CRO_T121433"
M9H77_05524,Cro001G.6603.1.p1
M9H77_05525,Cro001G.6602.1.p1
M9H77_05526,Cro001G.6601.1.p1
M9H77_05527,"CRO_T032034, Cro001G.6600.1.p1, CrChr5.3851, CRO_T121437"
M9H77_05528,"Cro001G.6597.1.p1, Cro001G.6597.2.p1, Cro001G.6597.3.p1"
M9H77_05530,CRO_T032038
M9H77_05532,CRO_T028308
M9H77_05533,CRO_T028309
M9H77_05534,"CRO_T028310, Cro001G.6596.2.p1"
M9H77_05535,Cro001G.6596.1.p1
M9H77_05536,"CRO_T028313, Cro001G.6595.1.p1, CRO_T121447"
M9H77_05537,"CRO_T028314, Cro001G.6594.1.p1, CrChr5.3865, CRO_T121449"
M9H77_05538,CRO_T028315
M9H77_05539,CRO_T028316
M9H77_05540,CRO_T028317
M9H77_05541,CRO_T028318
M9H77_05542,"CRO_T028319, Cro001G.6562.1.p1, CRO_T121455"
M9H77_05544,Cro001G.6563.2.p1
M9H77_05545,"CRO_T025215, Cro001G.6559.1.p1, Cro001G.6559.2.p1, CRO_T121459"
M9H77_05546,"CRO_T025208, Cro001G.6558.1.p1, CRO_T121460"
M9H77_05548,"CRO_T025213, CrChr5.3877, CRO_T121462"
M9H77_05555,Cro001G.6552.2.p1
M9H77_05563,"CRO_T024108, Cro001G.6546.1.p1, CrChr5.3897"
M9H77_05564,"CRO_T024109, Cro001G.6545.1.p1, CRO_T121478"
M9H77_05565,"CRO_T024111, Cro001G.6544.1.p1, CRO_T121479"
M9H77_05567,"CRO_T024110, Cro001G.6543.1.p1, Cro001G.6543.2.p1, CRO_T121481"
M9H77_05570,"CRO_T024113, Cro001G.6538.1.p1, CRO_T121484"
M9H77_05571,"CRO_T024114, CRO_T121485"
M9H77_05572,"CRO_T024115, Cro001G.6537.1.p1, Cro001G.9926.1.p1, Cro001G.9926.2.p1, CRO_T121487"
M9H77_05573,CRO_T024117
M9H77_05574,"CRO_T017704, Cro001G.6535.1.p1, Cro001G.9917.1.p1, CRO_T121489"
M9H77_05575,"Cro001G.6531.1.p1, CRO_T121490"
M9H77_05576,"Cro001G.6534.2.p1, Cro001G.9925.1.p1"
M9H77_05577,"Cro001G.6533.1.p1, Cro001G.9924.1.p1"
M9H77_05578,"CRO_T017708, Cro001G.9923.1.p1, CrChr5.3911"
M9H77_05590,"CRO_T009454, CrChr5.3924, CRO_T121501"
M9H77_05591,"CRO_T009455, Cro001G.9908.1.p1, CRO_T121502"
M9H77_05596,CrChr5.3930
M9H77_05597,Cro001G.9906.2.p1
M9H77_05598,CrChr5.3932
M9H77_05601,"CRO_T026658, Cro001G.9902.1.p1, CRO_T121511"
M9H77_05602,"CRO_T026653, Cro001G.9904.1.p1, CRO_T121512"
M9H77_05604,"CRO_T026651, Cro001G.9903.1.p1, CRO_T121514"
M9H77_05609,CrChr5.3943
M9H77_05612,CrChr5.3946
M9H77_05619,CRO_T003312
M9H77_05620,Cro001G.9890.8.p1
M9H77_05621,Cro001G.9890.1.p1
M9H77_05624,"CRO_T013503, Cro001G.9881.1.p1, CRO_T123340"
M9H77_05627,Cro001G.9877.1.p1
M9H77_05630,"CRO_T022272, Cro001G.9876.1.p1, Cro001G.9876.2.p1, CRO_T123345"
M9H77_05635,"CRO_T022277, CRO_T123350"
M9H77_05639,CRO_T119619
M9H77_05640,"Cro001G.9868.1.p1, Cro001G.9868.2.p1, Cro001G.9868.3.p1, Cro001G.9868.4.p1, Cro001G.9868.5.p1"
M9H77_05642,"CRO_T002056, Cro001G.9856.1.p1, CRO_T119624"
M9H77_05643,"Cro001G.9854.1.p1, CRO_T119625"
M9H77_05649,CrChr5.3983
M9H77_05652,"CRO_T023776, Cro001G.9833.1.p1, CRO_T119637"
M9H77_05654,CRO_T023777
M9H77_05655,"CRO_T023775, CRO_T119640"
M9H77_05656,"CRO_T023778, CRO_T119641"
M9H77_05657,"CRO_T005699, CRO_T118856"
M9H77_05658,"CRO_T005692, CRO_T118857"
M9H77_05660,CRO_T005696
M9H77_05661,"CRO_T005697, CRO_T118859"
M9H77_05662,"CRO_T005694, Cro001G.9825.1.p1, CRO_T118860"
M9H77_05663,CRO_T005693
M9H77_05664,"CRO_T005695, CRO_T118863"
M9H77_05665,"Cro001G.9846.1.p1, Cro001G.9846.2.p1"
M9H77_05666,"CRO_T013455, CrChr5.4008, CRO_T118866"
M9H77_05667,"Cro001G.9845.1.p1, CRO_T118867"
M9H77_05668,"CRO_T013453, Cro001G.9844.1.p1, CrChr5.4010, CRO_T118868"
M9H77_05669,CRO_T013457
M9H77_05670,Cro001G.9842.2.p1
M9H77_05671,"Cro001G.9841.1.p2, Cro001G.9841.3.p1"
M9H77_05672,Cro001G.9841.1.p1
M9H77_05673,"CRO_T015342, CRO_T118872"
M9H77_05674,CRO_T015341
M9H77_05676,"CRO_T015350, CRO_T118875"
M9H77_05677,"CRO_T015339, Cro001G.9822.1.p1, CRO_T118876"
M9H77_05678,"Cro001G.9820.1.p1, Cro001G.9820.2.p1, Cro001G.9820.3.p1"
M9H77_05680,Cro001G.9818.1.p1
M9H77_05681,"CRO_T015348, Cro001G.9814.1.p1, CRO_T118880"
M9H77_05682,"CRO_T015336, Cro001G.9812.1.p1, Cro001G.9812.2.p1, CRO_T118881"
M9H77_05683,Cro001G.9811.1.p1
M9H77_05684,"CRO_T015346, Cro001G.9817.1.p1, CrChr5.4025, CRO_T118883"
M9H77_05685,Cro001G.9816.1.p1
M9H77_05686,"CRO_T015345, CRO_T118886"
M9H77_05687,"CRO_T015344, CRO_T118887"
M9H77_05688,"CRO_T031142, Cro001G.9809.1.p1, CRO_T118888"
M9H77_05699,CrChr5.4040
M9H77_05713,"Cro001G.9785.1.p1, Cro001G.9785.2.p1, Cro001G.9785.3.p1, Cro001G.9785.4.p1, Cro001G.9786.1.p1, CRO_T125958"
M9H77_05736,"CRO_T010611, CrChr5.4068"
M9H77_05748,"CRO_T007649, Cro001G.9757.1.p1, CrChr5.4083"
M9H77_05751,"Cro001G.9754.1.p1, Cro001G.9754.2.p1, Cro001G.9754.3.p1, Cro001G.9754.4.p1, Cro001G.9754.5.p1, Cro001G.9754.6.p1, Cro001G.9754.7.p1, Cro001G.9754.8.p1"
M9H77_05767,"Cro001G.9732.1.p1, CrChr5.4106"
M9H77_05783,"Cro001G.12990.1.p1, CrChr5.4123"
M9H77_05784,"CRO_T025971, CRO_T121678"
